{"type":"FeatureCollection","features":[{"type":"Feature","properties":{"a":"act","b":"nsw"},"geometry":{"type":"LineString","coordinates":[[149.06238,-35.15911],[148.81013,-35.30745],[148.80967,-35.30811],[148.80796,-35.30979],[148.8078,-35.3104],[148.80734,-35.31094],[148.80532,-35.3147],[148.80373,-35.31677],[148.80347,-35.31806],[148.80284,-35.31982],[148.80107,-35.32177],[148.80208,-35.32434],[148.80229,-35.32562],[148.80171,-35.32917],[148.8004,-35.33048],[148.79851,-35.33209],[148.79765,-35.33383],[148.79527,-35.33649],[148.79437,-35.33816],[148.79355,-35.33912],[148.79549,-35.34193],[148.7969,-35.34639],[148.79873,-35.34815],[148.7993,-35.35037],[148.7994,-35.35339],[148.79924,-35.35429],[148.79868,-35.35566],[148.79769,-35.35682],[148.7967,-35.35841],[148.79955,-35.35897],[148.80079,-35.36028],[148.80074,-35.36168],[148.80149,-35.36261],[148.80328,-35.36319],[148.80491,-35.36469],[148.8057,-35.36516],[148.80573,-35.3661],[148.80443,-35.36835],[148.80423,-35.36938],[148.80429,-35.37033],[148.80393,-35.37231],[148.80391,-35.37404],[148.80417,-35.37522],[148.80406,-35.3762],[148.80458,-35.37769],[148.8053,-35.37891],[148.80692,-35.3793],[148.80786,-35.37993],[148.80863,-35.38066],[148.80866,-35.38245],[148.80606,-35.38406],[148.80479,-35.38511],[148.80476,-35.38701],[148.80361,-35.38882],[148.79941,-35.39024],[148.79672,-35.39172],[148.79569,-35.393],[148.79585,-35.39442],[148.79582,-35.39646],[148.79607,-35.39851],[148.79569,-35.40014],[148.79613,-35.40147],[148.79583,-35.40246],[148.79636,-35.40385],[148.79609,-35.40495],[148.79619,-35.40598],[148.79598,-35.40664],[148.79531,-35.4071],[148.79253,-35.40739],[148.78832,-35.40822],[148.78751,-35.40856],[148.78579,-35.40891],[148.78578,-35.41068],[148.78629,-35.41279],[148.78721,-35.41413],[148.78877,-35.41478],[148.79016,-35.41565],[148.78972,-35.41703],[148.78893,-35.41801],[148.78932,-35.41963],[148.78891,-35.42106],[148.78888,-35.42209],[148.78761,-35.4232],[148.78833,-35.42484],[148.78857,-35.42597],[148.78892,-35.4265],[148.78735,-35.42757],[148.78533,-35.43037],[148.78508,-35.43157],[148.7842,-35.43237],[148.78356,-35.43273],[148.78103,-35.43334],[148.78028,-35.43521],[148.77869,-35.43756],[148.77771,-35.44004],[148.77484,-35.44183],[148.77435,-35.44412],[148.7746,-35.44608],[148.77429,-35.44697],[148.77301,-35.4495],[148.77376,-35.45164],[148.77462,-35.45284],[148.77511,-35.45407],[148.77599,-35.45489],[148.77491,-35.45606],[148.77468,-35.45769],[148.77345,-35.45922],[148.77271,-35.46089],[148.77288,-35.46239],[148.77168,-35.46348],[148.77021,-35.46384],[148.76902,-35.46491],[148.76715,-35.46549],[148.76674,-35.46718],[148.76685,-35.47119],[148.76816,-35.47247],[148.76934,-35.47433],[148.77056,-35.47561],[148.77025,-35.47854],[148.77084,-35.48006],[148.77299,-35.48263],[148.77447,-35.48502],[148.77438,-35.48614],[148.77089,-35.48786],[148.76985,-35.48793],[148.76877,-35.48878],[148.76701,-35.48971],[148.76519,-35.4909],[148.76452,-35.49187],[148.76279,-35.4955],[148.76295,-35.49658],[148.76403,-35.49791],[148.76442,-35.49963],[148.76426,-35.5014],[148.76436,-35.50315],[148.76519,-35.50527],[148.76784,-35.50707],[148.76832,-35.50828],[148.76605,-35.5109],[148.76699,-35.51202],[148.76725,-35.51342],[148.7669,-35.51534],[148.7675,-35.52018],[148.76801,-35.52158],[148.76766,-35.52346],[148.76797,-35.52498],[148.76961,-35.52666],[148.77225,-35.52985],[148.7722,-35.53132],[148.77169,-35.53314],[148.77122,-35.53445],[148.77028,-35.53605],[148.77,-35.53699],[148.7698,-35.53814],[148.76993,-35.54035],[148.76984,-35.542],[148.76941,-35.54369],[148.77,-35.54558],[148.7714,-35.54735],[148.77324,-35.54888],[148.77523,-35.55315],[148.77542,-35.55448],[148.77612,-35.55507],[148.77739,-35.55712],[148.77795,-35.55852],[148.77852,-35.56353],[148.77294,-35.5678],[148.77362,-35.56926],[148.77519,-35.57086],[148.77708,-35.5735],[148.78034,-35.57725],[148.78062,-35.57784],[148.78215,-35.57924],[148.7822,-35.5803],[148.78256,-35.58125],[148.78393,-35.58162],[148.78612,-35.58247],[148.78723,-35.5851],[148.7878,-35.58611],[148.78821,-35.5864],[148.78877,-35.58834],[148.78749,-35.59062],[148.78396,-35.59343],[148.78319,-35.59541],[148.78026,-35.59606],[148.77834,-35.59663],[148.77662,-35.59734],[148.77559,-35.59757],[148.77452,-35.598],[148.77362,-35.59856],[148.77331,-35.59949],[148.77253,-35.60034],[148.77216,-35.6014],[148.77096,-35.60206],[148.76905,-35.60275],[148.76843,-35.60331],[148.7689,-35.60426],[148.77062,-35.60633],[148.77163,-35.60815],[148.77267,-35.60944],[148.77626,-35.61166],[148.77818,-35.61343],[148.77906,-35.6148],[148.77959,-35.6162],[148.78039,-35.61762],[148.78034,-35.6183],[148.78062,-35.62034],[148.77949,-35.62262],[148.77962,-35.62374],[148.78043,-35.62499],[148.7807,-35.62599],[148.78236,-35.6262],[148.7831,-35.62739],[148.78344,-35.62851],[148.78296,-35.62987],[148.78171,-35.63083],[148.78038,-35.633],[148.77623,-35.63645],[148.77567,-35.63657],[148.77086,-35.64003],[148.77123,-35.64066],[148.77196,-35.64123],[148.77142,-35.64335],[148.77175,-35.64486],[148.77136,-35.64586],[148.77043,-35.64626],[148.76912,-35.64587],[148.7675,-35.64741],[148.76844,-35.64863],[148.76956,-35.64953],[148.77019,-35.64987],[148.77176,-35.64974],[148.77283,-35.65005],[148.77307,-35.65197],[148.7722,-35.65369],[148.77308,-35.65509],[148.7735,-35.6555],[148.77467,-35.65563],[148.77532,-35.65582],[148.77761,-35.65583],[148.77828,-35.65595],[148.78096,-35.65598],[148.78172,-35.65582],[148.78334,-35.65629],[148.78422,-35.65685],[148.78609,-35.65739],[148.78645,-35.65788],[148.78635,-35.65852],[148.787,-35.66044],[148.78759,-35.66059],[148.78979,-35.65976],[148.79055,-35.65932],[148.79168,-35.6601],[148.79382,-35.66209],[148.79483,-35.6635],[148.79642,-35.66424],[148.79634,-35.66483],[148.79738,-35.66593],[148.79845,-35.6666],[148.79852,-35.66698],[148.79753,-35.66877],[148.79717,-35.67168],[148.79729,-35.67245],[148.79801,-35.67412],[148.79808,-35.6754],[148.79839,-35.67615],[148.79798,-35.67839],[148.79753,-35.67919],[148.79767,-35.67966],[148.7975,-35.68043],[148.79657,-35.68266],[148.79568,-35.6836],[148.79548,-35.68414],[148.79325,-35.68679],[148.79291,-35.68803],[148.79237,-35.68933],[148.79138,-35.68965],[148.79117,-35.69084],[148.79153,-35.69174],[148.79117,-35.69221],[148.79115,-35.69274],[148.7914,-35.69332],[148.78963,-35.69587],[148.78936,-35.69649],[148.78873,-35.69718],[148.78844,-35.69781],[148.78928,-35.69961],[148.79012,-35.70103],[148.79062,-35.70236],[148.79111,-35.70287],[148.7911,-35.70343],[148.7928,-35.70459],[148.79332,-35.70513],[148.79321,-35.70574],[148.79616,-35.70794],[148.79653,-35.70881],[148.79628,-35.70935],[148.79805,-35.71028],[148.79898,-35.71047],[148.80014,-35.71144],[148.8018,-35.7121],[148.80314,-35.71332],[148.80415,-35.71402],[148.80527,-35.71401],[148.80731,-35.71555],[148.80856,-35.71722],[148.81039,-35.71804],[148.81151,-35.71825],[148.81193,-35.71906],[148.81277,-35.71975],[148.8142,-35.71987],[148.81602,-35.71948],[148.81728,-35.719],[148.81875,-35.71872],[148.82068,-35.71951],[148.8225,-35.72097],[148.82267,-35.72176],[148.8231,-35.7226],[148.82315,-35.72324],[148.82358,-35.72421],[148.82498,-35.72505],[148.82588,-35.72527],[148.82786,-35.72617],[148.82899,-35.7277],[148.82953,-35.73017],[148.83016,-35.73217],[148.83149,-35.73405],[148.8329,-35.735],[148.83313,-35.73647],[148.83411,-35.73831],[148.83472,-35.74053],[148.83531,-35.74114],[148.83579,-35.74192],[148.83717,-35.74315],[148.83863,-35.74424],[148.83972,-35.74552],[148.84096,-35.74659],[148.84292,-35.74767],[148.8447,-35.74909],[148.84605,-35.74953],[148.84708,-35.75053],[148.84888,-35.75108],[148.84958,-35.75094],[148.85101,-35.7513],[148.85342,-35.75105],[148.85404,-35.7512],[148.85608,-35.75355],[148.85493,-35.75927],[148.85567,-35.76096],[148.85752,-35.76146],[148.85966,-35.76065],[148.86132,-35.75905],[148.86244,-35.75752],[148.86108,-35.7542],[148.86073,-35.75285],[148.86142,-35.75018],[148.86271,-35.74943],[148.86393,-35.74799],[148.86493,-35.7435],[148.86487,-35.74238],[148.86677,-35.74064],[148.86745,-35.73869],[148.86675,-35.73713],[148.86406,-35.73387],[148.86582,-35.7316],[148.86724,-35.7319],[148.86861,-35.73105],[148.86868,-35.72991],[148.86945,-35.72909],[148.87045,-35.72763],[148.8716,-35.72557],[148.87225,-35.72321],[148.87249,-35.72143],[148.87408,-35.72019],[148.87771,-35.71496],[148.8782,-35.71539],[148.88057,-35.71587],[148.88379,-35.71723],[148.88501,-35.71793],[148.88671,-35.71924],[148.88727,-35.7206],[148.88819,-35.72191],[148.88937,-35.72279],[148.8906,-35.7248],[148.89231,-35.72842],[148.89247,-35.73047],[148.88838,-35.7337],[148.88805,-35.73574],[148.88807,-35.73706],[148.89036,-35.73948],[148.89091,-35.74068],[148.89176,-35.74424],[148.893,-35.7461],[148.8941,-35.75134],[148.89513,-35.75148],[148.89751,-35.75102],[148.89882,-35.7513],[148.9012,-35.7551],[148.90249,-35.75609],[148.9029,-35.75657],[148.90332,-35.75794],[148.90181,-35.76175],[148.9023,-35.76329],[148.90045,-35.76558],[148.90011,-35.76651],[148.89933,-35.76768],[148.89707,-35.76895],[148.89509,-35.77079],[148.89486,-35.77188],[148.89481,-35.77327],[148.89526,-35.77531],[148.89505,-35.77702],[148.8947,-35.77767],[148.8955,-35.77928],[148.89484,-35.78053],[148.89543,-35.78179],[148.89499,-35.78466],[148.89532,-35.78552],[148.89544,-35.78671],[148.89616,-35.78844],[148.89657,-35.79163],[148.89705,-35.79351],[148.89778,-35.79466],[148.89635,-35.79671],[148.89519,-35.79794],[148.89455,-35.79853],[148.89315,-35.79932],[148.89322,-35.80035],[148.89296,-35.80151],[148.89199,-35.80255],[148.89076,-35.80358],[148.89025,-35.80453],[148.88982,-35.80612],[148.88915,-35.80763],[148.88743,-35.80883],[148.88668,-35.81006],[148.88775,-35.81122],[148.88906,-35.81207],[148.89111,-35.81385],[148.89189,-35.81495],[148.89215,-35.81613],[148.89252,-35.81661],[148.89373,-35.81724],[148.89496,-35.81762],[148.89583,-35.81758],[148.8966,-35.81791],[148.89734,-35.82105],[148.8977,-35.82327],[148.89764,-35.8247],[148.89976,-35.82588],[148.90187,-35.82635],[148.90361,-35.8261],[148.90623,-35.82802],[148.90706,-35.82958],[148.9066,-35.83207],[148.90509,-35.83321],[148.90379,-35.83333],[148.90322,-35.83426],[148.90315,-35.83528],[148.90331,-35.83631],[148.90368,-35.8373],[148.90456,-35.83901],[148.90531,-35.83966],[148.90421,-35.84135],[148.90399,-35.84253],[148.90483,-35.84338],[148.9049,-35.84416],[148.90607,-35.84497],[148.9065,-35.84589],[148.90647,-35.84627],[148.90735,-35.84698],[148.90791,-35.84787],[148.90796,-35.84837],[148.90767,-35.84895],[148.90797,-35.8499],[148.90786,-35.85078],[148.90871,-35.85171],[148.90945,-35.85307],[148.91062,-35.85324],[148.9117,-35.85458],[148.91296,-35.85551],[148.91638,-35.85576],[148.92004,-35.85724],[148.92047,-35.85877],[148.91946,-35.85978],[148.91981,-35.86075],[148.92082,-35.86126],[148.92223,-35.86237],[148.92361,-35.86293],[148.92501,-35.86375],[148.92639,-35.865],[148.92656,-35.86579],[148.928,-35.86716],[148.92902,-35.86776],[148.93035,-35.86814],[148.93221,-35.87054],[148.93216,-35.8729],[148.9329,-35.87359],[148.93418,-35.87409],[148.93562,-35.87419],[148.93605,-35.87459],[148.93723,-35.87467],[148.94055,-35.8758],[148.94107,-35.87726],[148.94293,-35.87961],[148.94431,-35.88089],[148.94456,-35.88142],[148.94709,-35.88354],[148.94834,-35.88433],[148.94975,-35.88565],[148.95097,-35.88642],[148.95292,-35.88829],[148.95593,-35.88983],[148.95837,-35.89172],[148.9585,-35.893],[148.95954,-35.89428],[148.95918,-35.89541],[148.9616,-35.89672],[148.96217,-35.89668],[148.9663,-35.89718],[148.96636,-35.89679],[148.96776,-35.89401],[148.97085,-35.89284],[148.97296,-35.89238],[148.97566,-35.89218],[148.97724,-35.8924],[148.98165,-35.89374],[148.98367,-35.89387],[148.98433,-35.89406],[148.98691,-35.89539],[148.98797,-35.89564],[148.99082,-35.89588],[148.992,-35.8952],[148.99325,-35.89515],[148.99532,-35.89584],[148.99696,-35.89617],[148.99766,-35.89643],[148.99796,-35.8967],[148.9974,-35.90099],[148.99942,-35.90268],[149.00349,-35.9012],[149.00882,-35.90131],[149.01093,-35.90074],[149.0124,-35.89962],[149.01406,-35.90014],[149.01535,-35.90161],[149.01642,-35.90187],[149.01768,-35.90336],[149.02086,-35.90511],[149.02288,-35.90598],[149.02393,-35.90702],[149.02405,-35.90802],[149.02509,-35.91032],[149.0266,-35.91201],[149.02729,-35.91245],[149.02777,-35.91274],[149.02854,-35.91225],[149.02973,-35.91188],[149.03136,-35.91117],[149.03267,-35.91095],[149.03403,-35.91103],[149.03432,-35.9117],[149.03632,-35.91376],[149.03875,-35.91422],[149.03997,-35.91387],[149.04149,-35.9144],[149.04268,-35.91559],[149.04407,-35.91629],[149.04417,-35.91719],[149.0449,-35.9193],[149.04638,-35.92053],[149.04904,-35.92021],[149.04955,-35.91996],[149.04991,-35.91955],[149.05021,-35.91858],[149.05136,-35.9172],[149.05264,-35.91603],[149.05263,-35.91569],[149.05322,-35.91554],[149.05431,-35.91465],[149.05487,-35.91394],[149.05598,-35.91041],[149.05574,-35.9102],[149.05597,-35.90935],[149.05682,-35.90827],[149.05725,-35.90733],[149.05488,-35.90536],[149.0517,-35.90337],[149.05178,-35.9021],[149.0542,-35.89876],[149.05605,-35.89736],[149.05689,-35.89723],[149.05834,-35.89637],[149.0588,-35.89595],[149.05858,-35.89467],[149.06081,-35.89328],[149.06125,-35.89183],[149.06174,-35.89145],[149.06043,-35.88934],[149.06014,-35.88829],[149.06107,-35.88696],[149.06238,-35.88452],[149.06245,-35.88407],[149.06195,-35.88334],[149.06182,-35.88229],[149.06152,-35.88171],[149.06174,-35.88068],[149.06152,-35.88007],[149.06292,-35.87778],[149.06434,-35.87611],[149.06428,-35.87495],[149.0655,-35.87379],[149.06774,-35.87075],[149.07039,-35.86929],[149.07283,-35.86634],[149.07432,-35.86577],[149.07472,-35.86471],[149.0748,-35.86378],[149.07615,-35.86212],[149.07683,-35.86057],[149.07976,-35.85896],[149.08087,-35.85705],[149.08081,-35.85611],[149.08219,-35.85312],[149.08378,-35.85281],[149.08453,-35.85222],[149.0842,-35.8502],[149.08528,-35.84978],[149.08621,-35.8489],[149.08657,-35.8482],[149.08901,-35.84816],[149.09332,-35.84645],[149.09486,-35.84683],[149.09569,-35.84564],[149.09602,-35.84422],[149.09581,-35.84332],[149.09461,-35.8415],[149.09538,-35.83912],[149.09341,-35.83827],[149.09299,-35.83824],[149.09297,-35.83772],[149.09261,-35.83726],[149.09205,-35.83538],[149.09226,-35.83484],[149.09368,-35.83388],[149.09371,-35.83208],[149.09399,-35.83132],[149.09456,-35.83076],[149.09451,-35.82981],[149.09471,-35.82863],[149.09425,-35.82701],[149.09338,-35.8256],[149.09357,-35.82411],[149.09498,-35.822],[149.09451,-35.82121],[149.09541,-35.82011],[149.09605,-35.81974],[149.0958,-35.81826],[149.09592,-35.81759],[149.09734,-35.81738],[149.0988,-35.81688],[149.10043,-35.8153],[149.1006,-35.8147],[149.09957,-35.81189],[149.10027,-35.81136],[149.10048,-35.81002],[149.0996,-35.80963],[149.09826,-35.80794],[149.09884,-35.80746],[149.09967,-35.80723],[149.09955,-35.80668],[149.10112,-35.80506],[149.1015,-35.80365],[149.09983,-35.80327],[149.09984,-35.80177],[149.09899,-35.80116],[149.0984,-35.80053],[149.09711,-35.79968],[149.09676,-35.79818],[149.09706,-35.79685],[149.09777,-35.79597],[149.09871,-35.79522],[149.09946,-35.79509],[149.1002,-35.79406],[149.10045,-35.79306],[149.10053,-35.79139],[149.10015,-35.78972],[149.09755,-35.7882],[149.09612,-35.78722],[149.09348,-35.78723],[149.09336,-35.78639],[149.09301,-35.78568],[149.09289,-35.7849],[149.09333,-35.78389],[149.09314,-35.78319],[149.09473,-35.78137],[149.09506,-35.78063],[149.09577,-35.78019],[149.09627,-35.77882],[149.09737,-35.77744],[149.09632,-35.77628],[149.09588,-35.77601],[149.09485,-35.77582],[149.09293,-35.77445],[149.09163,-35.77395],[149.09307,-35.77146],[149.09327,-35.77078],[149.09271,-35.7687],[149.09223,-35.768],[149.09114,-35.76705],[149.09071,-35.76562],[149.09285,-35.76357],[149.0933,-35.76266],[149.09363,-35.76186],[149.09321,-35.76093],[149.09293,-35.75912],[149.09464,-35.7566],[149.0946,-35.75561],[149.0949,-35.75491],[149.09494,-35.75431],[149.0956,-35.75332],[149.0964,-35.75282],[149.09622,-35.75208],[149.09506,-35.7504],[149.09564,-35.74985],[149.09698,-35.74737],[149.09562,-35.74599],[149.09623,-35.74365],[149.0969,-35.74269],[149.09779,-35.74172],[149.09807,-35.74052],[149.09842,-35.73967],[149.09906,-35.73925],[149.09903,-35.73883],[149.10069,-35.7363],[149.10077,-35.73553],[149.10059,-35.73488],[149.10059,-35.73346],[149.09904,-35.73061],[149.0991,-35.72929],[149.10012,-35.72835],[149.10281,-35.7267],[149.10367,-35.72604],[149.1041,-35.72498],[149.10413,-35.72412],[149.10389,-35.72329],[149.10241,-35.72176],[149.10241,-35.72089],[149.10166,-35.71987],[149.10068,-35.71902],[149.10007,-35.71694],[149.09937,-35.71613],[149.09935,-35.71466],[149.09978,-35.71443],[149.10111,-35.71287],[149.10098,-35.71256],[149.10127,-35.71218],[149.1016,-35.71045],[149.10161,-35.7094],[149.10192,-35.7088],[149.10197,-35.70778],[149.10225,-35.70724],[149.10274,-35.70656],[149.10343,-35.70598],[149.10413,-35.70493],[149.10545,-35.70389],[149.10629,-35.7034],[149.10748,-35.70231],[149.10788,-35.7012],[149.10783,-35.70053],[149.10863,-35.69953],[149.10942,-35.69659],[149.1085,-35.69555],[149.10788,-35.69403],[149.10667,-35.6929],[149.10593,-35.69115],[149.10418,-35.69108],[149.10376,-35.69072],[149.1038,-35.68977],[149.10438,-35.68906],[149.10484,-35.68734],[149.10477,-35.68638],[149.10438,-35.68487],[149.1029,-35.68482],[149.10206,-35.68456],[149.10145,-35.68414],[149.09942,-35.68388],[149.09589,-35.68038],[149.0953,-35.67928],[149.0955,-35.67805],[149.09496,-35.67682],[149.09608,-35.67586],[149.09657,-35.67453],[149.09712,-35.67417],[149.09727,-35.6736],[149.09661,-35.67282],[149.09667,-35.67213],[149.09594,-35.6692],[149.09596,-35.66859],[149.09573,-35.66805],[149.09569,-35.66699],[149.09597,-35.66542],[149.09662,-35.66461],[149.09667,-35.66317],[149.09585,-35.66193],[149.09589,-35.66144],[149.09622,-35.66036],[149.09785,-35.65876],[149.09854,-35.65721],[149.09836,-35.6568],[149.09761,-35.65595],[149.09604,-35.65434],[149.09539,-35.65302],[149.09543,-35.65255],[149.09681,-35.65175],[149.09711,-35.64872],[149.09748,-35.64729],[149.09613,-35.6456],[149.09632,-35.64413],[149.09563,-35.64033],[149.09358,-35.64006],[149.09242,-35.63972],[149.09066,-35.64002],[149.08904,-35.64106],[149.08827,-35.64073],[149.08756,-35.63965],[149.08766,-35.63791],[149.08745,-35.63669],[149.08724,-35.63637],[149.0865,-35.63588],[149.08859,-35.63409],[149.08815,-35.63356],[149.08726,-35.63028],[149.08777,-35.62905],[149.08774,-35.62812],[149.08787,-35.6279],[149.08593,-35.62537],[149.08513,-35.62288],[149.08419,-35.62168],[149.08521,-35.61958],[149.08476,-35.61765],[149.08495,-35.61677],[149.08453,-35.61464],[149.08257,-35.61364],[149.08193,-35.61179],[149.08125,-35.61125],[149.08122,-35.61049],[149.08042,-35.609],[149.07924,-35.60775],[149.0795,-35.60664],[149.07952,-35.60515],[149.08006,-35.60498],[149.07952,-35.60247],[149.07818,-35.59882],[149.07887,-35.59858],[149.07937,-35.59744],[149.07859,-35.59672],[149.07823,-35.59534],[149.07912,-35.59353],[149.07912,-35.59304],[149.07873,-35.59256],[149.07831,-35.58902],[149.078,-35.58801],[149.07815,-35.58642],[149.08292,-35.58459],[149.08461,-35.58081],[149.10915,-35.58409],[149.1089,-35.58538],[149.1092,-35.58632],[149.11011,-35.58707],[149.11045,-35.58713],[149.11109,-35.58676],[149.11247,-35.58519],[149.11389,-35.58538],[149.11625,-35.58634],[149.12356,-35.58739],[149.1236,-35.58721],[149.12562,-35.58749],[149.12519,-35.58956],[149.12647,-35.58973],[149.12604,-35.59185],[149.13006,-35.5924],[149.13035,-35.59098],[149.14268,-35.59279],[149.14144,-35.59055],[149.14067,-35.58861],[149.13889,-35.58255],[149.13585,-35.57126],[149.13475,-35.57118],[149.1347,-35.571],[149.13575,-35.5709],[149.1356,-35.57037],[149.13539,-35.57041],[149.13533,-35.57022],[149.13521,-35.56979],[149.13545,-35.56983],[149.13195,-35.5572],[149.13145,-35.55447],[149.13145,-35.5536],[149.13195,-35.55097],[149.13259,-35.54916],[149.13804,-35.53737],[149.13787,-35.53725],[149.13837,-35.53614],[149.13858,-35.53621],[149.15065,-35.50982],[149.15108,-35.5082],[149.15134,-35.50638],[149.15161,-35.4932],[149.15147,-35.49211],[149.15113,-35.49105],[149.14467,-35.47591],[149.14307,-35.47342],[149.14198,-35.47215],[149.13985,-35.47003],[149.1386,-35.46831],[149.13819,-35.46708],[149.13791,-35.46487],[149.13797,-35.46348],[149.13752,-35.4626],[149.13698,-35.46205],[149.13629,-35.46104],[149.13596,-35.46021],[149.13587,-35.45962],[149.13612,-35.4575],[149.13592,-35.45663],[149.13507,-35.45484],[149.13509,-35.45403],[149.13518,-35.45368],[149.13598,-35.4527],[149.13729,-35.45172],[149.13793,-35.45155],[149.14189,-35.45139],[149.14242,-35.45105],[149.14306,-35.45032],[149.14308,-35.44799],[149.14341,-35.44712],[149.14399,-35.4465],[149.14629,-35.44508],[149.14766,-35.44425],[149.14833,-35.44399],[149.14915,-35.44388],[149.15125,-35.44396],[149.15184,-35.44378],[149.15244,-35.44341],[149.15287,-35.44281],[149.15312,-35.4421],[149.15283,-35.4405],[149.153,-35.43951],[149.1535,-35.43866],[149.15473,-35.43732],[149.15502,-35.43668],[149.15509,-35.43599],[149.15489,-35.43512],[149.1542,-35.43422],[149.15345,-35.43374],[149.15235,-35.43342],[149.14889,-35.43355],[149.1454,-35.43318],[149.14442,-35.43335],[149.14326,-35.43398],[149.14336,-35.4341],[149.14175,-35.4343],[149.14059,-35.43411],[149.14005,-35.43383],[149.14034,-35.4339],[149.14036,-35.43379],[149.13961,-35.43327],[149.13907,-35.43253],[149.13819,-35.4299],[149.13822,-35.4291],[149.13846,-35.4285],[149.13907,-35.42788],[149.14293,-35.42551],[149.14336,-35.42487],[149.14375,-35.42468],[149.14407,-35.42424],[149.1445,-35.42314],[149.1457,-35.41686],[149.1463,-35.41547],[149.14719,-35.41422],[149.14884,-35.41279],[149.15469,-35.40929],[149.15732,-35.40717],[149.1762,-35.38719],[149.17636,-35.38661],[149.17799,-35.38489],[149.17864,-35.38461],[149.18439,-35.37834],[149.18426,-35.37819],[149.18454,-35.37783],[149.18472,-35.37793],[149.18693,-35.37487],[149.20445,-35.34776],[149.20562,-35.34646],[149.20725,-35.34547],[149.20716,-35.3453],[149.20738,-35.34526],[149.20745,-35.34538],[149.21788,-35.34157],[149.21919,-35.34128],[149.2208,-35.34136],[149.22157,-35.34124],[149.22437,-35.34177],[149.22485,-35.34169],[149.22614,-35.34193],[149.22654,-35.34219],[149.22871,-35.34261],[149.22944,-35.34292],[149.23053,-35.34272],[149.24139,-35.33674],[149.24307,-35.3357],[149.2445,-35.33436],[149.24612,-35.33178],[149.24684,-35.33111],[149.24755,-35.33067],[149.24836,-35.33034],[149.24931,-35.33013],[149.25168,-35.33025],[149.25474,-35.33012],[149.25505,-35.33021],[149.25531,-35.33051],[149.25657,-35.33139],[149.25858,-35.33197],[149.26092,-35.33119],[149.26164,-35.33117],[149.26249,-35.33132],[149.26308,-35.33158],[149.26405,-35.33225],[149.26494,-35.33262],[149.26635,-35.33358],[149.26718,-35.33442],[149.26837,-35.33507],[149.27148,-35.33521],[149.27391,-35.33599],[149.27575,-35.33583],[149.27656,-35.33592],[149.28034,-35.33775],[149.28172,-35.33808],[149.28301,-35.3381],[149.2846,-35.33772],[149.28833,-35.33565],[149.28899,-35.33544],[149.29017,-35.33472],[149.29015,-35.33481],[149.2921,-35.33378],[149.29405,-35.33325],[149.29542,-35.33317],[149.29541,-35.33308],[149.29363,-35.33232],[149.29366,-35.33213],[149.29563,-35.33296],[149.29564,-35.33316],[149.30021,-35.333],[149.30178,-35.33331],[149.30251,-35.33369],[149.3036,-35.33516],[149.30431,-35.33559],[149.30482,-35.33575],[149.31186,-35.33584],[149.31402,-35.33604],[149.31892,-35.33678],[149.31926,-35.33696],[149.32021,-35.33715],[149.3263,-35.33812],[149.32647,-35.33796],[149.32706,-35.33805],[149.32702,-35.33823],[149.33641,-35.33973],[149.33773,-35.34018],[149.33875,-35.34087],[149.3398,-35.34223],[149.34018,-35.34373],[149.34091,-35.34479],[149.34788,-35.35048],[149.34908,-35.35102],[149.35034,-35.35125],[149.35145,-35.35125],[149.35557,-35.35071],[149.35647,-35.35057],[149.35736,-35.35025],[149.35817,-35.34973],[149.35933,-35.34869],[149.3599,-35.34842],[149.36115,-35.34822],[149.36305,-35.34839],[149.36365,-35.34823],[149.36446,-35.34773],[149.36492,-35.3471],[149.36506,-35.3465],[149.3649,-35.34381],[149.36505,-35.34221],[149.36575,-35.34093],[149.36685,-35.34],[149.36799,-35.33952],[149.372,-35.33857],[149.37197,-35.33849],[149.3727,-35.33841],[149.37526,-35.33766],[149.38583,-35.3323],[149.38685,-35.33194],[149.38938,-35.33138],[149.39098,-35.33058],[149.39173,-35.32997],[149.39308,-35.32842],[149.394,-35.3276],[149.39804,-35.32525],[149.39718,-35.32425],[149.39742,-35.32336],[149.39813,-35.32195],[149.39816,-35.32061],[149.39929,-35.31909],[149.39801,-35.31858],[149.3972,-35.31731],[149.39714,-35.31597],[149.39669,-35.31418],[149.39714,-35.31354],[149.39728,-35.311],[149.39643,-35.30968],[149.3945,-35.30919],[149.39534,-35.30731],[149.39469,-35.30656],[149.39494,-35.30559],[149.39501,-35.30465],[149.39479,-35.30319],[149.39342,-35.30292],[149.39161,-35.30345],[149.38968,-35.3027],[149.38827,-35.30361],[149.38658,-35.30342],[149.38418,-35.30435],[149.3837,-35.30647],[149.3819,-35.30627],[149.38162,-35.30569],[149.37986,-35.30572],[149.3778,-35.30513],[149.37605,-35.30489],[149.37601,-35.30512],[149.37379,-35.30481],[149.37196,-35.30676],[149.36989,-35.30826],[149.36681,-35.30802],[149.36584,-35.30853],[149.3638,-35.30864],[149.36167,-35.30902],[149.35966,-35.30754],[149.36106,-35.30595],[149.36193,-35.30429],[149.36199,-35.30309],[149.36095,-35.3016],[149.35951,-35.30159],[149.35762,-35.30081],[149.35662,-35.3006],[149.35502,-35.29965],[149.35202,-35.29987],[149.35055,-35.29936],[149.35034,-35.29876],[149.35042,-35.29817],[149.35017,-35.29726],[149.35057,-35.29671],[149.35051,-35.29595],[149.3497,-35.2944],[149.34894,-35.29443],[149.34808,-35.29348],[149.34876,-35.29286],[149.34887,-35.29207],[149.34787,-35.29159],[149.34577,-35.29187],[149.34503,-35.29221],[149.34321,-35.29205],[149.34284,-35.29019],[149.34144,-35.28896],[149.3415,-35.2867],[149.33971,-35.2863],[149.3377,-35.28697],[149.33762,-35.28787],[149.33632,-35.28874],[149.33581,-35.28841],[149.33576,-35.28738],[149.33485,-35.28698],[149.33477,-35.2863],[149.33287,-35.28535],[149.3317,-35.28519],[149.33116,-35.28453],[149.33001,-35.28443],[149.32879,-35.28316],[149.32756,-35.2824],[149.32653,-35.28243],[149.32544,-35.28346],[149.32503,-35.28439],[149.32458,-35.28639],[149.32352,-35.28641],[149.32248,-35.28674],[149.32204,-35.28579],[149.32127,-35.28522],[149.32095,-35.28441],[149.32035,-35.28394],[149.31935,-35.28381],[149.31832,-35.28282],[149.31704,-35.28196],[149.31626,-35.28179],[149.31628,-35.28056],[149.31657,-35.27945],[149.31607,-35.27867],[149.3153,-35.27623],[149.31422,-35.27597],[149.31214,-35.27659],[149.3117,-35.27752],[149.30977,-35.27827],[149.30906,-35.27621],[149.30665,-35.27654],[149.30542,-35.27553],[149.30623,-35.2745],[149.30577,-35.27399],[149.30385,-35.27338],[149.30271,-35.27411],[149.30223,-35.2739],[149.3021,-35.27323],[149.30164,-35.27289],[149.30067,-35.27285],[149.29879,-35.27217],[149.29846,-35.27216],[149.29732,-35.27276],[149.29667,-35.27243],[149.2943,-35.27355],[149.29364,-35.27419],[149.29143,-35.27425],[149.28929,-35.2757],[149.28837,-35.27525],[149.28752,-35.27413],[149.28732,-35.27296],[149.28543,-35.27163],[149.28298,-35.27206],[149.28152,-35.27099],[149.28013,-35.27106],[149.27963,-35.27065],[149.27845,-35.27075],[149.27702,-35.27134],[149.27638,-35.27308],[149.27575,-35.2738],[149.27538,-35.27505],[149.27438,-35.27492],[149.27244,-35.27339],[149.27181,-35.27348],[149.27225,-35.27192],[149.27163,-35.27081],[149.27171,-35.27014],[149.27236,-35.26943],[149.27248,-35.26729],[149.27208,-35.26696],[149.27346,-35.2661],[149.27351,-35.26422],[149.27379,-35.26321],[149.27278,-35.26265],[149.27255,-35.26183],[149.27302,-35.26124],[149.27282,-35.26049],[149.27332,-35.25994],[149.27318,-35.25918],[149.27175,-35.25903],[149.27055,-35.25915],[149.2696,-35.25878],[149.2677,-35.25944],[149.26287,-35.25852],[149.26226,-35.2574],[149.26129,-35.25692],[149.26001,-35.25735],[149.25733,-35.2572],[149.25538,-35.25635],[149.25534,-35.25538],[149.2539,-35.25364],[149.25301,-35.25223],[149.25065,-35.25224],[149.24999,-35.25073],[149.24965,-35.24935],[149.25033,-35.24799],[149.24943,-35.24718],[149.24723,-35.24653],[149.2458,-35.24738],[149.24427,-35.24641],[149.24274,-35.24612],[149.24187,-35.24636],[149.24061,-35.24581],[149.23794,-35.24357],[149.2373,-35.2433],[149.23489,-35.24342],[149.23437,-35.24279],[149.23455,-35.24047],[149.23619,-35.23974],[149.23704,-35.23891],[149.23848,-35.23835],[149.23843,-35.23791],[149.24124,-35.23675],[149.24152,-35.23503],[149.24277,-35.23364],[149.24297,-35.23287],[149.24294,-35.23214],[149.24274,-35.23167],[149.24293,-35.23133],[149.24481,-35.23137],[149.24595,-35.23071],[149.24679,-35.22915],[149.24613,-35.22798],[149.24601,-35.22727],[149.24553,-35.22672],[149.24326,-35.22547],[149.24129,-35.22534],[149.24073,-35.22505],[149.2399,-35.22314],[149.2387,-35.22223],[149.23711,-35.22236],[149.23651,-35.22156],[149.23439,-35.221],[149.23172,-35.222],[149.22878,-35.22169],[149.22704,-35.21984],[149.2258,-35.21931],[149.22428,-35.21937],[149.22351,-35.21914],[149.21999,-35.22071],[149.216,-35.21975],[149.21378,-35.21961],[149.21305,-35.22028],[149.21195,-35.22212],[149.21084,-35.22513],[149.20976,-35.22649],[149.20499,-35.2291],[149.20428,-35.22669],[149.20328,-35.22615],[149.20246,-35.22463],[149.20503,-35.21986],[149.20561,-35.21744],[149.2061,-35.21627],[149.20756,-35.21605],[149.2087,-35.21306],[149.20852,-35.21151],[149.20719,-35.21185],[149.2059,-35.21157],[149.20423,-35.20895],[149.20067,-35.20636],[149.20072,-35.20495],[149.19852,-35.2029],[149.19777,-35.20254],[149.19634,-35.20236],[149.19239,-35.20253],[149.18954,-35.20332],[149.19022,-35.20074],[149.19019,-35.20013],[149.1915,-35.1985],[149.19133,-35.19708],[149.19029,-35.19435],[149.1907,-35.19405],[149.1922,-35.19364],[149.19639,-35.19094],[149.19637,-35.18845],[149.19686,-35.18746],[149.19684,-35.18605],[149.19704,-35.18537],[149.19546,-35.18455],[149.1943,-35.18287],[149.19292,-35.1814],[149.19296,-35.18094],[149.19227,-35.1799],[149.19142,-35.17925],[149.18845,-35.17825],[149.18588,-35.1779],[149.18433,-35.17695],[149.18364,-35.17567],[149.18498,-35.17343],[149.18498,-35.17295],[149.18755,-35.16998],[149.18907,-35.16552],[149.18561,-35.16112],[149.18374,-35.16099],[149.183,-35.16002],[149.1794,-35.15883],[149.17741,-35.15929],[149.17654,-35.15825],[149.17408,-35.15835],[149.17319,-35.15958],[149.17284,-35.15859],[149.17178,-35.1584],[149.17119,-35.1588],[149.17066,-35.15968],[149.16946,-35.16022],[149.16758,-35.15975],[149.16763,-35.15824],[149.16685,-35.15756],[149.16531,-35.15675],[149.16468,-35.15528],[149.16413,-35.15465],[149.16264,-35.15425],[149.16243,-35.15376],[149.16325,-35.15283],[149.16345,-35.1515],[149.16495,-35.15071],[149.16521,-35.15014],[149.16439,-35.14963],[149.16473,-35.14859],[149.16388,-35.14745],[149.16318,-35.14677],[149.16345,-35.14566],[149.1639,-35.14524],[149.16439,-35.14401],[149.16483,-35.14365],[149.16428,-35.1419],[149.16348,-35.14188],[149.16197,-35.14156],[149.16091,-35.14199],[149.15917,-35.1416],[149.15822,-35.14209],[149.15765,-35.14292],[149.15746,-35.14391],[149.15607,-35.14443],[149.1549,-35.14436],[149.154,-35.14373],[149.15266,-35.14375],[149.15224,-35.14438],[149.1508,-35.14443],[149.1502,-35.14509],[149.14896,-35.14503],[149.14847,-35.14476],[149.14779,-35.14486],[149.14673,-35.14455],[149.1465,-35.14383],[149.14725,-35.14288],[149.14929,-35.14182],[149.14977,-35.13938],[149.14961,-35.13841],[149.1483,-35.13713],[149.14757,-35.1372],[149.1459,-35.13599],[149.14602,-35.13516],[149.14488,-35.13443],[149.14356,-35.13536],[149.14146,-35.13527],[149.14072,-35.13581],[149.14017,-35.13494],[149.13883,-35.13479],[149.13884,-35.13249],[149.14013,-35.13039],[149.13875,-35.1289],[149.13899,-35.12798],[149.13708,-35.12726],[149.13205,-35.12852],[149.12983,-35.12711],[149.12893,-35.12749],[149.12824,-35.12636],[149.12706,-35.12618],[149.12719,-35.12562],[149.12645,-35.12532],[149.12281,-35.12486],[149.12095,-35.12442],[149.11808,-35.12653],[149.11691,-35.12611],[149.11624,-35.12648],[149.1155,-35.12625],[149.11339,-35.12754],[149.11265,-35.12771],[149.11112,-35.13019],[149.10985,-35.13068],[149.10968,-35.13111],[149.10672,-35.13102],[149.10414,-35.13213],[149.10313,-35.13318],[149.10257,-35.13522],[149.09786,-35.13674],[149.09632,-35.13802],[149.09315,-35.13874],[149.09192,-35.14144],[149.09134,-35.14208],[149.06238,-35.15911]]}},{"type":"Feature","properties":{"a":"nsw","b":"qld"},"geometry":{"type":"LineString","coordinates":[[153.55171,-28.16626],[153.55165,-28.16577],[153.55176,-28.1653],[153.55207,-28.16489],[153.55217,-28.16441],[153.54144,-28.169],[153.53951,-28.17207],[153.53675,-28.17489],[153.53515,-28.17684],[153.53465,-28.17764],[153.53406,-28.17692],[153.53114,-28.17574],[153.53116,-28.17524],[153.48585,-28.15704],[153.48499,-28.15761],[153.48302,-28.15804],[153.48258,-28.15832],[153.48151,-28.15824],[153.48127,-28.15771],[153.48059,-28.15739],[153.47876,-28.15749],[153.47744,-28.15693],[153.47695,-28.15689],[153.47497,-28.15802],[153.47461,-28.15957],[153.4737,-28.16002],[153.47372,-28.16069],[153.47248,-28.16175],[153.4708,-28.16163],[153.46845,-28.16243],[153.4667,-28.16445],[153.46601,-28.16565],[153.46571,-28.16592],[153.4649,-28.16757],[153.4631,-28.16952],[153.46298,-28.1698],[153.46208,-28.17084],[153.46167,-28.17105],[153.4609,-28.17223],[153.45852,-28.17501],[153.45915,-28.17816],[153.45756,-28.17945],[153.45705,-28.18052],[153.45525,-28.18122],[153.45262,-28.18104],[153.45016,-28.18186],[153.44792,-28.18348],[153.44584,-28.18425],[153.44451,-28.18398],[153.43889,-28.18626],[153.43766,-28.1864],[153.43576,-28.18717],[153.43129,-28.19092],[153.42895,-28.19354],[153.42863,-28.19435],[153.42679,-28.19494],[153.4259,-28.196],[153.42509,-28.1965],[153.42433,-28.19785],[153.42136,-28.19957],[153.41947,-28.1997],[153.41781,-28.20056],[153.41824,-28.20247],[153.41696,-28.20483],[153.41491,-28.20742],[153.41212,-28.20914],[153.41126,-28.20926],[153.40571,-28.21102],[153.40012,-28.21707],[153.39755,-28.21895],[153.39091,-28.22789],[153.38944,-28.23097],[153.39051,-28.23273],[153.38972,-28.23483],[153.38753,-28.23638],[153.38433,-28.2373],[153.3825,-28.23745],[153.38043,-28.23936],[153.37971,-28.23969],[153.37892,-28.24031],[153.37695,-28.24078],[153.37218,-28.24274],[153.36957,-28.24508],[153.36472,-28.24735],[153.36057,-28.24835],[153.35963,-28.24825],[153.35728,-28.24927],[153.35528,-28.24856],[153.35402,-28.24837],[153.35306,-28.24883],[153.35103,-28.24909],[153.34749,-28.24903],[153.34585,-28.24845],[153.34235,-28.25013],[153.34033,-28.24997],[153.3391,-28.25055],[153.33767,-28.24957],[153.33471,-28.24834],[153.33395,-28.2468],[153.33189,-28.24613],[153.33136,-28.24421],[153.3309,-28.24055],[153.33103,-28.23887],[153.33069,-28.238],[153.32977,-28.23687],[153.32572,-28.23594],[153.32405,-28.23615],[153.32304,-28.23671],[153.32186,-28.2378],[153.31685,-28.23853],[153.31608,-28.23806],[153.3153,-28.23778],[153.31456,-28.23718],[153.31388,-28.23722],[153.31331,-28.23749],[153.31204,-28.23732],[153.31056,-28.23801],[153.3079,-28.23826],[153.30476,-28.23969],[153.30037,-28.23803],[153.29802,-28.23515],[153.29619,-28.23381],[153.29315,-28.23362],[153.29151,-28.23376],[153.28974,-28.23432],[153.28984,-28.23448],[153.28923,-28.23455],[153.28879,-28.23503],[153.28817,-28.2353],[153.28755,-28.23519],[153.2866,-28.23543],[153.28401,-28.23445],[153.28343,-28.23447],[153.28199,-28.23379],[153.2796,-28.23349],[153.27794,-28.23385],[153.2772,-28.2342],[153.27719,-28.2348],[153.27669,-28.23559],[153.27549,-28.23641],[153.27498,-28.23692],[153.27473,-28.23767],[153.27424,-28.23801],[153.27243,-28.23817],[153.26996,-28.23877],[153.26905,-28.23861],[153.26806,-28.2395],[153.26534,-28.24125],[153.26522,-28.2419],[153.26401,-28.24348],[153.26114,-28.24359],[153.25478,-28.24532],[153.25408,-28.24569],[153.25145,-28.24657],[153.2504,-28.24652],[153.25028,-28.24688],[153.24973,-28.24749],[153.24734,-28.247],[153.24652,-28.24668],[153.24505,-28.24684],[153.24392,-28.2473],[153.24377,-28.24755],[153.24384,-28.24799],[153.24362,-28.24831],[153.24281,-28.24865],[153.24256,-28.24901],[153.24083,-28.25051],[153.23907,-28.25185],[153.23806,-28.2533],[153.23693,-28.25452],[153.23624,-28.25558],[153.23562,-28.25664],[153.23581,-28.25735],[153.23538,-28.25879],[153.23549,-28.25926],[153.23451,-28.26286],[153.23284,-28.26508],[153.2312,-28.26507],[153.23001,-28.26487],[153.22909,-28.26447],[153.22626,-28.264],[153.22554,-28.26414],[153.22215,-28.26343],[153.21932,-28.26325],[153.21854,-28.26338],[153.21822,-28.26322],[153.21766,-28.26218],[153.21531,-28.26024],[153.21477,-28.26019],[153.21364,-28.25918],[153.21249,-28.25777],[153.21195,-28.25749],[153.21139,-28.25748],[153.20833,-28.25381],[153.20778,-28.25362],[153.20738,-28.25296],[153.20516,-28.2531],[153.20437,-28.25334],[153.20397,-28.25377],[153.20377,-28.25474],[153.20333,-28.25525],[153.20319,-28.25571],[153.20139,-28.25622],[153.20055,-28.25615],[153.19983,-28.2565],[153.19948,-28.25655],[153.19857,-28.25611],[153.19753,-28.25526],[153.19716,-28.2552],[153.19608,-28.25459],[153.19433,-28.25321],[153.19414,-28.25275],[153.1925,-28.251],[153.19232,-28.25039],[153.19163,-28.24966],[153.18934,-28.24833],[153.18902,-28.24785],[153.18817,-28.24751],[153.18531,-28.24843],[153.18438,-28.24838],[153.18251,-28.2486],[153.18158,-28.24943],[153.18058,-28.24977],[153.18034,-28.25007],[153.17978,-28.25025],[153.17897,-28.24985],[153.17817,-28.25016],[153.17706,-28.24961],[153.17667,-28.2496],[153.17575,-28.25067],[153.17583,-28.25233],[153.17426,-28.2549],[153.17361,-28.25544],[153.17291,-28.25885],[153.17217,-28.25917],[153.17148,-28.25919],[153.17164,-28.26365],[153.1723,-28.26447],[153.17459,-28.26854],[153.17454,-28.26956],[153.17393,-28.27019],[153.17439,-28.27266],[153.17492,-28.27323],[153.17517,-28.27421],[153.17105,-28.2762],[153.16946,-28.27562],[153.16783,-28.27715],[153.16656,-28.27697],[153.16535,-28.27795],[153.16289,-28.27899],[153.16238,-28.27893],[153.16171,-28.27935],[153.1612,-28.2794],[153.16115,-28.27976],[153.16142,-28.28081],[153.16225,-28.28247],[153.16418,-28.28383],[153.16561,-28.28441],[153.1665,-28.28512],[153.16567,-28.2859],[153.16511,-28.28772],[153.16542,-28.28889],[153.16782,-28.29099],[153.16801,-28.29171],[153.16855,-28.29211],[153.16869,-28.29272],[153.16918,-28.2931],[153.16774,-28.29548],[153.16685,-28.29619],[153.16603,-28.29658],[153.1654,-28.29721],[153.1648,-28.29746],[153.16438,-28.29789],[153.16303,-28.29768],[153.1625,-28.2972],[153.16211,-28.2971],[153.16161,-28.29649],[153.16083,-28.29609],[153.15932,-28.29667],[153.15849,-28.29653],[153.15689,-28.29598],[153.15595,-28.29615],[153.15515,-28.29612],[153.15398,-28.29725],[153.15384,-28.30071],[153.15292,-28.30192],[153.15171,-28.30222],[153.15122,-28.30263],[153.14979,-28.3028],[153.1493,-28.3033],[153.14664,-28.30438],[153.14417,-28.3044],[153.14328,-28.30465],[153.14249,-28.30532],[153.14218,-28.30604],[153.14303,-28.30738],[153.14366,-28.31167],[153.14328,-28.3122],[153.14078,-28.31187],[153.1399,-28.31134],[153.13828,-28.31125],[153.13765,-28.31173],[153.13575,-28.31212],[153.13296,-28.31754],[153.12775,-28.31725],[153.12584,-28.31729],[153.125,-28.31776],[153.12407,-28.3202],[153.12411,-28.32174],[153.12483,-28.32393],[153.1256,-28.32493],[153.12716,-28.32609],[153.13024,-28.33028],[153.12918,-28.33105],[153.12676,-28.33623],[153.1252,-28.33674],[153.12552,-28.33829],[153.1253,-28.33931],[153.12389,-28.33949],[153.12051,-28.342],[153.11673,-28.3415],[153.11683,-28.34366],[153.11649,-28.34415],[153.11592,-28.3446],[153.11547,-28.34768],[153.11382,-28.34925],[153.11316,-28.35231],[153.11319,-28.3529],[153.11245,-28.35337],[153.112,-28.3539],[153.11114,-28.35642],[153.10945,-28.35608],[153.10855,-28.35633],[153.10893,-28.35731],[153.10765,-28.35849],[153.10572,-28.35749],[153.10459,-28.35721],[153.10229,-28.35788],[153.09833,-28.35696],[153.09742,-28.35624],[153.09688,-28.35622],[153.09638,-28.35594],[153.0957,-28.35608],[153.09379,-28.35551],[153.09326,-28.35481],[153.0925,-28.35469],[153.09203,-28.35423],[153.09124,-28.35399],[153.09036,-28.35399],[153.08917,-28.35332],[153.08631,-28.35462],[153.08499,-28.35444],[153.084,-28.35457],[153.08294,-28.35398],[153.08067,-28.35441],[153.07931,-28.35402],[153.07816,-28.35287],[153.0775,-28.35197],[153.07581,-28.3515],[153.0752,-28.35244],[153.07417,-28.3522],[153.07159,-28.35031],[153.07065,-28.34784],[153.06712,-28.34637],[153.0653,-28.34424],[153.06164,-28.34352],[153.05941,-28.34393],[153.05784,-28.34275],[153.05325,-28.34315],[153.05174,-28.34141],[153.04907,-28.34203],[153.04759,-28.34032],[153.0449,-28.33901],[153.03808,-28.34345],[153.03544,-28.34168],[153.03259,-28.34196],[153.03048,-28.33971],[153.02516,-28.33944],[153.02223,-28.33804],[153.01006,-28.34129],[153.00791,-28.34085],[153.00803,-28.34028],[153.00635,-28.34034],[153.00409,-28.33999],[153.00317,-28.33969],[153.00023,-28.34025],[152.99693,-28.33983],[152.99609,-28.33996],[152.9954,-28.33936],[152.99451,-28.33887],[152.99248,-28.3386],[152.99144,-28.33727],[152.98982,-28.33663],[152.986,-28.338],[152.9836,-28.33811],[152.97982,-28.33517],[152.97815,-28.33365],[152.97606,-28.33328],[152.97318,-28.33182],[152.96871,-28.33215],[152.96756,-28.33252],[152.96557,-28.33262],[152.96266,-28.33214],[152.96057,-28.33281],[152.95904,-28.33351],[152.95808,-28.33366],[152.95505,-28.33358],[152.95421,-28.33403],[152.95324,-28.33402],[152.95271,-28.33414],[152.95074,-28.33364],[152.94901,-28.33439],[152.94852,-28.33491],[152.94683,-28.33517],[152.94514,-28.33567],[152.94428,-28.33497],[152.94295,-28.33474],[152.94065,-28.33503],[152.93917,-28.33475],[152.93852,-28.33492],[152.93758,-28.33538],[152.93643,-28.33616],[152.93572,-28.33637],[152.93485,-28.33737],[152.93427,-28.33765],[152.9315,-28.33581],[152.93015,-28.33555],[152.92834,-28.33493],[152.92655,-28.3335],[152.92421,-28.33241],[152.92337,-28.33159],[152.92185,-28.3315],[152.91958,-28.33099],[152.91747,-28.33104],[152.91542,-28.3304],[152.91422,-28.32968],[152.91331,-28.32937],[152.91167,-28.32849],[152.91103,-28.32828],[152.90996,-28.327],[152.90853,-28.32634],[152.9081,-28.32639],[152.90624,-28.32585],[152.90532,-28.32573],[152.90389,-28.32575],[152.90284,-28.32547],[152.90018,-28.32547],[152.89991,-28.32538],[152.89896,-28.32466],[152.89842,-28.324],[152.89834,-28.32411],[152.8964,-28.32171],[152.89585,-28.32121],[152.89503,-28.3207],[152.89403,-28.31964],[152.8939,-28.31846],[152.89343,-28.31793],[152.89239,-28.31783],[152.89093,-28.3173],[152.89047,-28.31684],[152.88997,-28.316],[152.88913,-28.31544],[152.88733,-28.31546],[152.88624,-28.31506],[152.8849,-28.31378],[152.88269,-28.31332],[152.88166,-28.31228],[152.88132,-28.31114],[152.88042,-28.30981],[152.87971,-28.30986],[152.87909,-28.31093],[152.87809,-28.31174],[152.8755,-28.31243],[152.87336,-28.31255],[152.87155,-28.31291],[152.87021,-28.31294],[152.86577,-28.31358],[152.86063,-28.31194],[152.8596,-28.31147],[152.85884,-28.31158],[152.85774,-28.31143],[152.85683,-28.31234],[152.85542,-28.31248],[152.85472,-28.31279],[152.85333,-28.31235],[152.852,-28.3115],[152.85208,-28.31141],[152.85183,-28.31116],[152.85064,-28.31097],[152.84942,-28.31119],[152.84795,-28.31476],[152.84742,-28.31545],[152.8454,-28.31768],[152.8444,-28.31791],[152.84366,-28.31955],[152.84227,-28.3202],[152.84172,-28.32087],[152.84081,-28.32118],[152.84021,-28.32161],[152.83876,-28.32214],[152.83554,-28.3214],[152.83361,-28.31988],[152.83137,-28.31967],[152.82858,-28.32286],[152.82832,-28.32468],[152.82578,-28.3275],[152.82452,-28.32743],[152.82369,-28.32891],[152.82415,-28.3311],[152.82457,-28.33219],[152.82382,-28.33318],[152.8238,-28.33409],[152.82318,-28.33484],[152.82311,-28.33548],[152.8223,-28.33581],[152.8212,-28.33547],[152.81966,-28.33561],[152.81943,-28.33529],[152.81861,-28.33504],[152.81596,-28.33735],[152.81451,-28.33775],[152.81253,-28.33917],[152.81232,-28.34071],[152.81155,-28.34132],[152.80931,-28.34208],[152.80879,-28.34265],[152.80926,-28.34414],[152.80867,-28.34546],[152.80899,-28.34627],[152.80861,-28.34721],[152.80873,-28.34852],[152.80913,-28.34899],[152.80907,-28.35063],[152.80595,-28.35146],[152.80523,-28.3519],[152.80482,-28.35287],[152.80426,-28.35357],[152.80371,-28.35351],[152.80289,-28.35362],[152.80191,-28.3534],[152.80134,-28.35344],[152.79991,-28.35394],[152.798,-28.35295],[152.79587,-28.35381],[152.79483,-28.35364],[152.79338,-28.35404],[152.79273,-28.35361],[152.79167,-28.35208],[152.7879,-28.35123],[152.78669,-28.34919],[152.785,-28.34889],[152.78173,-28.34669],[152.77929,-28.34675],[152.77739,-28.34597],[152.77494,-28.34655],[152.77292,-28.34811],[152.77213,-28.34816],[152.77068,-28.34872],[152.76831,-28.34944],[152.76501,-28.35106],[152.76397,-28.35105],[152.7598,-28.35246],[152.75953,-28.35298],[152.75937,-28.35291],[152.75822,-28.35508],[152.76007,-28.35615],[152.76185,-28.35828],[152.76105,-28.36016],[152.75697,-28.3636],[152.75095,-28.36388],[152.74919,-28.36295],[152.74871,-28.36191],[152.74653,-28.36067],[152.74401,-28.36033],[152.74267,-28.35982],[152.74032,-28.35919],[152.73964,-28.35859],[152.73834,-28.35674],[152.73777,-28.35636],[152.73701,-28.35514],[152.7341,-28.35338],[152.73405,-28.35406],[152.73318,-28.35452],[152.73257,-28.35453],[152.73157,-28.35425],[152.73111,-28.35395],[152.73096,-28.35358],[152.73094,-28.35232],[152.7303,-28.35199],[152.72997,-28.35168],[152.72956,-28.3509],[152.72905,-28.35032],[152.72698,-28.34909],[152.72629,-28.34783],[152.72545,-28.34682],[152.72486,-28.34645],[152.72387,-28.34552],[152.72305,-28.34413],[152.72283,-28.34403],[152.72258,-28.34408],[152.72176,-28.34474],[152.72131,-28.34494],[152.7202,-28.34528],[152.71991,-28.34523],[152.71875,-28.34486],[152.71793,-28.34442],[152.71675,-28.34356],[152.71602,-28.3434],[152.71546,-28.34342],[152.71387,-28.342],[152.71323,-28.3415],[152.71285,-28.34137],[152.71238,-28.3414],[152.711,-28.34205],[152.70856,-28.34414],[152.70794,-28.34438],[152.70764,-28.34429],[152.70644,-28.34241],[152.70464,-28.34098],[152.70464,-28.33897],[152.70414,-28.33843],[152.70132,-28.33803],[152.70113,-28.33748],[152.69973,-28.33685],[152.69857,-28.33567],[152.6957,-28.33642],[152.69522,-28.33693],[152.69241,-28.3368],[152.68949,-28.33506],[152.6884,-28.33484],[152.68748,-28.33241],[152.68758,-28.33075],[152.68637,-28.32914],[152.68468,-28.32892],[152.68421,-28.32976],[152.6816,-28.32971],[152.67949,-28.33058],[152.6771,-28.32865],[152.67643,-28.32759],[152.67529,-28.32708],[152.67472,-28.32641],[152.67396,-28.32629],[152.67333,-28.32448],[152.67384,-28.32344],[152.67338,-28.32125],[152.67375,-28.31954],[152.67332,-28.31883],[152.67355,-28.31797],[152.6724,-28.31686],[152.67182,-28.31533],[152.67073,-28.31488],[152.66986,-28.31414],[152.66819,-28.31381],[152.66752,-28.3117],[152.6644,-28.31121],[152.66369,-28.31029],[152.66105,-28.31015],[152.65912,-28.30988],[152.6573,-28.31118],[152.65556,-28.31111],[152.65447,-28.31138],[152.65284,-28.31133],[152.65219,-28.31169],[152.65188,-28.31244],[152.64848,-28.31338],[152.6468,-28.31207],[152.64431,-28.31302],[152.64339,-28.31279],[152.64275,-28.31243],[152.64209,-28.31286],[152.64127,-28.31276],[152.63975,-28.31219],[152.63719,-28.30959],[152.63657,-28.30924],[152.6361,-28.30808],[152.63536,-28.30718],[152.63262,-28.30515],[152.63038,-28.30506],[152.62993,-28.3042],[152.62843,-28.30356],[152.62695,-28.30011],[152.62617,-28.2999],[152.62412,-28.2983],[152.62382,-28.29689],[152.62395,-28.29574],[152.62284,-28.29365],[152.62214,-28.29318],[152.62245,-28.29218],[152.62322,-28.29157],[152.62312,-28.2908],[152.62351,-28.28888],[152.62289,-28.28817],[152.62274,-28.28704],[152.62216,-28.2856],[152.62092,-28.28402],[152.61752,-28.28257],[152.61699,-28.28006],[152.61737,-28.27786],[152.61722,-28.27702],[152.61571,-28.27464],[152.61575,-28.27317],[152.61609,-28.27184],[152.61578,-28.27126],[152.61442,-28.27005],[152.61424,-28.26948],[152.61287,-28.27041],[152.61247,-28.27094],[152.61066,-28.27445],[152.60328,-28.27925],[152.60327,-28.28022],[152.60211,-28.28148],[152.60095,-28.28219],[152.60033,-28.28315],[152.59962,-28.28368],[152.59957,-28.28419],[152.59976,-28.28549],[152.59838,-28.28722],[152.59805,-28.28812],[152.59805,-28.29038],[152.59733,-28.29129],[152.59802,-28.29349],[152.59918,-28.30025],[152.59978,-28.30197],[152.60012,-28.30223],[152.60054,-28.30293],[152.60182,-28.30731],[152.59908,-28.30958],[152.59876,-28.31105],[152.59746,-28.31246],[152.59678,-28.31355],[152.59759,-28.31449],[152.59652,-28.31808],[152.59574,-28.31866],[152.59387,-28.31914],[152.59307,-28.32022],[152.59275,-28.32176],[152.5906,-28.32329],[152.58934,-28.32492],[152.58918,-28.326],[152.58834,-28.32648],[152.58783,-28.32723],[152.58523,-28.32841],[152.58488,-28.32987],[152.58427,-28.33016],[152.58294,-28.33189],[152.58292,-28.3344],[152.58059,-28.33671],[152.58065,-28.33791],[152.57951,-28.3392],[152.57566,-28.33455],[152.57462,-28.33409],[152.57317,-28.32777],[152.5723,-28.32675],[152.56404,-28.32353],[152.56276,-28.32414],[152.55975,-28.32359],[152.5568,-28.32402],[152.55621,-28.32519],[152.55468,-28.32554],[152.55391,-28.32445],[152.55475,-28.32175],[152.55459,-28.31967],[152.55495,-28.31897],[152.54998,-28.32071],[152.54906,-28.32127],[152.54701,-28.32049],[152.54405,-28.31894],[152.54343,-28.31779],[152.54325,-28.31592],[152.54187,-28.31465],[152.54158,-28.31363],[152.54084,-28.31315],[152.53888,-28.31135],[152.53742,-28.31097],[152.53355,-28.31073],[152.53251,-28.31018],[152.53169,-28.30896],[152.52953,-28.30809],[152.5283,-28.30687],[152.52734,-28.30691],[152.52683,-28.30652],[152.52639,-28.30646],[152.52592,-28.30598],[152.52565,-28.30514],[152.52513,-28.3042],[152.52559,-28.30179],[152.52662,-28.30087],[152.52757,-28.30047],[152.52863,-28.2995],[152.5293,-28.29794],[152.5287,-28.29395],[152.52937,-28.29332],[152.5288,-28.28894],[152.52888,-28.28664],[152.53026,-28.28392],[152.53145,-28.2827],[152.5328,-28.27958],[152.53301,-28.27377],[152.5329,-28.27231],[152.53428,-28.27068],[152.53555,-28.26821],[152.53649,-28.26589],[152.53433,-28.26473],[152.53398,-28.26269],[152.53195,-28.26325],[152.52894,-28.26172],[152.52395,-28.26101],[152.52302,-28.26122],[152.5217,-28.26073],[152.51868,-28.25695],[152.51606,-28.25682],[152.51673,-28.25473],[152.51581,-28.2518],[152.51391,-28.25123],[152.5131,-28.25145],[152.51152,-28.25026],[152.50931,-28.24918],[152.50753,-28.249],[152.50588,-28.25039],[152.50494,-28.25062],[152.50334,-28.25056],[152.50178,-28.25143],[152.50099,-28.25242],[152.4996,-28.25247],[152.49875,-28.25289],[152.49719,-28.25335],[152.4961,-28.25308],[152.49414,-28.25347],[152.4928,-28.25407],[152.49178,-28.25363],[152.49075,-28.25359],[152.49003,-28.25341],[152.48927,-28.25347],[152.48789,-28.2532],[152.48536,-28.25602],[152.48434,-28.25688],[152.4838,-28.25766],[152.48287,-28.25802],[152.48185,-28.25797],[152.4808,-28.25755],[152.4791,-28.25799],[152.47754,-28.25792],[152.47591,-28.25823],[152.47449,-28.25793],[152.47301,-28.25694],[152.46985,-28.25734],[152.46824,-28.25776],[152.46535,-28.2588],[152.46345,-28.25922],[152.46187,-28.26033],[152.46133,-28.26093],[152.46137,-28.26222],[152.46081,-28.26316],[152.46078,-28.26369],[152.45995,-28.26438],[152.45967,-28.26484],[152.45949,-28.26669],[152.45997,-28.26834],[152.46135,-28.26924],[152.46123,-28.26975],[152.45945,-28.27071],[152.45927,-28.27118],[152.45871,-28.27183],[152.45796,-28.27238],[152.4556,-28.277],[152.45591,-28.27753],[152.45514,-28.27841],[152.45213,-28.27878],[152.44926,-28.28069],[152.44901,-28.28222],[152.44688,-28.28473],[152.44548,-28.28544],[152.44424,-28.28807],[152.44316,-28.28892],[152.44298,-28.29019],[152.44267,-28.29093],[152.44253,-28.29186],[152.44286,-28.29245],[152.44293,-28.29325],[152.44352,-28.29439],[152.44403,-28.29583],[152.44418,-28.29724],[152.44295,-28.29843],[152.44046,-28.2976],[152.43761,-28.29941],[152.43565,-28.29949],[152.43086,-28.29738],[152.42775,-28.29731],[152.42696,-28.29788],[152.42633,-28.29922],[152.42539,-28.29961],[152.42394,-28.2992],[152.4215,-28.29932],[152.41891,-28.29837],[152.41797,-28.29747],[152.41674,-28.29682],[152.41517,-28.29807],[152.41477,-28.30005],[152.41386,-28.3004],[152.41322,-28.30158],[152.41389,-28.30714],[152.4132,-28.3087],[152.4107,-28.31045],[152.41049,-28.31163],[152.41057,-28.32041],[152.41331,-28.32384],[152.41542,-28.32561],[152.41547,-28.32681],[152.41566,-28.32729],[152.41671,-28.32934],[152.4173,-28.32987],[152.41762,-28.33161],[152.41636,-28.335],[152.41561,-28.33623],[152.41087,-28.33945],[152.41024,-28.34149],[152.40112,-28.34707],[152.39888,-28.35223],[152.39585,-28.35452],[152.39354,-28.35729],[152.3932,-28.35823],[152.39294,-28.35969],[152.39249,-28.36021],[152.39171,-28.3624],[152.38796,-28.36596],[152.38797,-28.36746],[152.3852,-28.36879],[152.38342,-28.36885],[152.38154,-28.3681],[152.37836,-28.36564],[152.37689,-28.36573],[152.37568,-28.36674],[152.37476,-28.36696],[152.36881,-28.36579],[152.36714,-28.3662],[152.36517,-28.36615],[152.36199,-28.36446],[152.36206,-28.36409],[152.36149,-28.36362],[152.35663,-28.36119],[152.35431,-28.36156],[152.35314,-28.36255],[152.35069,-28.36353],[152.34902,-28.36505],[152.34555,-28.36602],[152.34412,-28.3673],[152.34185,-28.36797],[152.34091,-28.36788],[152.33918,-28.36737],[152.33833,-28.36729],[152.33569,-28.36663],[152.33431,-28.36691],[152.33194,-28.36829],[152.32661,-28.36674],[152.32036,-28.36695],[152.31579,-28.36361],[152.31482,-28.36379],[152.31283,-28.36249],[152.3119,-28.36235],[152.31106,-28.36274],[152.30937,-28.36284],[152.30897,-28.36508],[152.30769,-28.36698],[152.30734,-28.36904],[152.30414,-28.37231],[152.30245,-28.37274],[152.29781,-28.37633],[152.29657,-28.37786],[152.29397,-28.37919],[152.29175,-28.38126],[152.29051,-28.38299],[152.28907,-28.38944],[152.28937,-28.39079],[152.28879,-28.39071],[152.28861,-28.3915],[152.28654,-28.39239],[152.28175,-28.39283],[152.27863,-28.3922],[152.27371,-28.3918],[152.26969,-28.39087],[152.26824,-28.38953],[152.26668,-28.39074],[152.26532,-28.39422],[152.26354,-28.39431],[152.26314,-28.39604],[152.26213,-28.39775],[152.2606,-28.39996],[152.26038,-28.40077],[152.25587,-28.40336],[152.25488,-28.40431],[152.25426,-28.40604],[152.25245,-28.40728],[152.25266,-28.40907],[152.25207,-28.4106],[152.24898,-28.41153],[152.24779,-28.41279],[152.24595,-28.41374],[152.24366,-28.41596],[152.2424,-28.41621],[152.23916,-28.41787],[152.23959,-28.41959],[152.23806,-28.42348],[152.23531,-28.4247],[152.23444,-28.42736],[152.2321,-28.42844],[152.23098,-28.42958],[152.22974,-28.43331],[152.22989,-28.43488],[152.22868,-28.43702],[152.22569,-28.43724],[152.22208,-28.442],[152.22164,-28.44484],[152.21962,-28.4478],[152.21723,-28.44911],[152.21572,-28.44805],[152.21398,-28.44599],[152.21217,-28.44568],[152.21055,-28.44616],[152.20727,-28.44523],[152.20735,-28.44369],[152.2047,-28.43807],[152.19511,-28.43615],[152.19022,-28.43404],[152.18794,-28.43526],[152.18626,-28.43864],[152.18427,-28.43904],[152.18144,-28.43723],[152.17486,-28.43501],[152.17202,-28.43438],[152.16835,-28.43455],[152.16469,-28.43259],[152.16205,-28.43281],[152.16008,-28.43326],[152.15874,-28.43439],[152.15641,-28.43458],[152.15509,-28.43665],[152.15449,-28.43803],[152.15059,-28.43809],[152.14634,-28.43931],[152.14557,-28.44085],[152.14425,-28.44201],[152.14197,-28.44243],[152.14005,-28.44511],[152.13876,-28.44787],[152.13755,-28.44835],[152.13541,-28.45216],[152.13434,-28.45276],[152.13214,-28.45297],[152.13089,-28.45393],[152.12792,-28.45395],[152.12512,-28.45749],[152.12185,-28.46072],[152.12124,-28.46265],[152.11948,-28.46287],[152.11759,-28.46237],[152.11523,-28.46342],[152.11231,-28.46337],[152.11178,-28.46435],[152.10875,-28.46364],[152.1077,-28.46396],[152.10669,-28.46313],[152.10455,-28.4634],[152.1028,-28.4633],[152.10159,-28.46507],[152.09784,-28.46649],[152.09592,-28.46609],[152.09532,-28.46758],[152.0957,-28.46869],[152.09519,-28.46956],[152.09382,-28.46974],[152.09104,-28.46837],[152.08908,-28.4693],[152.08765,-28.46965],[152.08381,-28.46875],[152.08232,-28.46982],[152.08122,-28.46978],[152.07979,-28.47062],[152.07559,-28.46997],[152.07534,-28.46881],[152.07408,-28.46803],[152.0725,-28.46921],[152.07092,-28.46859],[152.06968,-28.46853],[152.06879,-28.46961],[152.06864,-28.47198],[152.06894,-28.47339],[152.06815,-28.47427],[152.0687,-28.47648],[152.06682,-28.47873],[152.06719,-28.48007],[152.06712,-28.48515],[152.06401,-28.48777],[152.06346,-28.48785],[152.06268,-28.48834],[152.06236,-28.48874],[152.06202,-28.48889],[152.05966,-28.49085],[152.05733,-28.49031],[152.05511,-28.49065],[152.05171,-28.49289],[152.04941,-28.49352],[152.04842,-28.49425],[152.04555,-28.49522],[152.04485,-28.49697],[152.04389,-28.49838],[152.04377,-28.49931],[152.04167,-28.50117],[152.04027,-28.50147],[152.03976,-28.50278],[152.03573,-28.50746],[152.02693,-28.51292],[152.02427,-28.51294],[152.02363,-28.51384],[152.02309,-28.51528],[152.0196,-28.51732],[152.01897,-28.51814],[152.02002,-28.5212],[152.01876,-28.52212],[152.01671,-28.52523],[152.01449,-28.52564],[152.01276,-28.5256],[152.01103,-28.52643],[152.00876,-28.52606],[152.00726,-28.52712],[152.00608,-28.52746],[152.00262,-28.52744],[152.00045,-28.52812],[151.99912,-28.52703],[151.99771,-28.52639],[151.99485,-28.52679],[151.9934,-28.52625],[151.99176,-28.52475],[151.99035,-28.5248],[151.98879,-28.52562],[151.98769,-28.52465],[151.98737,-28.52393],[151.987,-28.52077],[151.98446,-28.5169],[151.98408,-28.51545],[151.98418,-28.51415],[151.98571,-28.51104],[151.98559,-28.50994],[151.98478,-28.50856],[151.98465,-28.50753],[151.9834,-28.50692],[151.98334,-28.50476],[151.98263,-28.50333],[151.9778,-28.50307],[151.97742,-28.50396],[151.97319,-28.50505],[151.97199,-28.5063],[151.9725,-28.50756],[151.97092,-28.50805],[151.9698,-28.50955],[151.96856,-28.50973],[151.96753,-28.51137],[151.96551,-28.51255],[151.96409,-28.51454],[151.96238,-28.51501],[151.9612,-28.51589],[151.95819,-28.51594],[151.95795,-28.51662],[151.95655,-28.51768],[151.95535,-28.51919],[151.95585,-28.52332],[151.95627,-28.52559],[151.95729,-28.52565],[151.95819,-28.52711],[151.95758,-28.52777],[151.95638,-28.52819],[151.95634,-28.5294],[151.95413,-28.53424],[151.95393,-28.53628],[151.95322,-28.53994],[151.95457,-28.5426],[151.95627,-28.54293],[151.95639,-28.54609],[151.95507,-28.5474],[151.95468,-28.54881],[151.95413,-28.55006],[151.95407,-28.55052],[151.95451,-28.55352],[151.95709,-28.55664],[151.9583,-28.55713],[151.95838,-28.55873],[151.95812,-28.56008],[151.95758,-28.56119],[151.95738,-28.56231],[151.9568,-28.56329],[151.95733,-28.56475],[151.95943,-28.56668],[151.96359,-28.56763],[151.96457,-28.56987],[151.96683,-28.57258],[151.96973,-28.57248],[151.97221,-28.57303],[151.97406,-28.57304],[151.97609,-28.57354],[151.9764,-28.57495],[151.97766,-28.57521],[151.97934,-28.5774],[151.98109,-28.57829],[151.9823,-28.57842],[151.98397,-28.57991],[151.98449,-28.58085],[151.98543,-28.58123],[151.98594,-28.58213],[151.98564,-28.58327],[151.9866,-28.58441],[151.98674,-28.58576],[151.98755,-28.58667],[151.98831,-28.59198],[151.99106,-28.59421],[151.99212,-28.59487],[151.99194,-28.5964],[151.99131,-28.59709],[151.99063,-28.59836],[151.99021,-28.59976],[151.98911,-28.60144],[151.9889,-28.60266],[151.98965,-28.60562],[151.99075,-28.60719],[151.99085,-28.60963],[151.99299,-28.61036],[151.994,-28.61194],[151.99373,-28.6145],[151.99305,-28.61545],[151.99215,-28.6163],[151.99176,-28.61883],[151.99012,-28.62073],[151.991,-28.62236],[151.99099,-28.62458],[151.99606,-28.63081],[151.99705,-28.63365],[151.9984,-28.63384],[152.00048,-28.63633],[152.00241,-28.6403],[152.00239,-28.64742],[152.00292,-28.64845],[152.00204,-28.65064],[152.00287,-28.65162],[152.00443,-28.65215],[152.00593,-28.65173],[152.00607,-28.65366],[152.00867,-28.65757],[152.0089,-28.65922],[152.01035,-28.66118],[152.01109,-28.66124],[152.0116,-28.66185],[152.01049,-28.66499],[152.01419,-28.66578],[152.01656,-28.66479],[152.02075,-28.66388],[152.02453,-28.6648],[152.02459,-28.66536],[152.02876,-28.6661],[152.03161,-28.66616],[152.03905,-28.66458],[152.0449,-28.66832],[152.04574,-28.67089],[152.04449,-28.67308],[152.04619,-28.67597],[152.04786,-28.67607],[152.04876,-28.67682],[152.0504,-28.67886],[152.0504,-28.67962],[152.05254,-28.68223],[152.0563,-28.68117],[152.05821,-28.6799],[152.06076,-28.6807],[152.062,-28.67939],[152.0633,-28.67937],[152.06507,-28.68081],[152.06644,-28.68119],[152.06661,-28.68279],[152.06805,-28.68512],[152.06687,-28.68589],[152.06638,-28.68793],[152.06466,-28.69065],[152.06564,-28.69175],[152.06535,-28.69284],[152.06647,-28.69681],[152.06608,-28.69759],[152.06885,-28.701],[152.07175,-28.70255],[152.07201,-28.7049],[152.07378,-28.70627],[152.07515,-28.70678],[152.07603,-28.70834],[152.07133,-28.71496],[152.07003,-28.71575],[152.06824,-28.71569],[152.06213,-28.71824],[152.05816,-28.72106],[152.05717,-28.7231],[152.05538,-28.72368],[152.05388,-28.72555],[152.04755,-28.72851],[152.04642,-28.72976],[152.04341,-28.73064],[152.04229,-28.73183],[152.04266,-28.73226],[152.04399,-28.73288],[152.0446,-28.7328],[152.04503,-28.73289],[152.0461,-28.73385],[152.04746,-28.73741],[152.04753,-28.73831],[152.04743,-28.73909],[152.0475,-28.73991],[152.0477,-28.74043],[152.04677,-28.74204],[152.0454,-28.74308],[152.04377,-28.74604],[152.04162,-28.7464],[152.04087,-28.74751],[152.04111,-28.74871],[152.04155,-28.74956],[152.04093,-28.75128],[152.04124,-28.75283],[152.04108,-28.75336],[152.04019,-28.75397],[152.03864,-28.75407],[152.03639,-28.7567],[152.03607,-28.75727],[152.036,-28.75807],[152.03615,-28.76109],[152.03671,-28.76268],[152.03752,-28.76378],[152.03749,-28.76454],[152.0369,-28.76585],[152.03727,-28.76769],[152.03731,-28.76881],[152.03652,-28.77035],[152.03793,-28.77273],[152.03717,-28.77436],[152.03579,-28.77668],[152.03564,-28.77716],[152.0371,-28.77886],[152.03946,-28.78014],[152.04054,-28.78055],[152.04049,-28.78219],[152.04027,-28.78334],[152.03937,-28.78522],[152.03793,-28.78642],[152.03782,-28.78701],[152.03552,-28.78846],[152.03433,-28.78894],[152.03209,-28.79089],[152.03397,-28.79112],[152.03481,-28.7936],[152.03785,-28.79741],[152.03788,-28.79937],[152.0369,-28.80048],[152.03522,-28.80365],[152.03564,-28.80452],[152.03527,-28.80812],[152.0365,-28.81073],[152.03548,-28.81206],[152.03459,-28.81516],[152.03607,-28.81563],[152.0366,-28.81779],[152.03598,-28.81863],[152.03496,-28.81878],[152.03412,-28.82002],[152.0344,-28.82275],[152.03433,-28.82396],[152.03367,-28.82534],[152.03338,-28.82807],[152.03176,-28.82899],[152.03,-28.82963],[152.02875,-28.82988],[152.02776,-28.83165],[152.0268,-28.8318],[152.02294,-28.83095],[152.02086,-28.83516],[152.02112,-28.83663],[152.01894,-28.83765],[152.01692,-28.83793],[152.01821,-28.84428],[152.0181,-28.84544],[152.01712,-28.84771],[152.0157,-28.84882],[152.01492,-28.85023],[152.01548,-28.85115],[152.01536,-28.8517],[152.01636,-28.85177],[152.01764,-28.85147],[152.01948,-28.85225],[152.02309,-28.85467],[152.02598,-28.85824],[152.02674,-28.85803],[152.02794,-28.85727],[152.02835,-28.85654],[152.02958,-28.85505],[152.02953,-28.85426],[152.03081,-28.85458],[152.03222,-28.85452],[152.03661,-28.85191],[152.03756,-28.85164],[152.039,-28.8546],[152.03801,-28.85593],[152.03726,-28.85728],[152.0355,-28.85844],[152.03585,-28.85988],[152.03668,-28.86103],[152.03707,-28.86255],[152.0369,-28.86299],[152.03754,-28.86435],[152.03733,-28.8648],[152.03637,-28.86532],[152.03515,-28.8654],[152.03393,-28.86566],[152.0334,-28.86619],[152.03273,-28.86661],[152.03014,-28.86994],[152.03099,-28.87079],[152.03079,-28.87163],[152.03105,-28.87271],[152.03159,-28.8731],[152.03138,-28.87392],[152.03066,-28.8743],[152.0282,-28.87657],[152.02717,-28.87958],[152.02682,-28.88115],[152.02641,-28.88179],[152.02639,-28.88319],[152.02534,-28.88483],[152.02491,-28.88596],[152.02385,-28.88638],[152.0241,-28.88742],[152.02436,-28.88964],[152.0235,-28.89084],[152.02128,-28.89151],[152.02062,-28.89151],[152.01978,-28.8919],[152.01931,-28.89247],[152.01854,-28.8925],[152.01807,-28.89269],[152.01736,-28.89259],[152.01643,-28.89269],[152.01589,-28.89352],[152.01694,-28.89472],[152.01635,-28.89537],[152.01625,-28.8968],[152.01544,-28.898],[152.0154,-28.89849],[152.01358,-28.89999],[152.01338,-28.90037],[152.01303,-28.90236],[152.01205,-28.9038],[152.0117,-28.90407],[152.01151,-28.90523],[152.0107,-28.90668],[152.00951,-28.90651],[152.00854,-28.90738],[152.00752,-28.90798],[152.00477,-28.90906],[152.0037,-28.90898],[152.00305,-28.90907],[152.00162,-28.90849],[152.00087,-28.90728],[152.00113,-28.90627],[152.00058,-28.90575],[151.99969,-28.9035],[152.00075,-28.90156],[152.0013,-28.89975],[151.99934,-28.8968],[151.99802,-28.89536],[151.99631,-28.89479],[151.99654,-28.89518],[151.99586,-28.89711],[151.9948,-28.89874],[151.98326,-28.90671],[151.98165,-28.90854],[151.98073,-28.90917],[151.97802,-28.90807],[151.97448,-28.90856],[151.97241,-28.91021],[151.97125,-28.91166],[151.97065,-28.91323],[151.96945,-28.91439],[151.96849,-28.91668],[151.9666,-28.91648],[151.96455,-28.9181],[151.96101,-28.91912],[151.95829,-28.91759],[151.95624,-28.91715],[151.9546,-28.91765],[151.9517,-28.91952],[151.94484,-28.92021],[151.94263,-28.92163],[151.93922,-28.92191],[151.93713,-28.92188],[151.92759,-28.92514],[151.92285,-28.92816],[151.91874,-28.92863],[151.91632,-28.92934],[151.91559,-28.92681],[151.91706,-28.92482],[151.91369,-28.92012],[151.90754,-28.91708],[151.90407,-28.91616],[151.90033,-28.91466],[151.89719,-28.91485],[151.89558,-28.91345],[151.8927,-28.91544],[151.88154,-28.91149],[151.87882,-28.91332],[151.87823,-28.91457],[151.87581,-28.91402],[151.87396,-28.91428],[151.87285,-28.91391],[151.8716,-28.91429],[151.86885,-28.91371],[151.8675,-28.91162],[151.8654,-28.90935],[151.86438,-28.90873],[151.8614,-28.90774],[151.85977,-28.90681],[151.85548,-28.90704],[151.85333,-28.90757],[151.85215,-28.9072],[151.84978,-28.90762],[151.84724,-28.90853],[151.84255,-28.91202],[151.84134,-28.91147],[151.83984,-28.91289],[151.83945,-28.91457],[151.83822,-28.91636],[151.83803,-28.91768],[151.837,-28.92007],[151.83739,-28.9235],[151.83625,-28.92877],[151.83633,-28.93107],[151.83515,-28.93208],[151.83557,-28.93438],[151.83636,-28.93587],[151.83652,-28.9367],[151.83983,-28.9395],[151.8399,-28.94278],[151.8391,-28.94403],[151.83769,-28.94519],[151.83598,-28.94841],[151.83673,-28.95051],[151.8364,-28.95391],[151.83553,-28.9545],[151.83555,-28.95677],[151.83328,-28.95976],[151.83066,-28.96175],[151.82574,-28.96397],[151.8238,-28.96233],[151.8179,-28.96184],[151.81331,-28.95981],[151.81175,-28.95573],[151.8151,-28.95381],[151.81453,-28.95196],[151.81462,-28.95061],[151.81028,-28.94978],[151.81073,-28.94888],[151.80878,-28.94585],[151.8069,-28.9453],[151.80454,-28.94606],[151.79887,-28.94824],[151.79752,-28.94815],[151.7953,-28.94927],[151.79343,-28.94947],[151.79281,-28.95095],[151.79032,-28.95223],[151.78926,-28.95343],[151.78634,-28.95295],[151.78281,-28.95396],[151.7774,-28.95717],[151.7769,-28.959],[151.77387,-28.95754],[151.77251,-28.95647],[151.77063,-28.95576],[151.77183,-28.95248],[151.77136,-28.95182],[151.77228,-28.94941],[151.77348,-28.94839],[151.77377,-28.94786],[151.77346,-28.94586],[151.77381,-28.94456],[151.77305,-28.94378],[151.77334,-28.94062],[151.77334,-28.93808],[151.77147,-28.93852],[151.76956,-28.93789],[151.76616,-28.93554],[151.76283,-28.9351],[151.76177,-28.93235],[151.75829,-28.93003],[151.75868,-28.92778],[151.75975,-28.92621],[151.75742,-28.92586],[151.75548,-28.92442],[151.75482,-28.92216],[151.75368,-28.92279],[151.75079,-28.92262],[151.74964,-28.92185],[151.7471,-28.92136],[151.74618,-28.91999],[151.74244,-28.9185],[151.74437,-28.9177],[151.74596,-28.91532],[151.74557,-28.91394],[151.74436,-28.91245],[151.74427,-28.91106],[151.74261,-28.90828],[151.74305,-28.90762],[151.74273,-28.9066],[151.74104,-28.90349],[151.73982,-28.90239],[151.73945,-28.90134],[151.74092,-28.89752],[151.73914,-28.89601],[151.73673,-28.89565],[151.73604,-28.89323],[151.73643,-28.89195],[151.73507,-28.88942],[151.73384,-28.88753],[151.73342,-28.88573],[151.73176,-28.88242],[151.73161,-28.88114],[151.73366,-28.8785],[151.73297,-28.87633],[151.73399,-28.87382],[151.73386,-28.87145],[151.7313,-28.87072],[151.73011,-28.86941],[151.72905,-28.86794],[151.72642,-28.86695],[151.72486,-28.86741],[151.72262,-28.86846],[151.72261,-28.87017],[151.72101,-28.8709],[151.71939,-28.87331],[151.71716,-28.87373],[151.71649,-28.87495],[151.71509,-28.87459],[151.71321,-28.87548],[151.71104,-28.87118],[151.70925,-28.87077],[151.70637,-28.87172],[151.70676,-28.87293],[151.70662,-28.87355],[151.70459,-28.87473],[151.70372,-28.87581],[151.7026,-28.87838],[151.70276,-28.87953],[151.70207,-28.88214],[151.69892,-28.88379],[151.69813,-28.88455],[151.69565,-28.88445],[151.69529,-28.88634],[151.69585,-28.88846],[151.69323,-28.88876],[151.68958,-28.88807],[151.68861,-28.88696],[151.68638,-28.88899],[151.68622,-28.89102],[151.68523,-28.8932],[151.683,-28.89567],[151.68111,-28.89671],[151.68003,-28.8981],[151.67781,-28.90022],[151.6784,-28.90146],[151.67762,-28.90384],[151.67564,-28.90535],[151.67477,-28.90775],[151.67174,-28.90715],[151.66929,-28.90608],[151.66601,-28.90561],[151.66402,-28.90646],[151.66173,-28.90841],[151.66127,-28.90929],[151.65845,-28.91205],[151.65588,-28.91347],[151.65462,-28.9149],[151.65246,-28.91549],[151.65154,-28.91729],[151.65008,-28.91774],[151.64721,-28.91657],[151.64647,-28.91649],[151.64419,-28.91736],[151.64003,-28.9201],[151.63816,-28.92192],[151.63713,-28.92241],[151.63652,-28.92467],[151.63729,-28.92497],[151.63679,-28.92715],[151.63551,-28.92807],[151.63518,-28.92958],[151.63327,-28.9303],[151.63088,-28.92692],[151.62753,-28.92559],[151.62598,-28.92385],[151.62421,-28.92441],[151.6221,-28.92451],[151.62006,-28.92583],[151.61695,-28.92633],[151.61518,-28.92492],[151.6138,-28.92452],[151.6133,-28.92408],[151.61165,-28.9236],[151.60978,-28.92346],[151.6091,-28.92443],[151.60523,-28.92525],[151.60432,-28.92606],[151.60358,-28.92761],[151.59939,-28.92854],[151.59821,-28.92914],[151.59679,-28.92906],[151.59343,-28.93026],[151.59221,-28.93039],[151.59052,-28.931],[151.58847,-28.93206],[151.58779,-28.93352],[151.58683,-28.93412],[151.58659,-28.93471],[151.58605,-28.93495],[151.585,-28.93616],[151.58438,-28.93763],[151.58403,-28.93927],[151.58249,-28.93943],[151.58054,-28.94236],[151.58034,-28.94303],[151.57894,-28.94412],[151.5769,-28.94505],[151.57611,-28.9438],[151.57508,-28.94355],[151.57374,-28.9441],[151.57274,-28.9447],[151.57205,-28.94473],[151.57041,-28.94426],[151.56835,-28.94271],[151.56671,-28.94184],[151.56176,-28.94513],[151.54811,-28.95295],[151.5475,-28.95288],[151.54726,-28.95266],[151.54669,-28.95254],[151.5451,-28.9531],[151.54483,-28.95329],[151.54427,-28.95433],[151.54387,-28.95456],[151.54417,-28.95499],[151.54466,-28.95535],[151.54474,-28.95559],[151.54445,-28.95753],[151.54453,-28.95895],[151.54404,-28.96075],[151.54336,-28.96216],[151.54284,-28.96285],[151.5428,-28.96383],[151.54248,-28.96537],[151.54181,-28.96699],[151.54191,-28.96831],[151.5418,-28.96872],[151.54108,-28.97001],[151.53949,-28.97034],[151.53893,-28.97059],[151.5381,-28.97133],[151.53717,-28.97239],[151.53616,-28.97425],[151.53589,-28.97508],[151.53588,-28.97567],[151.53606,-28.97622],[151.53633,-28.97662],[151.53743,-28.9791],[151.53746,-28.97953],[151.53729,-28.9798],[151.53502,-28.98088],[151.53421,-28.98148],[151.53366,-28.9825],[151.53286,-28.98355],[151.53287,-28.98405],[151.53213,-28.98509],[151.5317,-28.98541],[151.53103,-28.98562],[151.52925,-28.98664],[151.52756,-28.9871],[151.52364,-28.989],[151.52326,-28.98939],[151.52287,-28.99014],[151.5225,-28.99112],[151.52225,-28.99263],[151.5213,-28.99376],[151.52114,-28.9942],[151.52107,-28.99559],[151.52066,-28.99601],[151.52002,-28.99634],[151.51862,-28.99659],[151.51761,-28.99655],[151.51687,-28.9969],[151.51633,-28.99689],[151.51488,-28.99824],[151.51366,-28.99908],[151.51328,-28.99963],[151.51336,-29.00022],[151.51274,-29.00115],[151.51248,-29.00132],[151.51127,-29.00295],[151.51066,-29.00319],[151.51062,-29.00353],[151.51006,-29.00444],[151.50914,-29.00548],[151.50891,-29.00562],[151.50813,-29.00564],[151.507,-29.00616],[151.50607,-29.00677],[151.50574,-29.00725],[151.5056,-29.0079],[151.50573,-29.00828],[151.50553,-29.00893],[151.50532,-29.00917],[151.50457,-29.0111],[151.50417,-29.01143],[151.50374,-29.01215],[151.50298,-29.01427],[151.50316,-29.01485],[151.50278,-29.0158],[151.5021,-29.01681],[151.50162,-29.01718],[151.50049,-29.01679],[151.50016,-29.01694],[151.49847,-29.01933],[151.4978,-29.02088],[151.49773,-29.02228],[151.49814,-29.02389],[151.49803,-29.0256],[151.49751,-29.02663],[151.49598,-29.02854],[151.49508,-29.0303],[151.49491,-29.03291],[151.49517,-29.03468],[151.4955,-29.03548],[151.49569,-29.03561],[151.49624,-29.03663],[151.49651,-29.03741],[151.49641,-29.03788],[151.49658,-29.03956],[151.49726,-29.04223],[151.49646,-29.04331],[151.4958,-29.04393],[151.49538,-29.04468],[151.49533,-29.04503],[151.49485,-29.04575],[151.49451,-29.04671],[151.49407,-29.04737],[151.49349,-29.05093],[151.4926,-29.05155],[151.49253,-29.0518],[151.49193,-29.05241],[151.49051,-29.05449],[151.49009,-29.05657],[151.49031,-29.05733],[151.49072,-29.05775],[151.49497,-29.0605],[151.49714,-29.06286],[151.49948,-29.06416],[151.50156,-29.06493],[151.50238,-29.06552],[151.50344,-29.06712],[151.50349,-29.06744],[151.50347,-29.068],[151.50278,-29.06987],[151.50158,-29.07158],[151.50043,-29.07244],[151.4999,-29.07268],[151.49921,-29.0722],[151.49812,-29.07099],[151.49674,-29.07039],[151.49517,-29.07057],[151.49343,-29.07177],[151.49339,-29.07199],[151.49419,-29.07342],[151.49445,-29.07426],[151.49443,-29.07463],[151.49355,-29.0759],[151.49148,-29.07793],[151.49031,-29.081],[151.48978,-29.0817],[151.48953,-29.08268],[151.48721,-29.08763],[151.48603,-29.08883],[151.48534,-29.08933],[151.48472,-29.08959],[151.48316,-29.08981],[151.47847,-29.09099],[151.47673,-29.0913],[151.47409,-29.09259],[151.47392,-29.09315],[151.4731,-29.09379],[151.47046,-29.09463],[151.46928,-29.09517],[151.46584,-29.09728],[151.4643,-29.09792],[151.46358,-29.09788],[151.46294,-29.09831],[151.46204,-29.09957],[151.46161,-29.10052],[151.46142,-29.10132],[151.46161,-29.10243],[151.46051,-29.10689],[151.46046,-29.10774],[151.45999,-29.10904],[151.4596,-29.10966],[151.45948,-29.11212],[151.45783,-29.11714],[151.45529,-29.1223],[151.45448,-29.12344],[151.4542,-29.12444],[151.45318,-29.12544],[151.45274,-29.12625],[151.45156,-29.12743],[151.44931,-29.12915],[151.44751,-29.13086],[151.43849,-29.13668],[151.43235,-29.14009],[151.43115,-29.14129],[151.43081,-29.14199],[151.43008,-29.14511],[151.42949,-29.14631],[151.42858,-29.14712],[151.42741,-29.14786],[151.42494,-29.14903],[151.42363,-29.14928],[151.42219,-29.14933],[151.42077,-29.14919],[151.4203,-29.14907],[151.41985,-29.14866],[151.41647,-29.14917],[151.4163,-29.14928],[151.41632,-29.14977],[151.41591,-29.15044],[151.4154,-29.15089],[151.41355,-29.15173],[151.41268,-29.152],[151.40989,-29.15393],[151.40877,-29.15588],[151.40667,-29.16083],[151.40548,-29.16289],[151.40447,-29.16383],[151.40376,-29.16405],[151.40253,-29.16586],[151.40219,-29.17003],[151.4023,-29.17068],[151.40212,-29.17135],[151.40153,-29.17204],[151.39907,-29.17428],[151.39742,-29.17539],[151.39542,-29.17733],[151.39412,-29.17803],[151.39277,-29.17701],[151.38888,-29.17552],[151.38755,-29.17514],[151.38588,-29.17516],[151.38487,-29.17549],[151.38389,-29.17606],[151.37997,-29.17699],[151.37694,-29.1768],[151.36901,-29.17464],[151.36771,-29.17446],[151.36604,-29.17405],[151.36456,-29.17277],[151.36302,-29.17235],[151.36168,-29.17248],[151.35847,-29.17228],[151.35793,-29.17258],[151.35765,-29.17316],[151.35666,-29.17403],[151.3559,-29.17425],[151.3532,-29.17572],[151.35211,-29.176],[151.34983,-29.17579],[151.34701,-29.17701],[151.34227,-29.1782],[151.34122,-29.17861],[151.33843,-29.17927],[151.33747,-29.17898],[151.33573,-29.17793],[151.33534,-29.1755],[151.33489,-29.17483],[151.33355,-29.17384],[151.33089,-29.17217],[151.32775,-29.17036],[151.32515,-29.16849],[151.32225,-29.16668],[151.32078,-29.1661],[151.31964,-29.16587],[151.31777,-29.16588],[151.31721,-29.16611],[151.31641,-29.16625],[151.3156,-29.16609],[151.31511,-29.16571],[151.31484,-29.16523],[151.3134,-29.16399],[151.31267,-29.16306],[151.31207,-29.16193],[151.31189,-29.16116],[151.31225,-29.16001],[151.31208,-29.15823],[151.31224,-29.15741],[151.31152,-29.15536],[151.30964,-29.15357],[151.30937,-29.15029],[151.30962,-29.14868],[151.30925,-29.14726],[151.30931,-29.14659],[151.31055,-29.14443],[151.31164,-29.14304],[151.31463,-29.14068],[151.31574,-29.14],[151.31662,-29.13989],[151.31794,-29.13901],[151.31813,-29.13851],[151.31801,-29.13806],[151.31758,-29.13751],[151.31607,-29.13477],[151.31451,-29.1329],[151.31409,-29.13204],[151.31263,-29.13044],[151.31203,-29.13038],[151.3111,-29.12972],[151.30778,-29.12517],[151.3063,-29.12363],[151.30426,-29.12114],[151.30454,-29.12083],[151.30443,-29.11929],[151.30408,-29.11801],[151.30349,-29.11665],[151.30323,-29.11623],[151.30107,-29.11401],[151.29887,-29.1128],[151.29783,-29.1126],[151.29485,-29.11266],[151.29368,-29.11307],[151.29284,-29.11373],[151.29177,-29.11411],[151.29035,-29.11389],[151.28916,-29.11262],[151.28882,-29.11201],[151.28859,-29.11073],[151.28754,-29.10862],[151.28647,-29.10727],[151.28492,-29.106],[151.28293,-29.10529],[151.28186,-29.10431],[151.28047,-29.10216],[151.27908,-29.09915],[151.27846,-29.09541],[151.27822,-29.09265],[151.27815,-29.09001],[151.27843,-29.08916],[151.27904,-29.08871],[151.27924,-29.08825],[151.27919,-29.08653],[151.27902,-29.08585],[151.27807,-29.08443],[151.27505,-29.08268],[151.27463,-29.08183],[151.27512,-29.07788],[151.27533,-29.07712],[151.27513,-29.07642],[151.27668,-29.07518],[151.27746,-29.07489],[151.27794,-29.0745],[151.27932,-29.07293],[151.28109,-29.07021],[151.28184,-29.0684],[151.28324,-29.06696],[151.28443,-29.06596],[151.28551,-29.06545],[151.28575,-29.06483],[151.28562,-29.06259],[151.28496,-29.06086],[151.2851,-29.05929],[151.28542,-29.05816],[151.28569,-29.05752],[151.28599,-29.05724],[151.28672,-29.05703],[151.28727,-29.05723],[151.28778,-29.05721],[151.28824,-29.05697],[151.29007,-29.05373],[151.2904,-29.05261],[151.29055,-29.0511],[151.29004,-29.05049],[151.28829,-29.04953],[151.28765,-29.04935],[151.28715,-29.04878],[151.28675,-29.04863],[151.28612,-29.04808],[151.28579,-29.0474],[151.28555,-29.04637],[151.286,-29.04563],[151.28581,-29.04429],[151.28533,-29.04295],[151.28541,-29.03945],[151.28563,-29.03865],[151.2866,-29.03742],[151.28651,-29.03674],[151.28588,-29.03615],[151.28495,-29.03555],[151.28369,-29.03539],[151.28036,-29.03577],[151.27676,-29.03583],[151.27638,-29.03571],[151.27438,-29.03357],[151.27359,-29.03247],[151.2718,-29.03069],[151.27168,-29.03039],[151.27156,-29.02933],[151.27172,-29.02869],[151.27227,-29.02786],[151.27302,-29.02739],[151.27379,-29.02577],[151.27378,-29.02529],[151.27398,-29.02465],[151.275,-29.02381],[151.27785,-29.02234],[151.28092,-29.02051],[151.28214,-29.01954],[151.2828,-29.01807],[151.28351,-29.01749],[151.28367,-29.01715],[151.28381,-29.01607],[151.28352,-29.01459],[151.28343,-29.0126],[151.2841,-29.00682],[151.28403,-29.00531],[151.28367,-29.00378],[151.28316,-29.0027],[151.28132,-29.00012],[151.27931,-28.99777],[151.27869,-28.99686],[151.27713,-28.99177],[151.27639,-28.98706],[151.27662,-28.98471],[151.27686,-28.98447],[151.27795,-28.9841],[151.2797,-28.9837],[151.28059,-28.98331],[151.28171,-28.98258],[151.28208,-28.9817],[151.28209,-28.98096],[151.28176,-28.98015],[151.28118,-28.97949],[151.27924,-28.97847],[151.27745,-28.97652],[151.27604,-28.97539],[151.27434,-28.97477],[151.27273,-28.97396],[151.27194,-28.97273],[151.27195,-28.97161],[151.27221,-28.96982],[151.27247,-28.96898],[151.27332,-28.9677],[151.27389,-28.96726],[151.27464,-28.96721],[151.27541,-28.96675],[151.27609,-28.9665],[151.2786,-28.96623],[151.27965,-28.96571],[151.28042,-28.96497],[151.28071,-28.96383],[151.28063,-28.96303],[151.27992,-28.96131],[151.27987,-28.96057],[151.27999,-28.96019],[151.28116,-28.95955],[151.28153,-28.95849],[151.28153,-28.95809],[151.28114,-28.95731],[151.28117,-28.95589],[151.28186,-28.95241],[151.28161,-28.94901],[151.2805,-28.94722],[151.27903,-28.94583],[151.27836,-28.94541],[151.27698,-28.94418],[151.27586,-28.94272],[151.27525,-28.94068],[151.27514,-28.93963],[151.27474,-28.93857],[151.27417,-28.93791],[151.27381,-28.9378],[151.27296,-28.93788],[151.27233,-28.93744],[151.27037,-28.93671],[151.26866,-28.93651],[151.26761,-28.93625],[151.26616,-28.93545],[151.26547,-28.93474],[151.26522,-28.93267],[151.26502,-28.93242],[151.26426,-28.93211],[151.26338,-28.93194],[151.26018,-28.9324],[151.2588,-28.9324],[151.25781,-28.93206],[151.25534,-28.92984],[151.2539,-28.92881],[151.25149,-28.92765],[151.25014,-28.92619],[151.249,-28.92564],[151.24759,-28.92548],[151.24567,-28.92456],[151.24355,-28.92419],[151.24232,-28.92337],[151.24141,-28.92223],[151.24048,-28.91983],[151.24035,-28.91741],[151.24042,-28.91625],[151.23863,-28.9093],[151.23803,-28.90798],[151.23729,-28.907],[151.23591,-28.9057],[151.23464,-28.9048],[151.23412,-28.90456],[151.23366,-28.90465],[151.23246,-28.90564],[151.2321,-28.90681],[151.2312,-28.90821],[151.2303,-28.90865],[151.22938,-28.9088],[151.22736,-28.90839],[151.22557,-28.90758],[151.22065,-28.90684],[151.21497,-28.9043],[151.21384,-28.90356],[151.21253,-28.90207],[151.2113,-28.90124],[151.21033,-28.90077],[151.20893,-28.89951],[151.20701,-28.89834],[151.20676,-28.89789],[151.20673,-28.89554],[151.20716,-28.89436],[151.20705,-28.89301],[151.20677,-28.89198],[151.20634,-28.89144],[151.20386,-28.88941],[151.20329,-28.88839],[151.203,-28.88717],[151.20175,-28.88601],[151.20066,-28.88541],[151.19959,-28.88425],[151.1978,-28.88377],[151.19666,-28.88372],[151.19558,-28.88327],[151.19358,-28.88209],[151.19251,-28.88162],[151.18909,-28.88067],[151.18646,-28.87973],[151.18521,-28.87907],[151.184,-28.87822],[151.18249,-28.8782],[151.18102,-28.87869],[151.17906,-28.88021],[151.17844,-28.88045],[151.17644,-28.88023],[151.17573,-28.88059],[151.17471,-28.88064],[151.17299,-28.8803],[151.17227,-28.88],[151.17193,-28.87964],[151.17165,-28.87914],[151.17136,-28.87784],[151.17085,-28.87709],[151.16927,-28.87572],[151.16839,-28.87479],[151.16709,-28.8737],[151.16668,-28.87354],[151.16604,-28.87281],[151.16447,-28.87142],[151.16355,-28.87089],[151.16303,-28.87033],[151.16292,-28.87006],[151.16292,-28.86746],[151.16282,-28.86714],[151.16212,-28.86614],[151.1617,-28.86574],[151.16107,-28.86538],[151.15967,-28.86514],[151.1578,-28.865],[151.15362,-28.86555],[151.15221,-28.86556],[151.15162,-28.86544],[151.15021,-28.86491],[151.14661,-28.86193],[151.14527,-28.86111],[151.14405,-28.86059],[151.14383,-28.86027],[151.14357,-28.86015],[151.14307,-28.86016],[151.14272,-28.86031],[151.14244,-28.86064],[151.14206,-28.86083],[151.14188,-28.86113],[151.14195,-28.86161],[151.14163,-28.86223],[151.14096,-28.86279],[151.14036,-28.86302],[151.13979,-28.86309],[151.13915,-28.86301],[151.13734,-28.86235],[151.13625,-28.86148],[151.1319,-28.86006],[151.13073,-28.85917],[151.12775,-28.85518],[151.12787,-28.85462],[151.12777,-28.85399],[151.12713,-28.85336],[151.12642,-28.85178],[151.12515,-28.85056],[151.12397,-28.85027],[151.11876,-28.85092],[151.1173,-28.85092],[151.11535,-28.85053],[151.11504,-28.85038],[151.11452,-28.84957],[151.11422,-28.84806],[151.11408,-28.84787],[151.11147,-28.84626],[151.10948,-28.84392],[151.10862,-28.84273],[151.10736,-28.84249],[151.10705,-28.84263],[151.10628,-28.84431],[151.1058,-28.84476],[151.10544,-28.84479],[151.10449,-28.84407],[151.10415,-28.84359],[151.10355,-28.84212],[151.10367,-28.84119],[151.10404,-28.84072],[151.10454,-28.84037],[151.10456,-28.84013],[151.10438,-28.83949],[151.10393,-28.83937],[151.10379,-28.83919],[151.10408,-28.83812],[151.10384,-28.83738],[151.10333,-28.83658],[151.10283,-28.83639],[151.10224,-28.83656],[151.1016,-28.83642],[151.10029,-28.83638],[151.09963,-28.8365],[151.09801,-28.83816],[151.09684,-28.83839],[151.09589,-28.83824],[151.09473,-28.83733],[151.09304,-28.83662],[151.09175,-28.83572],[151.09041,-28.8353],[151.08779,-28.83474],[151.08492,-28.83452],[151.08266,-28.83451],[151.08149,-28.8349],[151.08051,-28.83584],[151.0803,-28.83619],[151.07965,-28.83666],[151.0782,-28.83805],[151.07326,-28.84008],[151.07217,-28.8407],[151.07153,-28.84134],[151.07196,-28.84307],[151.0719,-28.84421],[151.07149,-28.84491],[151.07043,-28.8452],[151.06847,-28.84481],[151.06771,-28.84491],[151.06651,-28.8455],[151.06546,-28.84579],[151.06339,-28.84583],[151.05884,-28.84625],[151.05836,-28.84647],[151.0566,-28.84853],[151.05369,-28.84982],[151.05312,-28.84976],[151.05227,-28.84948],[151.05197,-28.84927],[151.05158,-28.84872],[151.05158,-28.84835],[151.05183,-28.84801],[151.05296,-28.84708],[151.05346,-28.84646],[151.05355,-28.84578],[151.05335,-28.84525],[151.05302,-28.84492],[151.05207,-28.84446],[151.05111,-28.84375],[151.05025,-28.84355],[151.04963,-28.8436],[151.04921,-28.84379],[151.0475,-28.84519],[151.04688,-28.84535],[151.04636,-28.84526],[151.0444,-28.84389],[151.04398,-28.84344],[151.04373,-28.84268],[151.0436,-28.84025],[151.04346,-28.84004],[151.04295,-28.83977],[151.03983,-28.83913],[151.03919,-28.83882],[151.03892,-28.8383],[151.03887,-28.8378],[151.03922,-28.83653],[151.03996,-28.83613],[151.0413,-28.836],[151.04188,-28.83563],[151.04242,-28.83547],[151.04268,-28.83524],[151.04309,-28.83461],[151.04312,-28.83366],[151.04299,-28.83308],[151.04239,-28.83246],[151.04156,-28.83216],[151.04102,-28.8316],[151.04021,-28.83009],[151.03939,-28.82988],[151.03725,-28.82788],[151.03674,-28.82666],[151.03657,-28.82569],[151.03694,-28.82466],[151.03711,-28.81993],[151.03759,-28.81843],[151.03798,-28.81787],[151.03881,-28.81735],[151.04003,-28.81691],[151.04078,-28.81678],[151.04187,-28.81631],[151.04226,-28.81576],[151.04209,-28.81497],[151.0413,-28.81367],[151.04096,-28.81198],[151.04089,-28.81012],[151.04097,-28.80795],[151.04131,-28.8064],[151.04146,-28.80407],[151.04182,-28.80327],[151.04233,-28.8029],[151.04269,-28.8021],[151.0427,-28.8016],[151.04247,-28.80125],[151.04207,-28.79976],[151.04132,-28.79786],[151.04109,-28.79763],[151.04046,-28.79748],[151.03884,-28.7978],[151.0377,-28.7976],[151.03707,-28.79711],[151.03551,-28.79536],[151.03421,-28.79436],[151.03328,-28.79393],[151.03188,-28.79377],[151.02896,-28.79406],[151.0264,-28.79393],[151.02522,-28.79401],[151.02421,-28.79369],[151.02409,-28.79348],[151.02411,-28.7926],[151.02442,-28.79163],[151.0257,-28.78955],[151.02595,-28.78852],[151.02628,-28.78612],[151.02633,-28.78438],[151.02582,-28.78196],[151.02472,-28.77975],[151.02439,-28.77753],[151.02336,-28.77584],[151.02272,-28.77534],[151.0211,-28.77457],[151.01988,-28.77447],[151.0194,-28.7743],[151.01865,-28.77344],[151.01859,-28.77311],[151.01902,-28.77177],[151.01957,-28.77133],[151.02089,-28.77129],[151.02131,-28.77109],[151.0252,-28.77109],[151.02715,-28.7712],[151.02853,-28.77053],[151.0291,-28.7695],[151.02916,-28.76842],[151.02878,-28.76697],[151.02823,-28.76197],[151.02762,-28.76078],[151.02715,-28.75946],[151.02687,-28.75707],[151.02661,-28.75615],[151.02617,-28.75517],[151.02457,-28.75306],[151.02384,-28.75238],[151.02176,-28.75118],[151.02036,-28.75014],[151.01712,-28.74733],[151.01519,-28.74615],[151.01369,-28.74574],[151.012,-28.74452],[151.01107,-28.74348],[151.01048,-28.74132],[151.00992,-28.74095],[151.00934,-28.74103],[151.00847,-28.74082],[151.00804,-28.74042],[151.00657,-28.74037],[151.00569,-28.74018],[151.0045,-28.74055],[151.00404,-28.74087],[151.00289,-28.7407],[151.00218,-28.74035],[151.00036,-28.73887],[150.99869,-28.73819],[150.9976,-28.73809],[150.99439,-28.73833],[150.99378,-28.73824],[150.99234,-28.7376],[150.99031,-28.73627],[150.98955,-28.73607],[150.98486,-28.73643],[150.98342,-28.73617],[150.98212,-28.73562],[150.9812,-28.73499],[150.98052,-28.73435],[150.97974,-28.73285],[150.97949,-28.73263],[150.97741,-28.73259],[150.97277,-28.73209],[150.97129,-28.73183],[150.97043,-28.73207],[150.96962,-28.73245],[150.96897,-28.73294],[150.96705,-28.73506],[150.96618,-28.73634],[150.96471,-28.73742],[150.96401,-28.73774],[150.96334,-28.73784],[150.96267,-28.73766],[150.96221,-28.73735],[150.96169,-28.7367],[150.96114,-28.73631],[150.96066,-28.73575],[150.96026,-28.73563],[150.9594,-28.73568],[150.95808,-28.73523],[150.95748,-28.73527],[150.95704,-28.73544],[150.95582,-28.73674],[150.95522,-28.73713],[150.95384,-28.73713],[150.95244,-28.7367],[150.95148,-28.7359],[150.9497,-28.73504],[150.94822,-28.73449],[150.94746,-28.7338],[150.94748,-28.73279],[150.94779,-28.73181],[150.9475,-28.73074],[150.94713,-28.7303],[150.94654,-28.72921],[150.94592,-28.72882],[150.94401,-28.72854],[150.94301,-28.72864],[150.9424,-28.72891],[150.94149,-28.72954],[150.9403,-28.73067],[150.93941,-28.73123],[150.93842,-28.73125],[150.93797,-28.73092],[150.93781,-28.73063],[150.93821,-28.72937],[150.93788,-28.72871],[150.93792,-28.7277],[150.93825,-28.72722],[150.93844,-28.72635],[150.93818,-28.72566],[150.93757,-28.72502],[150.93542,-28.72395],[150.93287,-28.72312],[150.9324,-28.72235],[150.93224,-28.72136],[150.93274,-28.72032],[150.93282,-28.71954],[150.93235,-28.71694],[150.93242,-28.71574],[150.93209,-28.71422],[150.93161,-28.71278],[150.93161,-28.70904],[150.93134,-28.70696],[150.93103,-28.70587],[150.93061,-28.70511],[150.93006,-28.70439],[150.92815,-28.70279],[150.92692,-28.70091],[150.92519,-28.69951],[150.92476,-28.69902],[150.92385,-28.69877],[150.92306,-28.69884],[150.92233,-28.69929],[150.92173,-28.70019],[150.91985,-28.7007],[150.91888,-28.70033],[150.91767,-28.69958],[150.91732,-28.69916],[150.9167,-28.69871],[150.91542,-28.69852],[150.91437,-28.69769],[150.91368,-28.69696],[150.91254,-28.69629],[150.91138,-28.6954],[150.91042,-28.69389],[150.91024,-28.69241],[150.90794,-28.6889],[150.90744,-28.68852],[150.90567,-28.68768],[150.9043,-28.68732],[150.90177,-28.68765],[150.90087,-28.68744],[150.89995,-28.68738],[150.8992,-28.68749],[150.89684,-28.68831],[150.89473,-28.68847],[150.89405,-28.68873],[150.89361,-28.68915],[150.89255,-28.69036],[150.89197,-28.69122],[150.89149,-28.69267],[150.8914,-28.69432],[150.89093,-28.695],[150.89027,-28.69536],[150.8889,-28.69566],[150.88757,-28.69556],[150.8859,-28.69584],[150.88462,-28.6955],[150.88442,-28.69503],[150.88453,-28.69385],[150.88478,-28.69336],[150.8849,-28.69239],[150.88467,-28.69087],[150.88443,-28.69049],[150.88404,-28.6902],[150.88311,-28.68995],[150.88152,-28.68902],[150.88025,-28.68905],[150.87924,-28.6897],[150.87863,-28.69116],[150.87782,-28.6923],[150.87717,-28.69355],[150.87442,-28.69446],[150.87406,-28.69439],[150.87328,-28.69378],[150.87242,-28.69249],[150.87237,-28.68989],[150.87172,-28.68873],[150.87084,-28.68809],[150.87101,-28.68768],[150.87094,-28.68732],[150.87005,-28.68626],[150.86917,-28.68566],[150.86845,-28.68584],[150.86802,-28.68631],[150.86721,-28.6869],[150.8658,-28.68735],[150.86465,-28.68799],[150.8638,-28.6883],[150.8635,-28.68826],[150.86169,-28.68678],[150.85997,-28.68594],[150.85889,-28.68524],[150.85882,-28.68485],[150.85842,-28.68415],[150.85791,-28.68365],[150.85621,-28.68332],[150.85565,-28.68309],[150.85219,-28.68019],[150.85204,-28.67975],[150.85209,-28.67831],[150.85194,-28.67771],[150.85141,-28.67687],[150.85094,-28.67665],[150.85064,-28.67633],[150.85026,-28.67559],[150.84994,-28.67448],[150.84905,-28.67372],[150.84719,-28.67308],[150.84419,-28.67273],[150.84382,-28.6722],[150.84348,-28.67208],[150.8413,-28.67228],[150.84052,-28.67264],[150.83981,-28.67265],[150.83929,-28.67251],[150.83884,-28.67225],[150.83634,-28.67018],[150.83468,-28.66921],[150.83305,-28.66842],[150.83178,-28.66794],[150.82852,-28.66719],[150.82432,-28.66699],[150.823,-28.66715],[150.82071,-28.6671],[150.82005,-28.6672],[150.81957,-28.66715],[150.81877,-28.66669],[150.81825,-28.66627],[150.81713,-28.66433],[150.81648,-28.66376],[150.81635,-28.66248],[150.81645,-28.66193],[150.81678,-28.6615],[150.81716,-28.66129],[150.81795,-28.66115],[150.81829,-28.66089],[150.81898,-28.65985],[150.81926,-28.65898],[150.81931,-28.65833],[150.81921,-28.65796],[150.8186,-28.65755],[150.81779,-28.65748],[150.81616,-28.65769],[150.81483,-28.65767],[150.80903,-28.65592],[150.8045,-28.6537],[150.80336,-28.65367],[150.80237,-28.65388],[150.80169,-28.65379],[150.79923,-28.65397],[150.79869,-28.65432],[150.79825,-28.65542],[150.79827,-28.65579],[150.79792,-28.65605],[150.79681,-28.65601],[150.79633,-28.65613],[150.79593,-28.65558],[150.79532,-28.65537],[150.79495,-28.65537],[150.79396,-28.65472],[150.7929,-28.65361],[150.792,-28.65225],[150.78981,-28.65148],[150.78758,-28.64943],[150.78547,-28.64804],[150.78249,-28.64553],[150.78141,-28.6452],[150.77981,-28.64537],[150.77916,-28.64528],[150.77858,-28.64491],[150.77785,-28.6449],[150.77584,-28.64558],[150.77492,-28.64552],[150.77411,-28.6452],[150.77239,-28.64498],[150.77203,-28.64477],[150.77145,-28.6441],[150.77137,-28.64294],[150.76997,-28.64103],[150.76902,-28.64032],[150.76887,-28.63981],[150.76835,-28.63925],[150.76715,-28.63846],[150.76644,-28.63829],[150.76545,-28.63837],[150.76479,-28.63866],[150.76449,-28.63911],[150.76404,-28.63935],[150.76383,-28.63931],[150.76367,-28.63907],[150.7635,-28.63907],[150.76101,-28.63966],[150.75897,-28.63979],[150.75738,-28.6397],[150.75615,-28.64032],[150.75497,-28.64029],[150.75437,-28.64009],[150.75425,-28.63975],[150.75434,-28.63853],[150.75288,-28.6361],[150.75286,-28.63562],[150.75209,-28.6347],[150.75126,-28.63425],[150.75038,-28.63428],[150.7494,-28.63464],[150.74886,-28.6347],[150.74736,-28.63514],[150.74585,-28.63571],[150.74557,-28.63564],[150.74533,-28.63536],[150.74517,-28.63479],[150.7441,-28.63455],[150.74149,-28.63512],[150.74036,-28.63516],[150.7373,-28.63476],[150.73337,-28.63521],[150.73124,-28.63531],[150.73038,-28.63486],[150.72955,-28.63481],[150.72893,-28.63492],[150.72867,-28.63521],[150.72728,-28.63556],[150.72676,-28.63583],[150.72565,-28.63684],[150.72575,-28.63728],[150.72612,-28.63743],[150.72679,-28.63749],[150.72706,-28.63781],[150.72705,-28.6381],[150.72669,-28.63848],[150.72665,-28.63887],[150.72639,-28.63927],[150.72556,-28.6397],[150.72492,-28.64046],[150.72425,-28.64097],[150.72086,-28.64245],[150.71961,-28.64258],[150.71299,-28.64513],[150.71226,-28.64495],[150.71111,-28.64502],[150.71067,-28.64519],[150.71027,-28.64551],[150.70999,-28.64609],[150.70919,-28.647],[150.70889,-28.64767],[150.70889,-28.64795],[150.70961,-28.64956],[150.71001,-28.64993],[150.71037,-28.65064],[150.71029,-28.65119],[150.70955,-28.65216],[150.70795,-28.65291],[150.70614,-28.65326],[150.70413,-28.65438],[150.70263,-28.65504],[150.70136,-28.65536],[150.6998,-28.65538],[150.69814,-28.65515],[150.69368,-28.65394],[150.69277,-28.65378],[150.69201,-28.65389],[150.6915,-28.65415],[150.68868,-28.65698],[150.68789,-28.65818],[150.68692,-28.65873],[150.68584,-28.65872],[150.68411,-28.65931],[150.68377,-28.65981],[150.68254,-28.661],[150.682,-28.66122],[150.68175,-28.66155],[150.68137,-28.66167],[150.68028,-28.6615],[150.67991,-28.66101],[150.67951,-28.66083],[150.67885,-28.66018],[150.6785,-28.65968],[150.67734,-28.65728],[150.67606,-28.65575],[150.67582,-28.65529],[150.67568,-28.65439],[150.67584,-28.65343],[150.67631,-28.65289],[150.67634,-28.65244],[150.67618,-28.6521],[150.67583,-28.65178],[150.67476,-28.65147],[150.67365,-28.65052],[150.67342,-28.65046],[150.67298,-28.65064],[150.67189,-28.65163],[150.67117,-28.65257],[150.67076,-28.65291],[150.67021,-28.65384],[150.66957,-28.65391],[150.66935,-28.65414],[150.66845,-28.6544],[150.66737,-28.65454],[150.66646,-28.65506],[150.66557,-28.65608],[150.66481,-28.65655],[150.66159,-28.65758],[150.65858,-28.65911],[150.65216,-28.66082],[150.64947,-28.66216],[150.64797,-28.66305],[150.64644,-28.66372],[150.6423,-28.66496],[150.64152,-28.66536],[150.64037,-28.66624],[150.63893,-28.66774],[150.63546,-28.67212],[150.63436,-28.67476],[150.63351,-28.67609],[150.63289,-28.67679],[150.63223,-28.67709],[150.63167,-28.67696],[150.63135,-28.67674],[150.63093,-28.67559],[150.62858,-28.67413],[150.62766,-28.67329],[150.62723,-28.67324],[150.62688,-28.67292],[150.62639,-28.67174],[150.62694,-28.6704],[150.62682,-28.66996],[150.62641,-28.66933],[150.62539,-28.66905],[150.62438,-28.66922],[150.62282,-28.66898],[150.62039,-28.66906],[150.61991,-28.66954],[150.6197,-28.67045],[150.61909,-28.67174],[150.61853,-28.67343],[150.61798,-28.67399],[150.61769,-28.67392],[150.61727,-28.6736],[150.61576,-28.67355],[150.61423,-28.67318],[150.61322,-28.67265],[150.61036,-28.67169],[150.6081,-28.67156],[150.60626,-28.67114],[150.60485,-28.67097],[150.60199,-28.67145],[150.60045,-28.67133],[150.59967,-28.67066],[150.59946,-28.66996],[150.59974,-28.66948],[150.60021,-28.66909],[150.60068,-28.66831],[150.60086,-28.66768],[150.60065,-28.66633],[150.60031,-28.66552],[150.59995,-28.66507],[150.59838,-28.6644],[150.59641,-28.66389],[150.59385,-28.66192],[150.59196,-28.66083],[150.59058,-28.66024],[150.58728,-28.65949],[150.58663,-28.65915],[150.58441,-28.65749],[150.58259,-28.65634],[150.58159,-28.65595],[150.58063,-28.65583],[150.57945,-28.65597],[150.5786,-28.65628],[150.57648,-28.65758],[150.57474,-28.6584],[150.57358,-28.65875],[150.57224,-28.65884],[150.57012,-28.65933],[150.56877,-28.65826],[150.56826,-28.65822],[150.5669,-28.65852],[150.56645,-28.65876],[150.56629,-28.65949],[150.56605,-28.65967],[150.5657,-28.65983],[150.56408,-28.65995],[150.56319,-28.66055],[150.56308,-28.66082],[150.56324,-28.66146],[150.56298,-28.66193],[150.56196,-28.66226],[150.56089,-28.6623],[150.56035,-28.66191],[150.55973,-28.66169],[150.55925,-28.6606],[150.55919,-28.66008],[150.55876,-28.6593],[150.55734,-28.65744],[150.55716,-28.65668],[150.55711,-28.65559],[150.55662,-28.65483],[150.55623,-28.65454],[150.55594,-28.65404],[150.55489,-28.65358],[150.5539,-28.65329],[150.55336,-28.65329],[150.55269,-28.65364],[150.55247,-28.65397],[150.55205,-28.65412],[150.5509,-28.65489],[150.54991,-28.65591],[150.54889,-28.65784],[150.54832,-28.65819],[150.54836,-28.65977],[150.55149,-28.66187],[150.55225,-28.66278],[150.55343,-28.66333],[150.55442,-28.66427],[150.55454,-28.66498],[150.55449,-28.66578],[150.55378,-28.66726],[150.55322,-28.66883],[150.55221,-28.67078],[150.55151,-28.67152],[150.55102,-28.6716],[150.55025,-28.67142],[150.55001,-28.67121],[150.54751,-28.67078],[150.54731,-28.67061],[150.5465,-28.67046],[150.54564,-28.67098],[150.54554,-28.67132],[150.54521,-28.67165],[150.54424,-28.67186],[150.54149,-28.67151],[150.54029,-28.67103],[150.53951,-28.67089],[150.53799,-28.6709],[150.53707,-28.67143],[150.53653,-28.67202],[150.53563,-28.67243],[150.53497,-28.67245],[150.53173,-28.67118],[150.53088,-28.67049],[150.5303,-28.67032],[150.52975,-28.67035],[150.52747,-28.66933],[150.52633,-28.66817],[150.52564,-28.66728],[150.52528,-28.66651],[150.52525,-28.666],[150.52528,-28.66579],[150.52556,-28.66555],[150.52703,-28.66541],[150.5278,-28.66514],[150.52979,-28.6641],[150.53019,-28.6638],[150.5311,-28.66271],[150.53186,-28.66208],[150.5324,-28.66181],[150.53349,-28.66184],[150.53448,-28.6623],[150.53556,-28.66247],[150.53613,-28.66271],[150.53693,-28.66255],[150.53798,-28.66196],[150.5387,-28.66126],[150.53929,-28.66005],[150.53922,-28.65977],[150.53824,-28.65832],[150.53797,-28.65745],[150.53741,-28.6571],[150.53708,-28.65716],[150.53646,-28.65753],[150.53581,-28.65763],[150.53527,-28.65758],[150.53377,-28.65687],[150.53231,-28.65593],[150.53069,-28.65532],[150.53043,-28.65537],[150.53022,-28.65577],[150.52953,-28.65587],[150.52871,-28.65578],[150.52823,-28.65564],[150.52762,-28.65521],[150.52627,-28.65473],[150.52457,-28.65449],[150.52178,-28.65531],[150.52116,-28.65564],[150.5208,-28.65602],[150.52006,-28.6577],[150.51932,-28.66009],[150.51879,-28.66077],[150.51755,-28.66157],[150.51621,-28.66191],[150.51384,-28.66231],[150.51293,-28.6623],[150.5104,-28.66191],[150.50747,-28.66175],[150.50405,-28.66123],[150.50257,-28.66076],[150.50143,-28.66014],[150.49942,-28.65943],[150.49747,-28.65928],[150.49406,-28.65933],[150.4922,-28.65923],[150.49016,-28.65881],[150.48972,-28.65844],[150.48872,-28.65791],[150.48701,-28.65734],[150.48632,-28.65736],[150.48563,-28.65773],[150.48544,-28.65807],[150.48546,-28.65933],[150.48467,-28.6602],[150.48391,-28.6622],[150.4828,-28.66309],[150.48141,-28.66374],[150.48053,-28.66404],[150.4797,-28.66408],[150.47768,-28.66345],[150.47645,-28.6634],[150.47599,-28.66325],[150.47557,-28.66308],[150.47499,-28.66262],[150.47452,-28.66197],[150.47413,-28.66094],[150.47366,-28.66069],[150.47329,-28.6607],[150.4728,-28.66103],[150.47257,-28.66146],[150.47181,-28.66198],[150.47098,-28.6623],[150.46966,-28.66361],[150.46796,-28.66424],[150.46576,-28.66629],[150.46339,-28.66727],[150.46105,-28.66848],[150.46008,-28.66884],[150.45927,-28.669],[150.45861,-28.6688],[150.45814,-28.66827],[150.45783,-28.66714],[150.4574,-28.66649],[150.45732,-28.66608],[150.45752,-28.66426],[150.45705,-28.66375],[150.45668,-28.66355],[150.45624,-28.66346],[150.45542,-28.66374],[150.45405,-28.66528],[150.45357,-28.6657],[150.45303,-28.66595],[150.45233,-28.66598],[150.45175,-28.66576],[150.44914,-28.66559],[150.44216,-28.66429],[150.44045,-28.66365],[150.43842,-28.6624],[150.43718,-28.66145],[150.43285,-28.65572],[150.42923,-28.65342],[150.42789,-28.65221],[150.4265,-28.65162],[150.42558,-28.65106],[150.42389,-28.65037],[150.42275,-28.6502],[150.42089,-28.65023],[150.4183,-28.65072],[150.41718,-28.65107],[150.41682,-28.65127],[150.41667,-28.65169],[150.41603,-28.65226],[150.41438,-28.652],[150.41407,-28.65147],[150.41288,-28.65043],[150.41255,-28.65003],[150.41216,-28.64912],[150.41197,-28.64823],[150.41204,-28.64782],[150.41297,-28.64708],[150.41403,-28.64693],[150.41456,-28.64711],[150.41489,-28.64695],[150.4155,-28.64637],[150.41581,-28.64542],[150.41592,-28.64243],[150.41568,-28.6408],[150.41529,-28.63958],[150.41563,-28.63701],[150.4159,-28.63606],[150.41588,-28.63553],[150.41531,-28.63462],[150.41481,-28.63424],[150.41419,-28.63388],[150.4124,-28.63345],[150.41187,-28.63345],[150.41118,-28.63366],[150.41006,-28.63436],[150.40943,-28.63433],[150.40885,-28.63402],[150.40685,-28.63236],[150.40445,-28.63098],[150.40431,-28.63055],[150.40435,-28.62957],[150.40415,-28.62924],[150.40326,-28.62813],[150.40281,-28.62787],[150.40263,-28.62756],[150.40218,-28.62729],[150.4016,-28.62718],[150.40054,-28.62743],[150.40009,-28.6278],[150.39973,-28.62834],[150.39908,-28.62847],[150.39828,-28.62842],[150.39788,-28.62869],[150.39689,-28.62897],[150.39648,-28.62934],[150.39626,-28.63027],[150.39495,-28.63153],[150.39379,-28.63224],[150.39168,-28.63403],[150.39061,-28.63441],[150.38923,-28.63423],[150.38856,-28.63394],[150.38752,-28.63381],[150.38617,-28.63311],[150.38505,-28.63224],[150.38483,-28.63165],[150.38497,-28.63084],[150.38566,-28.62977],[150.38669,-28.62874],[150.38709,-28.62768],[150.38718,-28.62698],[150.38708,-28.6265],[150.38669,-28.62603],[150.3862,-28.62588],[150.3847,-28.62607],[150.38381,-28.62606],[150.38294,-28.62632],[150.3811,-28.62721],[150.38037,-28.62726],[150.37961,-28.62715],[150.37893,-28.6269],[150.37792,-28.62608],[150.3767,-28.62504],[150.3746,-28.6229],[150.37374,-28.62236],[150.3716,-28.62201],[150.37015,-28.62114],[150.3695,-28.6204],[150.36936,-28.62009],[150.36933,-28.6195],[150.36964,-28.61823],[150.36955,-28.6175],[150.36889,-28.61538],[150.36857,-28.61344],[150.36872,-28.61324],[150.36933,-28.61301],[150.37051,-28.61169],[150.37055,-28.61141],[150.37031,-28.6105],[150.37002,-28.61011],[150.36952,-28.60977],[150.3681,-28.60974],[150.36765,-28.60963],[150.36669,-28.6091],[150.3645,-28.60893],[150.36415,-28.60879],[150.36354,-28.60814],[150.36331,-28.60738],[150.36334,-28.6066],[150.36376,-28.60565],[150.36457,-28.60513],[150.36601,-28.60464],[150.36694,-28.60341],[150.36801,-28.60107],[150.36839,-28.59893],[150.36823,-28.59828],[150.36749,-28.59763],[150.36646,-28.59741],[150.36472,-28.59751],[150.3635,-28.59745],[150.36282,-28.59675],[150.3626,-28.59576],[150.36272,-28.59431],[150.3635,-28.59208],[150.36359,-28.59125],[150.36341,-28.58977],[150.36315,-28.58932],[150.36283,-28.58907],[150.36247,-28.58888],[150.36174,-28.58877],[150.36144,-28.58884],[150.36023,-28.58954],[150.35894,-28.58989],[150.35801,-28.5899],[150.35594,-28.5894],[150.35491,-28.58927],[150.35399,-28.58891],[150.35294,-28.58823],[150.35221,-28.58758],[150.35153,-28.58674],[150.34983,-28.58391],[150.34933,-28.58278],[150.34908,-28.58115],[150.34913,-28.58045],[150.34939,-28.57959],[150.35077,-28.57727],[150.35113,-28.57621],[150.35106,-28.57577],[150.35058,-28.57506],[150.35006,-28.5748],[150.34947,-28.57481],[150.34764,-28.57524],[150.34677,-28.5753],[150.34475,-28.57505],[150.34164,-28.57499],[150.3402,-28.57469],[150.33789,-28.57386],[150.33543,-28.57319],[150.3325,-28.57258],[150.33071,-28.5724],[150.32963,-28.57208],[150.32787,-28.57111],[150.3265,-28.57013],[150.32404,-28.5679],[150.32309,-28.5666],[150.32142,-28.56185],[150.32124,-28.55878],[150.32097,-28.55796],[150.32016,-28.55696],[150.3194,-28.55644],[150.3181,-28.55586],[150.31602,-28.55557],[150.31369,-28.55556],[150.31317,-28.55536],[150.31181,-28.55405],[150.31038,-28.55161],[150.30981,-28.551],[150.30925,-28.55063],[150.30476,-28.5491],[150.30387,-28.54895],[150.30215,-28.54899],[150.30093,-28.54872],[150.30053,-28.5485],[150.29974,-28.54769],[150.29704,-28.54407],[150.29683,-28.54368],[150.29661,-28.54268],[150.29636,-28.54068],[150.29578,-28.53966],[150.29493,-28.53894],[150.2929,-28.53767],[150.29136,-28.5373],[150.29006,-28.53719],[150.28857,-28.53744],[150.28656,-28.53875],[150.28524,-28.54002],[150.28352,-28.54211],[150.28289,-28.54254],[150.28211,-28.54281],[150.28125,-28.54287],[150.28064,-28.54278],[150.27672,-28.5419],[150.27406,-28.54066],[150.27253,-28.53969],[150.27143,-28.5395],[150.27025,-28.53958],[150.26846,-28.54012],[150.26756,-28.54056],[150.26592,-28.54173],[150.2636,-28.54362],[150.26127,-28.54487],[150.25931,-28.54525],[150.25662,-28.54545],[150.25506,-28.54582],[150.25385,-28.54644],[150.25239,-28.5474],[150.25165,-28.5481],[150.2489,-28.55218],[150.24847,-28.55263],[150.24737,-28.55321],[150.2465,-28.55346],[150.24581,-28.55342],[150.24397,-28.55477],[150.24336,-28.55454],[150.24311,-28.55428],[150.24263,-28.55282],[150.24231,-28.55245],[150.24186,-28.55241],[150.24149,-28.55258],[150.24087,-28.55361],[150.24039,-28.55394],[150.23952,-28.55418],[150.23831,-28.55408],[150.23736,-28.55368],[150.23667,-28.55362],[150.23562,-28.55393],[150.23521,-28.55461],[150.23543,-28.55569],[150.23573,-28.55599],[150.23681,-28.55608],[150.23811,-28.55671],[150.23893,-28.55725],[150.23929,-28.55767],[150.23949,-28.55864],[150.23944,-28.55909],[150.23931,-28.55936],[150.23858,-28.55998],[150.23785,-28.5601],[150.23625,-28.55986],[150.23572,-28.55943],[150.2348,-28.55802],[150.23367,-28.55749],[150.23203,-28.55615],[150.23113,-28.55566],[150.22994,-28.55573],[150.22923,-28.5563],[150.22924,-28.55655],[150.2297,-28.55712],[150.22953,-28.55831],[150.22977,-28.55878],[150.23027,-28.55915],[150.23154,-28.55948],[150.23258,-28.55952],[150.23344,-28.55992],[150.23372,-28.56026],[150.23372,-28.56078],[150.23267,-28.56276],[150.23097,-28.56343],[150.22934,-28.56519],[150.22899,-28.5657],[150.22884,-28.56716],[150.22845,-28.56776],[150.22715,-28.56856],[150.22663,-28.56865],[150.22484,-28.56826],[150.22335,-28.56747],[150.22255,-28.56729],[150.22153,-28.56749],[150.22111,-28.56739],[150.22009,-28.56672],[150.2195,-28.56664],[150.2192,-28.56684],[150.21886,-28.56733],[150.21875,-28.56818],[150.21857,-28.56852],[150.21822,-28.56874],[150.2178,-28.56878],[150.2175,-28.56868],[150.21748,-28.56837],[150.21634,-28.56748],[150.21553,-28.56717],[150.21458,-28.56713],[150.21373,-28.56723],[150.21298,-28.56769],[150.21244,-28.5683],[150.2125,-28.56922],[150.2129,-28.56964],[150.213,-28.57018],[150.21275,-28.57066],[150.21279,-28.57143],[150.21365,-28.5729],[150.21317,-28.57397],[150.21259,-28.5743],[150.21061,-28.5741],[150.20971,-28.57371],[150.20903,-28.57295],[150.2082,-28.5726],[150.20756,-28.57257],[150.20629,-28.57299],[150.20616,-28.57327],[150.20568,-28.57356],[150.20473,-28.57354],[150.20355,-28.57325],[150.20264,-28.57276],[150.20233,-28.57246],[150.20221,-28.57167],[150.20248,-28.57079],[150.202,-28.56996],[150.20107,-28.56908],[150.20046,-28.56877],[150.19984,-28.56861],[150.19898,-28.56784],[150.19804,-28.56729],[150.19712,-28.56707],[150.19638,-28.56712],[150.19538,-28.56796],[150.19515,-28.56798],[150.19411,-28.56778],[150.19297,-28.56694],[150.19182,-28.56666],[150.19024,-28.56707],[150.18918,-28.56799],[150.18896,-28.56847],[150.18897,-28.56896],[150.18914,-28.56935],[150.18967,-28.56985],[150.18966,-28.57012],[150.18948,-28.57036],[150.18881,-28.57074],[150.18844,-28.57191],[150.18817,-28.57225],[150.18688,-28.57304],[150.18638,-28.57302],[150.18578,-28.57263],[150.18528,-28.57199],[150.18364,-28.57156],[150.18302,-28.57117],[150.18202,-28.57021],[150.18153,-28.56994],[150.18122,-28.56957],[150.18108,-28.56914],[150.18109,-28.56879],[150.18143,-28.56842],[150.18247,-28.56793],[150.18288,-28.56791],[150.18375,-28.56864],[150.18435,-28.56886],[150.18677,-28.56891],[150.18715,-28.56856],[150.18724,-28.56829],[150.1869,-28.56704],[150.18584,-28.56511],[150.18562,-28.56492],[150.18516,-28.56486],[150.18436,-28.5651],[150.18367,-28.56567],[150.18333,-28.56567],[150.18114,-28.56516],[150.17984,-28.56439],[150.17912,-28.56374],[150.17863,-28.56353],[150.17771,-28.5637],[150.1775,-28.56365],[150.17731,-28.56338],[150.17728,-28.56303],[150.17765,-28.56266],[150.17812,-28.56257],[150.17903,-28.56275],[150.17992,-28.56272],[150.18028,-28.56249],[150.18045,-28.5622],[150.18032,-28.56137],[150.18045,-28.56106],[150.18269,-28.55915],[150.18315,-28.55845],[150.18328,-28.55752],[150.18315,-28.55707],[150.18257,-28.55647],[150.18164,-28.55623],[150.18115,-28.55622],[150.1807,-28.55646],[150.17993,-28.55747],[150.17721,-28.559],[150.17654,-28.55923],[150.17611,-28.55923],[150.17577,-28.5591],[150.17514,-28.55801],[150.17486,-28.55786],[150.17431,-28.5578],[150.17395,-28.55793],[150.17324,-28.5588],[150.172,-28.5595],[150.17181,-28.55984],[150.17175,-28.56036],[150.17195,-28.56117],[150.17237,-28.5621],[150.17235,-28.56243],[150.17209,-28.56286],[150.17119,-28.56349],[150.17049,-28.56351],[150.16992,-28.56268],[150.16985,-28.56198],[150.17003,-28.56069],[150.16934,-28.55951],[150.16957,-28.55835],[150.16919,-28.55664],[150.16892,-28.55632],[150.16832,-28.55602],[150.16733,-28.55579],[150.1671,-28.55543],[150.16743,-28.55483],[150.16809,-28.55475],[150.16895,-28.55492],[150.16953,-28.55465],[150.16991,-28.55418],[150.16977,-28.55323],[150.16945,-28.55278],[150.16951,-28.5521],[150.16937,-28.5514],[150.16908,-28.55094],[150.16865,-28.55059],[150.16826,-28.55047],[150.16781,-28.55049],[150.16721,-28.55068],[150.16633,-28.55121],[150.16597,-28.55159],[150.16583,-28.55196],[150.16548,-28.55393],[150.16511,-28.55429],[150.16464,-28.55428],[150.1637,-28.55466],[150.16338,-28.55506],[150.16326,-28.55576],[150.16285,-28.55586],[150.16242,-28.5557],[150.16143,-28.55469],[150.16097,-28.55442],[150.1602,-28.55446],[150.15979,-28.55465],[150.15926,-28.55533],[150.15879,-28.55515],[150.15855,-28.55453],[150.1583,-28.55436],[150.15786,-28.55432],[150.15751,-28.5544],[150.1572,-28.55469],[150.15697,-28.55547],[150.15575,-28.55586],[150.15551,-28.55576],[150.15512,-28.55499],[150.15452,-28.55504],[150.15408,-28.55532],[150.15414,-28.55577],[150.15478,-28.55641],[150.15494,-28.55678],[150.15489,-28.5571],[150.15465,-28.55731],[150.15426,-28.55741],[150.15375,-28.55727],[150.15289,-28.55728],[150.15263,-28.55715],[150.15237,-28.55681],[150.152,-28.55578],[150.15155,-28.55545],[150.15161,-28.55519],[150.15214,-28.55456],[150.15214,-28.55363],[150.15232,-28.55344],[150.15309,-28.55343],[150.15363,-28.55359],[150.15406,-28.55352],[150.15421,-28.55343],[150.15431,-28.55309],[150.15411,-28.55275],[150.1527,-28.55232],[150.15271,-28.55205],[150.15345,-28.55133],[150.1537,-28.55074],[150.1535,-28.55044],[150.15319,-28.55025],[150.15253,-28.5502],[150.15193,-28.55037],[150.15169,-28.55063],[150.15167,-28.5511],[150.1515,-28.55133],[150.15038,-28.55181],[150.15013,-28.55219],[150.14975,-28.55235],[150.14856,-28.55229],[150.14811,-28.55242],[150.14739,-28.55307],[150.14734,-28.55336],[150.14746,-28.55377],[150.14786,-28.55436],[150.14793,-28.55506],[150.14758,-28.55647],[150.14763,-28.55708],[150.14831,-28.55764],[150.14835,-28.55806],[150.14819,-28.55829],[150.1477,-28.5585],[150.14712,-28.55848],[150.14657,-28.55835],[150.14506,-28.55767],[150.14401,-28.55744],[150.14343,-28.55767],[150.14298,-28.55843],[150.14303,-28.5588],[150.14361,-28.55927],[150.14387,-28.55963],[150.14399,-28.56009],[150.14372,-28.56129],[150.14287,-28.56194],[150.14237,-28.56188],[150.14177,-28.56156],[150.14148,-28.56119],[150.14126,-28.56042],[150.14099,-28.56018],[150.14032,-28.56001],[150.13874,-28.5601],[150.13859,-28.56051],[150.13876,-28.56095],[150.13878,-28.56191],[150.13905,-28.56289],[150.13927,-28.56447],[150.13916,-28.56488],[150.1389,-28.5652],[150.13847,-28.56545],[150.1381,-28.56548],[150.1377,-28.56536],[150.13745,-28.56514],[150.13719,-28.56461],[150.1362,-28.56388],[150.13629,-28.56346],[150.13689,-28.56336],[150.13736,-28.56288],[150.13723,-28.56266],[150.13666,-28.56227],[150.13685,-28.56143],[150.13681,-28.56051],[150.13636,-28.56003],[150.13581,-28.56016],[150.13542,-28.56067],[150.13481,-28.56086],[150.13358,-28.56097],[150.13285,-28.56151],[150.13189,-28.56319],[150.13202,-28.56356],[150.13233,-28.56369],[150.13319,-28.56344],[150.13405,-28.56347],[150.13425,-28.56371],[150.13432,-28.56458],[150.13373,-28.56479],[150.1328,-28.56555],[150.13162,-28.56564],[150.13035,-28.56532],[150.12957,-28.56488],[150.1296,-28.56429],[150.13045,-28.56353],[150.13061,-28.56321],[150.13058,-28.56271],[150.13009,-28.56256],[150.12928,-28.56262],[150.12826,-28.56252],[150.12783,-28.56263],[150.12713,-28.56346],[150.12673,-28.56481],[150.12629,-28.56501],[150.12599,-28.56494],[150.1254,-28.56459],[150.12501,-28.56387],[150.12499,-28.56282],[150.12442,-28.56221],[150.12438,-28.56173],[150.12409,-28.56135],[150.12364,-28.56105],[150.12297,-28.56084],[150.12232,-28.56008],[150.12158,-28.55964],[150.12121,-28.55974],[150.12102,-28.55998],[150.12082,-28.561],[150.12104,-28.56226],[150.12098,-28.56258],[150.12069,-28.56275],[150.12002,-28.56262],[150.11944,-28.56206],[150.11868,-28.56177],[150.11728,-28.56199],[150.11619,-28.56176],[150.11595,-28.56191],[150.11583,-28.56223],[150.11594,-28.5624],[150.11691,-28.56295],[150.11706,-28.56341],[150.11657,-28.56395],[150.11585,-28.56415],[150.11551,-28.564],[150.1146,-28.56284],[150.11413,-28.56257],[150.1137,-28.56255],[150.1132,-28.56284],[150.113,-28.56363],[150.11319,-28.56389],[150.11443,-28.56424],[150.11465,-28.56465],[150.11461,-28.56505],[150.11474,-28.5653],[150.11557,-28.56581],[150.11584,-28.56657],[150.11559,-28.567],[150.11536,-28.5681],[150.11493,-28.56848],[150.11373,-28.56832],[150.11225,-28.56793],[150.11174,-28.56797],[150.11148,-28.56814],[150.11137,-28.56831],[150.1118,-28.56931],[150.11176,-28.56993],[150.11114,-28.57034],[150.11017,-28.57011],[150.10858,-28.56867],[150.10722,-28.56838],[150.10521,-28.56774],[150.10482,-28.56735],[150.10479,-28.56676],[150.10503,-28.56577],[150.10489,-28.56546],[150.10414,-28.56494],[150.10335,-28.56494],[150.10293,-28.56509],[150.10152,-28.56598],[150.10111,-28.56602],[150.10019,-28.56573],[150.09901,-28.56499],[150.09813,-28.56389],[150.09707,-28.56331],[150.09646,-28.56322],[150.09541,-28.56382],[150.09221,-28.56406],[150.09133,-28.56462],[150.09109,-28.56485],[150.09095,-28.56526],[150.09102,-28.56581],[150.09153,-28.56654],[150.09152,-28.56699],[150.09101,-28.56865],[150.09111,-28.56905],[150.09152,-28.5696],[150.0916,-28.57109],[150.09191,-28.57169],[150.0926,-28.5724],[150.0935,-28.57307],[150.09385,-28.57367],[150.09383,-28.57503],[150.09372,-28.57551],[150.09317,-28.57637],[150.09319,-28.57729],[150.09276,-28.57843],[150.09226,-28.57907],[150.09187,-28.57924],[150.09111,-28.57933],[150.09044,-28.57912],[150.08981,-28.57871],[150.08956,-28.57801],[150.09012,-28.57692],[150.09046,-28.57667],[150.09061,-28.57583],[150.09048,-28.57561],[150.09014,-28.57541],[150.08977,-28.57538],[150.0889,-28.57582],[150.08844,-28.57576],[150.08754,-28.57534],[150.08721,-28.57544],[150.08671,-28.57582],[150.08529,-28.57563],[150.08506,-28.57577],[150.08494,-28.57628],[150.08508,-28.57664],[150.08596,-28.57717],[150.08659,-28.57735],[150.08759,-28.57707],[150.08781,-28.57707],[150.088,-28.57728],[150.08795,-28.57891],[150.08782,-28.57948],[150.08738,-28.58038],[150.087,-28.5807],[150.08523,-28.58091],[150.08438,-28.58031],[150.08364,-28.58007],[150.08318,-28.57953],[150.083,-28.57888],[150.08197,-28.5776],[150.08133,-28.57737],[150.08089,-28.57746],[150.08067,-28.57774],[150.08066,-28.57816],[150.08045,-28.57837],[150.0804,-28.57863],[150.08078,-28.57906],[150.08077,-28.57945],[150.07977,-28.58108],[150.07979,-28.58172],[150.08013,-28.58188],[150.08061,-28.58189],[150.08234,-28.58161],[150.08257,-28.58176],[150.08269,-28.58203],[150.08264,-28.58245],[150.08228,-28.58292],[150.08004,-28.58428],[150.07851,-28.58413],[150.07698,-28.58349],[150.07621,-28.58279],[150.07585,-28.58229],[150.07502,-28.58171],[150.07481,-28.58143],[150.07488,-28.58034],[150.07473,-28.58003],[150.0744,-28.57996],[150.07388,-28.58018],[150.07222,-28.58011],[150.07199,-28.57987],[150.07169,-28.57913],[150.07188,-28.57835],[150.073,-28.57733],[150.07292,-28.57684],[150.07263,-28.57664],[150.07185,-28.57669],[150.07144,-28.57705],[150.07065,-28.5772],[150.06968,-28.57824],[150.06953,-28.57847],[150.06952,-28.57898],[150.06976,-28.57945],[150.07014,-28.57984],[150.07027,-28.58024],[150.07002,-28.58075],[150.06904,-28.58111],[150.06879,-28.58098],[150.06862,-28.58036],[150.06823,-28.57973],[150.06822,-28.57925],[150.06843,-28.57863],[150.06836,-28.57841],[150.06752,-28.57795],[150.06637,-28.57771],[150.0659,-28.57776],[150.06566,-28.57802],[150.06542,-28.57871],[150.06504,-28.57919],[150.0646,-28.5791],[150.06445,-28.57888],[150.06441,-28.57788],[150.06415,-28.57761],[150.06382,-28.57751],[150.06288,-28.57781],[150.06228,-28.57782],[150.06143,-28.57819],[150.06066,-28.5782],[150.0581,-28.57898],[150.0576,-28.57931],[150.05717,-28.57986],[150.05715,-28.58022],[150.05734,-28.58077],[150.05719,-28.58185],[150.05748,-28.58361],[150.05737,-28.58385],[150.05703,-28.58411],[150.05567,-28.58424],[150.05541,-28.58449],[150.05539,-28.58483],[150.05607,-28.58573],[150.05646,-28.58599],[150.05661,-28.5863],[150.05654,-28.5865],[150.05635,-28.5866],[150.05571,-28.58649],[150.05512,-28.58569],[150.05456,-28.58553],[150.05301,-28.58572],[150.05154,-28.58526],[150.05117,-28.58528],[150.05089,-28.58539],[150.05062,-28.5857],[150.0503,-28.58676],[150.05036,-28.58728],[150.04941,-28.58811],[150.04945,-28.58892],[150.04928,-28.58926],[150.04883,-28.58944],[150.04789,-28.58907],[150.0476,-28.58883],[150.04702,-28.58751],[150.04638,-28.58728],[150.04545,-28.58724],[150.04459,-28.58705],[150.0442,-28.58649],[150.04437,-28.58605],[150.04536,-28.58526],[150.04611,-28.58358],[150.04614,-28.58293],[150.04569,-28.5823],[150.04538,-28.58222],[150.0447,-28.58241],[150.04373,-28.58215],[150.04335,-28.58217],[150.04305,-28.58247],[150.04291,-28.5831],[150.04321,-28.58394],[150.04312,-28.58436],[150.04242,-28.5847],[150.04154,-28.58493],[150.04129,-28.58524],[150.04104,-28.58595],[150.04076,-28.58615],[150.04049,-28.58619],[150.03994,-28.58611],[150.0397,-28.58593],[150.03937,-28.58531],[150.0394,-28.58461],[150.03962,-28.58413],[150.04024,-28.5837],[150.04008,-28.58308],[150.03973,-28.58287],[150.03858,-28.58319],[150.03785,-28.58356],[150.03742,-28.58399],[150.03727,-28.58472],[150.03686,-28.58564],[150.03661,-28.58605],[150.0362,-28.58616],[150.03573,-28.58596],[150.03553,-28.58571],[150.03535,-28.58535],[150.03519,-28.5844],[150.03417,-28.58342],[150.03368,-28.58327],[150.03304,-28.58338],[150.03269,-28.58353],[150.03223,-28.58405],[150.03177,-28.58409],[150.03102,-28.58378],[150.03065,-28.58323],[150.03,-28.58268],[150.02977,-28.58224],[150.02992,-28.58199],[150.03059,-28.58174],[150.03092,-28.58138],[150.03103,-28.58085],[150.03095,-28.58058],[150.03062,-28.58028],[150.02964,-28.57993],[150.02797,-28.57968],[150.02687,-28.57902],[150.02654,-28.57896],[150.02603,-28.57905],[150.02542,-28.57959],[150.02512,-28.58025],[150.02485,-28.58135],[150.02424,-28.58194],[150.02352,-28.5823],[150.02186,-28.58271],[150.021,-28.58268],[150.01952,-28.58166],[150.01899,-28.58119],[150.01859,-28.58051],[150.01807,-28.58017],[150.01756,-28.5801],[150.01536,-28.58055],[150.01523,-28.58072],[150.01527,-28.58104],[150.01546,-28.58133],[150.0161,-28.58183],[150.0172,-28.58241],[150.01733,-28.58312],[150.01725,-28.58335],[150.01688,-28.58357],[150.01631,-28.58365],[150.01564,-28.58345],[150.01486,-28.58298],[150.01455,-28.58295],[150.01377,-28.5832],[150.01309,-28.58317],[150.01293,-28.58357],[150.01524,-28.58526],[150.01522,-28.58568],[150.01474,-28.58589],[150.01178,-28.58515],[150.01156,-28.58531],[150.01131,-28.58583],[150.01143,-28.58637],[150.01136,-28.58665],[150.01079,-28.58691],[150.01045,-28.58729],[150.00996,-28.58822],[150.00982,-28.58865],[150.01005,-28.58958],[150.00989,-28.58994],[150.0095,-28.5902],[150.00884,-28.59098],[150.00808,-28.59136],[150.00761,-28.59137],[150.00724,-28.59114],[150.00651,-28.59026],[150.00625,-28.58943],[150.00608,-28.58789],[150.00622,-28.5873],[150.00614,-28.58693],[150.00576,-28.58665],[150.00528,-28.58676],[150.00467,-28.58729],[150.00466,-28.5877],[150.00488,-28.58825],[150.00471,-28.58868],[150.00298,-28.58963],[150.0018,-28.58987],[150.00118,-28.59038],[150.00121,-28.59087],[150.00158,-28.59122],[150.00235,-28.59148],[150.00287,-28.59151],[150.00328,-28.59181],[150.00341,-28.59236],[150.00292,-28.59281],[150.00239,-28.59279],[150.00185,-28.5926],[150.00086,-28.59258],[150.00048,-28.59244],[149.99896,-28.59131],[149.99853,-28.59141],[149.99841,-28.5918],[149.99853,-28.59217],[149.99936,-28.59374],[149.99936,-28.5945],[149.99884,-28.59531],[149.99855,-28.59551],[149.99783,-28.59548],[149.99716,-28.59502],[149.99661,-28.59411],[149.99609,-28.5938],[149.99555,-28.59367],[149.99497,-28.59391],[149.99452,-28.59438],[149.99439,-28.59468],[149.99438,-28.59528],[149.99474,-28.5958],[149.99485,-28.59622],[149.99467,-28.59645],[149.99385,-28.59682],[149.99366,-28.59711],[149.99377,-28.59778],[149.99437,-28.59829],[149.99431,-28.59888],[149.99343,-28.60026],[149.99291,-28.60081],[149.99138,-28.60131],[149.99041,-28.60119],[149.98918,-28.60144],[149.98778,-28.6014],[149.98759,-28.60145],[149.98668,-28.60244],[149.98546,-28.60246],[149.98505,-28.60257],[149.9849,-28.60331],[149.98517,-28.60355],[149.98736,-28.60427],[149.98756,-28.60442],[149.98744,-28.605],[149.98666,-28.60509],[149.98566,-28.60477],[149.98492,-28.60423],[149.98442,-28.60411],[149.98388,-28.60422],[149.98306,-28.60486],[149.98227,-28.6053],[149.98191,-28.60571],[149.98184,-28.6068],[149.98157,-28.60746],[149.98165,-28.60799],[149.98146,-28.6082],[149.9812,-28.60832],[149.98061,-28.60816],[149.98019,-28.60834],[149.97972,-28.60824],[149.9793,-28.60832],[149.97901,-28.6084],[149.97851,-28.60878],[149.97826,-28.60983],[149.97784,-28.61028],[149.97724,-28.61168],[149.97776,-28.6128],[149.97755,-28.6134],[149.97725,-28.61356],[149.97653,-28.61361],[149.97583,-28.61324],[149.97568,-28.61271],[149.97585,-28.61209],[149.97569,-28.61185],[149.9752,-28.61162],[149.97498,-28.61094],[149.97432,-28.61021],[149.97406,-28.60928],[149.97224,-28.60812],[149.97155,-28.6081],[149.97096,-28.60823],[149.97069,-28.60849],[149.97119,-28.60986],[149.97088,-28.61024],[149.97052,-28.61028],[149.96945,-28.60967],[149.96897,-28.60897],[149.96874,-28.60876],[149.96836,-28.60869],[149.96808,-28.60874],[149.96743,-28.6098],[149.96643,-28.61003],[149.96602,-28.6104],[149.96517,-28.61063],[149.96471,-28.61089],[149.9643,-28.61089],[149.9632,-28.61042],[149.96272,-28.6104],[149.96257,-28.61055],[149.96265,-28.61096],[149.96242,-28.61134],[149.96297,-28.61214],[149.9629,-28.61245],[149.96273,-28.61254],[149.96233,-28.61247],[149.96028,-28.61153],[149.9594,-28.6109],[149.95862,-28.61062],[149.95742,-28.61039],[149.95702,-28.61007],[149.95694,-28.60993],[149.95712,-28.60939],[149.95789,-28.60828],[149.95784,-28.60812],[149.95752,-28.60792],[149.95718,-28.60781],[149.95673,-28.60787],[149.9562,-28.60812],[149.95514,-28.60815],[149.95438,-28.60841],[149.95356,-28.60908],[149.95374,-28.60965],[149.95345,-28.60989],[149.95311,-28.60995],[149.95249,-28.60974],[149.95221,-28.60951],[149.95165,-28.60858],[149.95091,-28.60833],[149.94994,-28.60879],[149.94944,-28.60994],[149.94862,-28.61078],[149.94859,-28.61124],[149.94919,-28.61218],[149.94951,-28.61238],[149.94971,-28.6128],[149.94959,-28.61304],[149.94868,-28.61304],[149.94749,-28.61276],[149.94674,-28.61283],[149.94594,-28.61324],[149.94569,-28.61384],[149.94568,-28.61441],[149.94555,-28.61451],[149.94496,-28.61453],[149.94435,-28.61389],[149.94395,-28.61373],[149.94326,-28.61389],[149.94299,-28.61475],[149.94336,-28.6155],[149.94314,-28.61626],[149.94323,-28.61766],[149.94288,-28.61817],[149.94256,-28.61838],[149.94209,-28.61839],[149.94008,-28.61742],[149.93962,-28.61706],[149.93937,-28.61657],[149.9383,-28.61581],[149.93773,-28.61556],[149.93712,-28.61547],[149.93684,-28.61495],[149.93688,-28.61451],[149.93651,-28.61416],[149.93636,-28.61383],[149.93641,-28.61312],[149.93674,-28.61194],[149.93667,-28.61107],[149.93606,-28.61039],[149.93565,-28.61023],[149.93522,-28.61024],[149.9348,-28.61048],[149.93455,-28.61047],[149.93418,-28.61063],[149.93383,-28.612],[149.93337,-28.61284],[149.93284,-28.61302],[149.93226,-28.61282],[149.93186,-28.61252],[149.93088,-28.61234],[149.93055,-28.612],[149.9303,-28.61206],[149.93016,-28.61225],[149.93031,-28.61323],[149.92987,-28.61346],[149.92966,-28.61345],[149.92922,-28.61309],[149.92882,-28.61211],[149.92825,-28.61133],[149.92748,-28.61103],[149.92702,-28.61062],[149.92662,-28.61055],[149.92599,-28.6111],[149.92532,-28.61142],[149.92491,-28.6114],[149.92522,-28.60957],[149.92522,-28.60927],[149.92501,-28.60901],[149.92477,-28.60894],[149.92425,-28.60908],[149.9239,-28.60944],[149.92347,-28.60958],[149.92306,-28.60951],[149.92197,-28.60969],[149.92182,-28.60992],[149.92203,-28.61034],[149.92179,-28.6106],[149.92156,-28.61061],[149.92012,-28.61023],[149.91984,-28.60998],[149.91982,-28.60968],[149.91938,-28.60957],[149.91879,-28.6101],[149.91845,-28.61011],[149.91804,-28.60986],[149.918,-28.60948],[149.91817,-28.60893],[149.91763,-28.6083],[149.91733,-28.60814],[149.91708,-28.60819],[149.91632,-28.60961],[149.91584,-28.60979],[149.91436,-28.60938],[149.91283,-28.61001],[149.91226,-28.61077],[149.9119,-28.61057],[149.91162,-28.61002],[149.91126,-28.61004],[149.91092,-28.6102],[149.91013,-28.6102],[149.90965,-28.61037],[149.9086,-28.61046],[149.90842,-28.61062],[149.90842,-28.61082],[149.90927,-28.61158],[149.90951,-28.6123],[149.90813,-28.61439],[149.90744,-28.61494],[149.90698,-28.61485],[149.90684,-28.61461],[149.90688,-28.61376],[149.9067,-28.6136],[149.90596,-28.61339],[149.90559,-28.61354],[149.90528,-28.61387],[149.90532,-28.61484],[149.90522,-28.61525],[149.90483,-28.61539],[149.90437,-28.61506],[149.90377,-28.61504],[149.90315,-28.61557],[149.90313,-28.61631],[149.9033,-28.61686],[149.9036,-28.61723],[149.90445,-28.61758],[149.90547,-28.61779],[149.90574,-28.61799],[149.90572,-28.61839],[149.90506,-28.61913],[149.90352,-28.61991],[149.90263,-28.61974],[149.90195,-28.61931],[149.90126,-28.61919],[149.90012,-28.61958],[149.89935,-28.61967],[149.89923,-28.61995],[149.89994,-28.62078],[149.90028,-28.62176],[149.90022,-28.62191],[149.89965,-28.6222],[149.89893,-28.62211],[149.8983,-28.62217],[149.89738,-28.62162],[149.89723,-28.62107],[149.89753,-28.62003],[149.89745,-28.61929],[149.89694,-28.61903],[149.89571,-28.6191],[149.89495,-28.61883],[149.89485,-28.6184],[149.8951,-28.61794],[149.89495,-28.6172],[149.89427,-28.61639],[149.89418,-28.61613],[149.89379,-28.61597],[149.89317,-28.61603],[149.89227,-28.61671],[149.89165,-28.61752],[149.89085,-28.61828],[149.89084,-28.61894],[149.89071,-28.61921],[149.89035,-28.61938],[149.89009,-28.61937],[149.88955,-28.61893],[149.88941,-28.6184],[149.88913,-28.61798],[149.88916,-28.61758],[149.88893,-28.61709],[149.88782,-28.61598],[149.88688,-28.61573],[149.8867,-28.61517],[149.88679,-28.61497],[149.88772,-28.61445],[149.88803,-28.61443],[149.8889,-28.61402],[149.88959,-28.61398],[149.88997,-28.61421],[149.89116,-28.61413],[149.89134,-28.61375],[149.8905,-28.61269],[149.88802,-28.61279],[149.88649,-28.61251],[149.88625,-28.61261],[149.88618,-28.61295],[149.88674,-28.61356],[149.88691,-28.61413],[149.88651,-28.61436],[149.88624,-28.61432],[149.88541,-28.61361],[149.88514,-28.61272],[149.88481,-28.61251],[149.88375,-28.61234],[149.88328,-28.6125],[149.8829,-28.61355],[149.88233,-28.61372],[149.88205,-28.61346],[149.88191,-28.61277],[149.88264,-28.61042],[149.88264,-28.61005],[149.88251,-28.60986],[149.88219,-28.60982],[149.88105,-28.61048],[149.88057,-28.61131],[149.87955,-28.61124],[149.8786,-28.61161],[149.87797,-28.61207],[149.87748,-28.61199],[149.87689,-28.61126],[149.8771,-28.61066],[149.87766,-28.61012],[149.87746,-28.60882],[149.87713,-28.60854],[149.87605,-28.60843],[149.87575,-28.60828],[149.87485,-28.60741],[149.87463,-28.60692],[149.87493,-28.60542],[149.87477,-28.60414],[149.87412,-28.60352],[149.87374,-28.60352],[149.87279,-28.60411],[149.87243,-28.60452],[149.87205,-28.60542],[149.87202,-28.60585],[149.87229,-28.60597],[149.87255,-28.60657],[149.87242,-28.60702],[149.87207,-28.60739],[149.87153,-28.60747],[149.87128,-28.6073],[149.87111,-28.60702],[149.87106,-28.60657],[149.87116,-28.60579],[149.87108,-28.60556],[149.87088,-28.60551],[149.87045,-28.6056],[149.86939,-28.60646],[149.86884,-28.60712],[149.86827,-28.60747],[149.86796,-28.6075],[149.86753,-28.60723],[149.86705,-28.60583],[149.86638,-28.60535],[149.86633,-28.6052],[149.8668,-28.60471],[149.86687,-28.60444],[149.86663,-28.60394],[149.86549,-28.60348],[149.86472,-28.60285],[149.86422,-28.60275],[149.86333,-28.6029],[149.86266,-28.60254],[149.86213,-28.60241],[149.86174,-28.60262],[149.86179,-28.60303],[149.86212,-28.60361],[149.86309,-28.60452],[149.86319,-28.605],[149.86267,-28.60534],[149.8611,-28.60464],[149.86076,-28.60467],[149.86047,-28.60483],[149.86046,-28.60539],[149.86091,-28.60596],[149.86079,-28.60687],[149.86065,-28.60716],[149.8598,-28.60726],[149.85938,-28.60693],[149.85903,-28.60684],[149.85874,-28.60699],[149.85822,-28.60654],[149.85821,-28.60569],[149.85805,-28.6055],[149.85667,-28.60543],[149.85506,-28.6045],[149.85443,-28.60438],[149.85408,-28.60468],[149.85412,-28.60509],[149.85442,-28.60567],[149.85365,-28.60609],[149.85278,-28.60594],[149.85222,-28.6053],[149.85172,-28.60534],[149.85104,-28.60578],[149.85085,-28.6061],[149.85076,-28.6073],[149.85044,-28.60774],[149.85022,-28.60785],[149.85033,-28.60862],[149.85002,-28.60901],[149.84904,-28.60934],[149.84823,-28.60922],[149.84728,-28.61023],[149.84681,-28.61042],[149.84494,-28.61059],[149.84431,-28.61049],[149.84358,-28.60999],[149.84338,-28.6094],[149.84365,-28.6086],[149.84359,-28.60834],[149.84266,-28.60699],[149.84241,-28.60669],[149.84169,-28.60622],[149.8407,-28.60598],[149.84034,-28.60493],[149.83995,-28.60445],[149.83925,-28.60394],[149.83866,-28.60382],[149.83803,-28.60413],[149.83646,-28.60436],[149.83587,-28.60427],[149.83445,-28.60355],[149.8339,-28.60345],[149.83318,-28.60354],[149.83265,-28.60384],[149.83141,-28.60381],[149.83068,-28.60407],[149.83004,-28.6048],[149.82997,-28.60527],[149.8301,-28.60594],[149.82954,-28.60658],[149.82688,-28.60681],[149.82672,-28.6073],[149.82727,-28.60835],[149.82729,-28.60868],[149.82707,-28.60904],[149.82681,-28.60912],[149.82606,-28.60902],[149.82541,-28.60878],[149.82485,-28.60874],[149.82376,-28.60903],[149.82235,-28.60897],[149.82219,-28.60909],[149.82214,-28.60937],[149.82233,-28.61002],[149.82223,-28.61119],[149.82184,-28.6117],[149.8205,-28.6121],[149.82014,-28.61238],[149.81991,-28.61334],[149.81956,-28.61411],[149.8195,-28.61473],[149.81975,-28.61527],[149.82035,-28.61571],[149.82045,-28.61632],[149.82015,-28.61669],[149.81938,-28.61683],[149.81875,-28.61659],[149.81823,-28.61605],[149.81776,-28.61511],[149.81786,-28.61445],[149.81804,-28.61412],[149.81797,-28.6138],[149.81732,-28.61273],[149.81708,-28.61258],[149.81635,-28.61253],[149.81598,-28.6123],[149.81576,-28.61183],[149.81576,-28.61079],[149.81561,-28.61022],[149.81482,-28.60886],[149.81417,-28.60819],[149.81392,-28.60814],[149.81346,-28.60828],[149.81282,-28.60883],[149.8125,-28.60864],[149.81259,-28.60767],[149.81214,-28.60704],[149.81187,-28.60622],[149.81167,-28.60607],[149.81135,-28.60608],[149.81069,-28.60653],[149.81063,-28.60695],[149.81078,-28.60727],[149.81066,-28.60753],[149.80993,-28.60768],[149.80922,-28.60769],[149.80801,-28.6075],[149.80493,-28.60793],[149.8039,-28.6076],[149.80331,-28.60765],[149.80258,-28.6083],[149.8025,-28.60871],[149.80165,-28.60988],[149.80132,-28.60995],[149.80114,-28.60978],[149.8011,-28.60946],[149.80129,-28.60894],[149.80075,-28.6083],[149.80006,-28.60805],[149.79913,-28.60874],[149.79772,-28.61042],[149.79687,-28.61057],[149.79652,-28.61052],[149.79581,-28.61018],[149.79534,-28.61012],[149.79491,-28.6102],[149.7946,-28.61033],[149.79399,-28.61143],[149.79381,-28.61152],[149.7932,-28.61148],[149.79285,-28.61119],[149.79259,-28.61114],[149.79182,-28.61136],[149.79125,-28.61188],[149.79075,-28.61202],[149.78857,-28.61199],[149.78728,-28.6118],[149.78658,-28.61181],[149.78623,-28.61202],[149.78618,-28.61247],[149.78654,-28.61345],[149.78649,-28.614],[149.78588,-28.61427],[149.78473,-28.61406],[149.78404,-28.61441],[149.78376,-28.61443],[149.78343,-28.61432],[149.78318,-28.61399],[149.78321,-28.61362],[149.78357,-28.61317],[149.78361,-28.6129],[149.7834,-28.61232],[149.78278,-28.61191],[149.7825,-28.61196],[149.78145,-28.61272],[149.78087,-28.61252],[149.78044,-28.61155],[149.78052,-28.611],[149.78043,-28.61058],[149.7798,-28.61019],[149.77924,-28.61026],[149.77889,-28.61058],[149.77767,-28.61123],[149.77728,-28.61201],[149.77733,-28.61293],[149.77723,-28.61321],[149.77667,-28.61354],[149.77631,-28.61354],[149.77567,-28.61329],[149.77531,-28.61295],[149.77512,-28.61229],[149.77534,-28.61177],[149.77508,-28.61017],[149.77495,-28.60997],[149.77432,-28.60965],[149.77408,-28.60967],[149.77382,-28.60988],[149.77356,-28.60986],[149.77303,-28.60953],[149.77283,-28.60926],[149.77248,-28.60925],[149.77206,-28.60947],[149.77138,-28.61105],[149.77145,-28.61139],[149.77163,-28.61161],[149.772,-28.61175],[149.77252,-28.61165],[149.77321,-28.61132],[149.77359,-28.61159],[149.77382,-28.61213],[149.77375,-28.61243],[149.77338,-28.61283],[149.7732,-28.61395],[149.77258,-28.61452],[149.77159,-28.61476],[149.77094,-28.61448],[149.77059,-28.61382],[149.77066,-28.61306],[149.76921,-28.61244],[149.76775,-28.61134],[149.76745,-28.61165],[149.76748,-28.61211],[149.76768,-28.61266],[149.76797,-28.61292],[149.76824,-28.61374],[149.76819,-28.61405],[149.76776,-28.61449],[149.76641,-28.61442],[149.76606,-28.61426],[149.76535,-28.61323],[149.765,-28.61308],[149.7646,-28.61344],[149.76458,-28.61383],[149.76417,-28.6147],[149.76388,-28.61482],[149.76361,-28.61469],[149.76317,-28.61395],[149.76264,-28.61379],[149.76189,-28.61391],[149.76124,-28.61441],[149.76065,-28.61535],[149.76045,-28.6155],[149.75988,-28.61548],[149.75969,-28.61528],[149.75945,-28.61387],[149.75924,-28.61348],[149.7587,-28.61304],[149.75796,-28.61268],[149.75712,-28.61253],[149.75553,-28.61166],[149.75553,-28.6114],[149.75644,-28.6106],[149.75646,-28.61017],[149.75627,-28.60992],[149.75599,-28.60981],[149.75468,-28.60986],[149.75393,-28.61029],[149.75366,-28.61058],[149.75366,-28.61096],[149.75401,-28.61123],[149.75404,-28.61142],[149.75398,-28.6116],[149.75368,-28.61179],[149.75366,-28.61213],[149.75425,-28.61237],[149.75441,-28.61257],[149.7543,-28.61293],[149.75384,-28.61304],[149.75277,-28.61294],[149.75198,-28.61268],[149.7516,-28.61131],[149.75105,-28.61113],[149.75075,-28.61118],[149.75049,-28.61157],[149.75043,-28.61188],[149.75082,-28.61258],[149.75054,-28.61277],[149.75013,-28.61257],[149.74978,-28.61177],[149.74932,-28.61146],[149.74894,-28.6115],[149.74845,-28.61181],[149.7478,-28.61264],[149.74734,-28.61253],[149.74688,-28.61196],[149.74648,-28.61203],[149.74566,-28.61314],[149.74527,-28.61399],[149.74521,-28.61477],[149.74487,-28.61512],[149.74419,-28.61525],[149.74409,-28.61554],[149.74426,-28.61576],[149.74463,-28.61584],[149.74544,-28.61573],[149.74577,-28.61583],[149.74602,-28.61597],[149.74636,-28.61646],[149.74642,-28.6174],[149.74604,-28.61815],[149.74584,-28.61841],[149.74533,-28.61869],[149.74499,-28.61872],[149.74436,-28.61846],[149.7431,-28.61728],[149.74289,-28.61671],[149.74312,-28.61607],[149.74307,-28.6159],[149.74226,-28.61591],[149.74195,-28.61579],[149.74181,-28.6156],[149.74173,-28.61496],[149.74152,-28.61452],[149.74154,-28.61424],[149.74197,-28.61371],[149.74193,-28.61349],[149.74177,-28.61344],[149.74142,-28.61346],[149.74063,-28.61378],[149.74002,-28.61426],[149.73919,-28.61467],[149.73888,-28.61529],[149.73886,-28.61563],[149.73932,-28.61594],[149.74,-28.61612],[149.7404,-28.61655],[149.74042,-28.61677],[149.74024,-28.61712],[149.74001,-28.61728],[149.73934,-28.61744],[149.7383,-28.61748],[149.73766,-28.61731],[149.73721,-28.61695],[149.73709,-28.61653],[149.73718,-28.61625],[149.73688,-28.61593],[149.73649,-28.61607],[149.73632,-28.6163],[149.7359,-28.61642],[149.73583,-28.61655],[149.73617,-28.61715],[149.73623,-28.61745],[149.73613,-28.61762],[149.7355,-28.61774],[149.73519,-28.61764],[149.73475,-28.61731],[149.73464,-28.61693],[149.73476,-28.61657],[149.73452,-28.61635],[149.7342,-28.61626],[149.7336,-28.61632],[149.73331,-28.6162],[149.73318,-28.61584],[149.73342,-28.61551],[149.73339,-28.61506],[149.73315,-28.61474],[149.73284,-28.61459],[149.73229,-28.61492],[149.73194,-28.61576],[149.73205,-28.61606],[149.73168,-28.61695],[149.73105,-28.61726],[149.73026,-28.61706],[149.72981,-28.61676],[149.72955,-28.61608],[149.72962,-28.61556],[149.72949,-28.61536],[149.72898,-28.61532],[149.72797,-28.61595],[149.72634,-28.61576],[149.72607,-28.61562],[149.72583,-28.61525],[149.7259,-28.61467],[149.7262,-28.61415],[149.72589,-28.61368],[149.72606,-28.61332],[149.72684,-28.61311],[149.72725,-28.61341],[149.72784,-28.61332],[149.7281,-28.61302],[149.72804,-28.61285],[149.72739,-28.61227],[149.72677,-28.61199],[149.72676,-28.61181],[149.72686,-28.6117],[149.72919,-28.61173],[149.72944,-28.61162],[149.72955,-28.61089],[149.7294,-28.61074],[149.72873,-28.61059],[149.72817,-28.6103],[149.72757,-28.6103],[149.72722,-28.61052],[149.72632,-28.61041],[149.72574,-28.61016],[149.7247,-28.60935],[149.72421,-28.60952],[149.72376,-28.60986],[149.72292,-28.61005],[149.72119,-28.60942],[149.72049,-28.60976],[149.72036,-28.61001],[149.72044,-28.6107],[149.72072,-28.61107],[149.72113,-28.61129],[149.72342,-28.61187],[149.72372,-28.61251],[149.72332,-28.61314],[149.72293,-28.61327],[149.7223,-28.61327],[149.72147,-28.61294],[149.72077,-28.61226],[149.71922,-28.6116],[149.71857,-28.61165],[149.71803,-28.61199],[149.71782,-28.61253],[149.71736,-28.61307],[149.71754,-28.61404],[149.71718,-28.61468],[149.71577,-28.61521],[149.71422,-28.61656],[149.71388,-28.61672],[149.71344,-28.61662],[149.71258,-28.61525],[149.71253,-28.61496],[149.71275,-28.61427],[149.71394,-28.61335],[149.71412,-28.61283],[149.71357,-28.6124],[149.71296,-28.61237],[149.71195,-28.61303],[149.71206,-28.61335],[149.711,-28.61447],[149.71068,-28.61433],[149.71007,-28.61326],[149.70983,-28.61305],[149.70772,-28.61429],[149.70711,-28.61476],[149.70667,-28.61515],[149.70651,-28.61559],[149.70661,-28.61621],[149.70641,-28.61685],[149.70643,-28.61729],[149.70591,-28.61799],[149.70546,-28.61798],[149.70511,-28.61716],[149.70481,-28.61706],[149.70431,-28.61658],[149.70403,-28.61667],[149.70389,-28.61714],[149.70408,-28.61769],[149.70343,-28.61904],[149.70349,-28.61945],[149.70378,-28.61976],[149.70442,-28.61979],[149.70464,-28.61993],[149.70502,-28.62078],[149.70564,-28.62108],[149.70592,-28.62191],[149.70614,-28.62198],[149.70648,-28.62188],[149.70678,-28.62164],[149.70701,-28.62116],[149.70707,-28.62053],[149.70742,-28.6201],[149.70848,-28.6199],[149.70984,-28.61981],[149.71018,-28.62014],[149.71021,-28.62038],[149.71004,-28.62077],[149.70914,-28.6212],[149.7089,-28.6217],[149.70867,-28.62186],[149.70786,-28.62195],[149.70724,-28.62278],[149.70657,-28.62283],[149.70583,-28.62257],[149.70556,-28.62267],[149.70541,-28.62306],[149.70573,-28.62349],[149.70572,-28.62381],[149.70657,-28.62487],[149.70662,-28.62521],[149.70621,-28.62583],[149.7058,-28.62585],[149.70479,-28.62522],[149.70418,-28.62512],[149.70371,-28.62517],[149.70335,-28.62543],[149.70321,-28.62591],[149.70325,-28.62631],[149.70385,-28.62697],[149.70389,-28.62722],[149.7042,-28.62764],[149.7049,-28.62782],[149.70547,-28.62766],[149.70602,-28.62729],[149.70633,-28.6267],[149.70661,-28.62664],[149.70691,-28.62668],[149.70705,-28.62685],[149.70716,-28.62749],[149.70709,-28.62778],[149.70526,-28.62931],[149.70505,-28.62962],[149.70527,-28.6298],[149.70586,-28.62975],[149.70648,-28.6295],[149.70664,-28.62957],[149.70676,-28.63031],[149.70574,-28.63152],[149.70536,-28.63247],[149.7047,-28.63355],[149.70397,-28.63391],[149.70243,-28.63394],[149.70182,-28.63369],[149.70128,-28.63311],[149.70048,-28.63325],[149.70028,-28.63316],[149.70009,-28.63252],[149.70112,-28.63107],[149.70109,-28.63082],[149.70087,-28.63064],[149.70045,-28.63039],[149.70011,-28.63035],[149.6997,-28.63055],[149.69855,-28.6318],[149.69837,-28.63225],[149.69836,-28.63264],[149.69854,-28.63318],[149.69842,-28.63332],[149.69814,-28.63338],[149.69779,-28.63319],[149.69757,-28.63278],[149.69718,-28.63247],[149.6965,-28.63231],[149.69644,-28.63186],[149.69692,-28.63156],[149.69691,-28.63131],[149.69671,-28.63112],[149.69605,-28.63118],[149.69521,-28.63174],[149.69495,-28.63231],[149.69495,-28.63282],[149.69449,-28.6336],[149.69416,-28.63363],[149.69353,-28.63276],[149.69351,-28.63243],[149.69327,-28.63209],[149.69304,-28.63206],[149.6927,-28.63213],[149.69187,-28.63314],[149.6917,-28.63389],[149.69143,-28.63429],[149.69112,-28.63432],[149.69073,-28.63282],[149.68999,-28.63167],[149.69013,-28.63134],[149.6905,-28.63114],[149.69044,-28.63091],[149.69001,-28.63072],[149.68898,-28.63059],[149.68884,-28.63044],[149.68879,-28.63015],[149.68893,-28.62995],[149.68989,-28.62969],[149.69047,-28.62924],[149.69045,-28.6288],[149.68991,-28.62843],[149.68947,-28.62839],[149.68842,-28.62883],[149.68782,-28.62941],[149.68777,-28.63063],[149.68853,-28.63192],[149.68847,-28.6323],[149.68798,-28.63283],[149.68758,-28.63286],[149.68663,-28.63249],[149.68651,-28.63203],[149.68584,-28.63127],[149.68618,-28.63053],[149.68594,-28.62972],[149.68564,-28.62949],[149.68536,-28.62948],[149.68491,-28.62963],[149.68455,-28.62991],[149.68456,-28.6308],[149.68335,-28.6315],[149.68222,-28.63143],[149.68181,-28.63123],[149.68131,-28.63077],[149.68088,-28.63056],[149.68056,-28.63062],[149.68053,-28.63094],[149.68019,-28.63122],[149.68004,-28.63233],[149.67985,-28.63278],[149.67999,-28.63322],[149.68019,-28.63329],[149.68113,-28.63317],[149.68161,-28.6333],[149.6818,-28.63349],[149.68174,-28.6339],[149.68077,-28.63442],[149.68028,-28.63447],[149.67991,-28.63434],[149.67931,-28.63347],[149.67911,-28.63282],[149.67899,-28.63268],[149.6788,-28.6327],[149.67849,-28.63329],[149.67845,-28.63379],[149.67879,-28.63452],[149.67845,-28.63503],[149.67799,-28.63501],[149.6778,-28.63486],[149.67705,-28.63385],[149.67695,-28.63342],[149.67718,-28.63191],[149.67684,-28.63141],[149.67656,-28.63137],[149.67542,-28.63168],[149.67537,-28.6324],[149.67513,-28.63247],[149.67465,-28.63212],[149.67443,-28.63169],[149.67417,-28.63174],[149.67367,-28.63234],[149.67338,-28.63294],[149.67334,-28.63361],[149.67318,-28.6338],[149.67262,-28.63395],[149.67196,-28.63358],[149.67161,-28.63256],[149.67183,-28.63225],[149.67245,-28.63227],[149.67264,-28.6321],[149.67275,-28.63189],[149.67279,-28.6309],[149.67266,-28.63072],[149.67178,-28.63077],[149.67145,-28.6313],[149.67134,-28.63178],[149.67076,-28.63271],[149.66951,-28.63316],[149.66919,-28.63301],[149.66903,-28.63274],[149.66863,-28.63246],[149.66733,-28.63232],[149.66673,-28.63213],[149.66628,-28.6319],[149.66606,-28.63149],[149.666,-28.63113],[149.66616,-28.63071],[149.66673,-28.63056],[149.66758,-28.6309],[149.66941,-28.63068],[149.66984,-28.63032],[149.66982,-28.63006],[149.66938,-28.6297],[149.66954,-28.62919],[149.66996,-28.62913],[149.67082,-28.62926],[149.67133,-28.62911],[149.67158,-28.62862],[149.67167,-28.62813],[149.67154,-28.62778],[149.67093,-28.62733],[149.67006,-28.62735],[149.66963,-28.62753],[149.66928,-28.62808],[149.66873,-28.62827],[149.66835,-28.62823],[149.66799,-28.62778],[149.66833,-28.62724],[149.66816,-28.62663],[149.66831,-28.62636],[149.67015,-28.62621],[149.67057,-28.62634],[149.67069,-28.62663],[149.67114,-28.62678],[149.67175,-28.62661],[149.67246,-28.6268],[149.67285,-28.62675],[149.67315,-28.6264],[149.67319,-28.62613],[149.673,-28.62584],[149.6725,-28.62554],[149.67241,-28.62489],[149.67275,-28.62432],[149.67319,-28.62423],[149.6732,-28.62392],[149.67227,-28.62379],[149.6717,-28.62387],[149.67062,-28.62379],[149.67034,-28.62366],[149.6701,-28.62316],[149.6703,-28.62274],[149.6702,-28.62258],[149.66955,-28.6227],[149.66931,-28.62247],[149.66963,-28.62188],[149.66998,-28.62174],[149.67056,-28.62181],[149.67083,-28.62168],[149.67107,-28.62137],[149.67101,-28.62114],[149.67073,-28.62098],[149.66964,-28.62102],[149.66935,-28.62061],[149.66939,-28.62017],[149.66914,-28.62004],[149.66874,-28.62014],[149.66855,-28.62003],[149.66845,-28.61963],[149.66828,-28.61951],[149.66773,-28.61951],[149.66728,-28.61925],[149.66708,-28.61928],[149.66661,-28.61974],[149.66644,-28.61972],[149.6662,-28.6193],[149.6663,-28.61868],[149.66617,-28.61847],[149.66594,-28.61843],[149.66535,-28.61866],[149.66472,-28.61874],[149.6643,-28.61852],[149.66385,-28.6178],[149.66349,-28.61764],[149.66335,-28.61731],[149.66366,-28.61646],[149.66446,-28.61605],[149.66463,-28.61575],[149.66437,-28.61547],[149.66372,-28.61531],[149.66377,-28.61486],[149.66349,-28.6142],[149.66359,-28.61389],[149.66387,-28.61361],[149.66427,-28.61353],[149.66433,-28.6134],[149.66398,-28.61293],[149.66403,-28.61226],[149.66338,-28.6118],[149.66298,-28.61174],[149.66272,-28.61193],[149.66236,-28.61163],[149.66215,-28.61091],[149.66179,-28.61043],[149.66134,-28.61033],[149.6608,-28.61039],[149.66067,-28.60967],[149.66009,-28.60952],[149.65979,-28.60968],[149.65931,-28.61064],[149.65881,-28.6108],[149.65832,-28.61128],[149.65797,-28.6113],[149.65755,-28.6116],[149.65763,-28.61191],[149.65794,-28.61217],[149.6583,-28.61217],[149.65896,-28.61291],[149.65898,-28.61312],[149.65803,-28.6138],[149.65788,-28.61464],[149.65731,-28.61456],[149.65706,-28.61429],[149.6566,-28.61433],[149.65647,-28.61466],[149.65669,-28.61561],[149.65632,-28.61593],[149.65605,-28.61589],[149.65581,-28.61564],[149.6558,-28.61535],[149.65519,-28.61469],[149.65422,-28.61399],[149.65367,-28.61336],[149.65335,-28.6133],[149.65235,-28.61368],[149.65145,-28.61385],[149.65097,-28.61381],[149.6504,-28.61348],[149.65012,-28.61281],[149.64976,-28.61257],[149.64855,-28.61226],[149.64756,-28.6123],[149.64718,-28.6121],[149.64721,-28.61179],[149.64786,-28.61108],[149.6478,-28.61063],[149.64676,-28.6103],[149.64603,-28.61028],[149.64535,-28.6095],[149.64525,-28.60918],[149.64532,-28.60865],[149.64466,-28.60754],[149.64459,-28.6071],[149.64495,-28.60663],[149.64568,-28.60647],[149.64581,-28.60632],[149.64584,-28.60584],[149.64533,-28.60506],[149.64527,-28.60478],[149.64544,-28.60392],[149.64523,-28.60365],[149.64467,-28.60338],[149.64388,-28.60231],[149.64313,-28.60183],[149.643,-28.60074],[149.64288,-28.60063],[149.64213,-28.60052],[149.64198,-28.60031],[149.64197,-28.60002],[149.64225,-28.59974],[149.64227,-28.59947],[149.64209,-28.5992],[149.64156,-28.59907],[149.64114,-28.59924],[149.64083,-28.60031],[149.64062,-28.60057],[149.64034,-28.60052],[149.64014,-28.6002],[149.64047,-28.5987],[149.63963,-28.59819],[149.63922,-28.59812],[149.63868,-28.59823],[149.6382,-28.59867],[149.63817,-28.59947],[149.63772,-28.59974],[149.63645,-28.59974],[149.6359,-28.59955],[149.63577,-28.59918],[149.63618,-28.5983],[149.63596,-28.59814],[149.6354,-28.59815],[149.63468,-28.59755],[149.63461,-28.59726],[149.63495,-28.5969],[149.63532,-28.596],[149.63511,-28.5956],[149.63487,-28.59545],[149.63464,-28.59546],[149.63402,-28.59581],[149.63376,-28.59647],[149.63338,-28.59673],[149.63236,-28.59616],[149.63194,-28.59663],[149.63189,-28.59782],[149.63165,-28.59807],[149.63121,-28.59821],[149.63094,-28.59816],[149.63054,-28.59788],[149.63036,-28.59749],[149.63017,-28.59648],[149.63021,-28.59613],[149.63074,-28.59575],[149.63067,-28.59525],[149.6298,-28.5949],[149.62963,-28.59494],[149.62943,-28.59526],[149.62863,-28.59581],[149.62717,-28.59627],[149.62685,-28.59611],[149.62587,-28.59468],[149.62569,-28.59386],[149.62544,-28.59356],[149.62499,-28.59351],[149.62418,-28.59445],[149.62426,-28.59522],[149.62377,-28.59544],[149.62342,-28.59533],[149.62304,-28.59489],[149.62271,-28.59481],[149.62233,-28.59496],[149.62192,-28.59572],[149.62162,-28.59589],[149.62118,-28.59595],[149.62073,-28.59623],[149.61989,-28.59606],[149.61968,-28.59618],[149.6196,-28.59637],[149.62021,-28.59732],[149.62009,-28.59781],[149.61978,-28.59799],[149.61912,-28.59812],[149.61863,-28.59888],[149.61714,-28.59856],[149.6158,-28.59868],[149.61455,-28.59956],[149.61352,-28.59993],[149.61305,-28.59989],[149.61247,-28.59967],[149.61199,-28.59995],[149.61162,-28.60097],[149.61133,-28.6011],[149.61096,-28.60109],[149.61052,-28.60054],[149.60961,-28.60007],[149.60948,-28.59952],[149.60966,-28.59912],[149.61041,-28.59879],[149.61048,-28.59811],[149.61031,-28.59742],[149.60991,-28.59739],[149.60965,-28.59772],[149.60913,-28.59772],[149.60844,-28.59739],[149.60785,-28.59739],[149.60727,-28.59765],[149.60686,-28.59814],[149.60591,-28.59832],[149.6055,-28.59831],[149.6051,-28.59806],[149.60492,-28.59766],[149.60489,-28.59718],[149.60542,-28.59661],[149.60538,-28.59623],[149.6051,-28.59597],[149.60508,-28.59546],[149.60538,-28.59494],[149.60657,-28.59397],[149.60615,-28.59302],[149.60606,-28.59189],[149.60568,-28.59147],[149.60431,-28.59087],[149.60387,-28.58999],[149.60341,-28.5895],[149.60331,-28.58904],[149.60362,-28.58844],[149.60401,-28.58824],[149.60457,-28.58822],[149.60538,-28.58857],[149.60573,-28.58853],[149.60606,-28.58812],[149.60597,-28.58775],[149.60415,-28.58706],[149.60358,-28.58612],[149.60329,-28.58605],[149.60305,-28.58613],[149.6028,-28.58654],[149.60268,-28.58759],[149.6023,-28.58779],[149.60189,-28.58775],[149.601,-28.58721],[149.6007,-28.5872],[149.5993,-28.58783],[149.59899,-28.58782],[149.59849,-28.58807],[149.59826,-28.58828],[149.59821,-28.58889],[149.59795,-28.58901],[149.59774,-28.58889],[149.59748,-28.58836],[149.59741,-28.58719],[149.59727,-28.58686],[149.59729,-28.58604],[149.59748,-28.58543],[149.59766,-28.58525],[149.59763,-28.58489],[149.59691,-28.58445],[149.59694,-28.58414],[149.59765,-28.58352],[149.59843,-28.58365],[149.59894,-28.58355],[149.59925,-28.58318],[149.59913,-28.58268],[149.5988,-28.58245],[149.59879,-28.58231],[149.59927,-28.58172],[149.59926,-28.58136],[149.59857,-28.58071],[149.59833,-28.57985],[149.59762,-28.57886],[149.59683,-28.57888],[149.59667,-28.57903],[149.59665,-28.57935],[149.59641,-28.57955],[149.59601,-28.57941],[149.59601,-28.57824],[149.59567,-28.57775],[149.59432,-28.57681],[149.59408,-28.57651],[149.59316,-28.57608],[149.59132,-28.5761],[149.58999,-28.57584],[149.58934,-28.57545],[149.58879,-28.57397],[149.58848,-28.57377],[149.58823,-28.57382],[149.58724,-28.57338],[149.58689,-28.57338],[149.58622,-28.5736],[149.58522,-28.57442],[149.58442,-28.57463],[149.58382,-28.57454],[149.58326,-28.57427],[149.58297,-28.57375],[149.58213,-28.57345],[149.58118,-28.57294],[149.57975,-28.57264],[149.57875,-28.57283],[149.5785,-28.57304],[149.57814,-28.57383],[149.57792,-28.57396],[149.57756,-28.57394],[149.57721,-28.57363],[149.57713,-28.57275],[149.57692,-28.57252],[149.57629,-28.5725],[149.57592,-28.57273],[149.57578,-28.57346],[149.57556,-28.57371],[149.57481,-28.5741],[149.57401,-28.57411],[149.57333,-28.57384],[149.57318,-28.57361],[149.57293,-28.57241],[149.57238,-28.57191],[149.57074,-28.57182],[149.56892,-28.57152],[149.56837,-28.57159],[149.56816,-28.57174],[149.56808,-28.572],[149.56793,-28.57303],[149.56765,-28.57355],[149.56717,-28.57402],[149.56675,-28.57381],[149.56671,-28.57344],[149.56598,-28.57267],[149.5656,-28.57256],[149.56518,-28.57273],[149.56504,-28.57309],[149.565,-28.57414],[149.5648,-28.57461],[149.56448,-28.57495],[149.56389,-28.57521],[149.56311,-28.57521],[149.56274,-28.57491],[149.56253,-28.57419],[149.56226,-28.57411],[149.56163,-28.57448],[149.5608,-28.57566],[149.56009,-28.57621],[149.55934,-28.57658],[149.55863,-28.5767],[149.55789,-28.5766],[149.55768,-28.57667],[149.55751,-28.57702],[149.55755,-28.57738],[149.55807,-28.57816],[149.5585,-28.57841],[149.55872,-28.57889],[149.55823,-28.5795],[149.5576,-28.5799],[149.55732,-28.5798],[149.55655,-28.57877],[149.55516,-28.57828],[149.55398,-28.57745],[149.55333,-28.57737],[149.55291,-28.57761],[149.55269,-28.57832],[149.55315,-28.57937],[149.55371,-28.58004],[149.55365,-28.58051],[149.55322,-28.58082],[149.55285,-28.58091],[149.55187,-28.5802],[149.55158,-28.57961],[149.55125,-28.57934],[149.55083,-28.57871],[149.55076,-28.57828],[149.55106,-28.57786],[149.55101,-28.57743],[149.55032,-28.57688],[149.54962,-28.57672],[149.54897,-28.57706],[149.5478,-28.57706],[149.5461,-28.57626],[149.54546,-28.57582],[149.5449,-28.57568],[149.54456,-28.57582],[149.54456,-28.57635],[149.54432,-28.57653],[149.54427,-28.57678],[149.5436,-28.57702],[149.54334,-28.57687],[149.54312,-28.57617],[149.54243,-28.57528],[149.54202,-28.57515],[149.54122,-28.57544],[149.54039,-28.57537],[149.53935,-28.57494],[149.53787,-28.57499],[149.53736,-28.57537],[149.53764,-28.57623],[149.53747,-28.57645],[149.53683,-28.57644],[149.53655,-28.57627],[149.53637,-28.57591],[149.53652,-28.57532],[149.53628,-28.57463],[149.5358,-28.5745],[149.53505,-28.57506],[149.53459,-28.57647],[149.53444,-28.57653],[149.53369,-28.57619],[149.53286,-28.57631],[149.53245,-28.57705],[149.53232,-28.57707],[149.53176,-28.57688],[149.53093,-28.5761],[149.53065,-28.57555],[149.53015,-28.57518],[149.52987,-28.57461],[149.52945,-28.5744],[149.52903,-28.57446],[149.52835,-28.57487],[149.52664,-28.57525],[149.52624,-28.57572],[149.52625,-28.57589],[149.52747,-28.57692],[149.52739,-28.57771],[149.52514,-28.57955],[149.5248,-28.57963],[149.52402,-28.57942],[149.52195,-28.57924],[149.52148,-28.5796],[149.52148,-28.5803],[149.52074,-28.58084],[149.51953,-28.58135],[149.51888,-28.58116],[149.5183,-28.5801],[149.51834,-28.57989],[149.51871,-28.57962],[149.51877,-28.57925],[149.51859,-28.5791],[149.51763,-28.579],[149.51707,-28.57934],[149.51697,-28.57953],[149.51716,-28.58009],[149.51698,-28.58023],[149.51666,-28.58018],[149.51629,-28.57961],[149.51594,-28.57946],[149.51549,-28.57945],[149.51503,-28.58011],[149.51503,-28.58167],[149.51465,-28.5819],[149.51376,-28.58194],[149.51342,-28.58174],[149.51302,-28.58116],[149.51315,-28.58072],[149.51287,-28.57992],[149.51296,-28.57943],[149.51349,-28.57865],[149.5136,-28.57829],[149.51306,-28.57703],[149.51235,-28.57646],[149.51175,-28.5761],[149.5115,-28.57607],[149.51101,-28.57654],[149.51079,-28.57751],[149.5105,-28.57765],[149.51015,-28.57757],[149.50928,-28.57673],[149.50845,-28.57622],[149.50789,-28.57567],[149.50741,-28.57556],[149.50668,-28.57642],[149.50597,-28.57643],[149.50535,-28.57615],[149.50441,-28.57548],[149.50411,-28.57449],[149.50394,-28.57433],[149.5033,-28.57437],[149.50303,-28.57453],[149.50276,-28.5751],[149.50289,-28.57635],[149.50324,-28.57684],[149.50371,-28.57797],[149.50375,-28.57845],[149.50348,-28.57902],[149.50322,-28.58037],[149.50285,-28.58072],[149.50207,-28.58048],[149.50165,-28.58004],[149.50114,-28.57978],[149.50068,-28.57939],[149.49988,-28.57798],[149.49942,-28.57773],[149.49917,-28.57774],[149.49862,-28.57817],[149.49852,-28.57876],[149.49772,-28.58016],[149.4972,-28.58077],[149.49659,-28.58087],[149.49627,-28.58056],[149.49633,-28.58004],[149.49721,-28.57912],[149.49695,-28.57831],[149.49663,-28.57829],[149.49528,-28.57885],[149.49498,-28.57943],[149.49437,-28.57983],[149.49324,-28.58023],[149.49196,-28.58143],[149.49196,-28.58174],[149.49246,-28.58248],[149.4924,-28.58266],[149.49103,-28.58363],[149.49032,-28.58476],[149.48985,-28.5848],[149.48956,-28.5847],[149.48935,-28.58421],[149.48878,-28.58377],[149.48844,-28.58383],[149.48803,-28.58426],[149.48781,-28.58427],[149.48752,-28.58391],[149.48737,-28.58334],[149.48672,-28.58292],[149.48644,-28.58294],[149.48597,-28.58225],[149.48448,-28.58241],[149.48424,-28.58252],[149.48378,-28.58327],[149.48329,-28.58334],[149.48298,-28.58322],[149.48273,-28.58291],[149.48187,-28.5825],[149.48154,-28.58252],[149.48121,-28.58272],[149.48105,-28.58312],[149.4811,-28.58337],[149.48186,-28.58438],[149.48202,-28.58504],[149.48245,-28.58594],[149.48257,-28.58659],[149.48248,-28.58677],[149.48136,-28.58713],[149.48121,-28.58762],[149.48146,-28.58819],[149.48135,-28.58853],[149.48085,-28.58902],[149.48073,-28.58931],[149.48089,-28.58987],[149.48005,-28.59037],[149.47999,-28.59134],[149.47945,-28.5914],[149.47896,-28.59057],[149.47874,-28.58934],[149.47837,-28.58816],[149.47762,-28.58767],[149.47721,-28.58772],[149.47697,-28.58793],[149.47671,-28.58908],[149.47669,-28.58966],[149.47697,-28.59027],[149.47697,-28.59164],[149.47676,-28.59196],[149.47635,-28.59222],[149.4755,-28.59254],[149.47554,-28.59302],[149.47579,-28.59336],[149.47566,-28.59359],[149.47535,-28.59377],[149.47319,-28.59387],[149.47271,-28.59365],[149.47249,-28.59338],[149.47226,-28.59268],[149.47191,-28.59243],[149.47151,-28.59236],[149.47125,-28.59247],[149.47093,-28.59399],[149.4704,-28.59432],[149.4698,-28.59438],[149.46953,-28.59429],[149.46929,-28.5939],[149.46938,-28.5927],[149.46927,-28.59228],[149.46905,-28.59197],[149.46873,-28.59181],[149.46838,-28.59186],[149.46793,-28.59219],[149.46728,-28.59346],[149.46685,-28.59398],[149.46683,-28.59421],[149.46778,-28.59563],[149.4679,-28.59618],[149.46777,-28.59644],[149.46748,-28.59654],[149.46665,-28.59625],[149.46621,-28.59592],[149.46558,-28.59508],[149.4651,-28.5938],[149.46471,-28.59314],[149.46454,-28.59304],[149.46414,-28.59307],[149.463,-28.59348],[149.4625,-28.5933],[149.46222,-28.59278],[149.46226,-28.59206],[149.46212,-28.59164],[149.46182,-28.59144],[149.46104,-28.59164],[149.45992,-28.59301],[149.45919,-28.59417],[149.4588,-28.59426],[149.45803,-28.59404],[149.45777,-28.59368],[149.45701,-28.59336],[149.45645,-28.59262],[149.4561,-28.59258],[149.4558,-28.5927],[149.45537,-28.59323],[149.45533,-28.59369],[149.45592,-28.59508],[149.45581,-28.59582],[149.45555,-28.59599],[149.45508,-28.59595],[149.45456,-28.59539],[149.45279,-28.59464],[149.45248,-28.59486],[149.4524,-28.59534],[149.45314,-28.59759],[149.45342,-28.5982],[149.45394,-28.59879],[149.454,-28.59906],[149.45382,-28.59935],[149.45247,-28.5999],[149.45222,-28.60021],[149.4523,-28.60102],[149.45261,-28.60139],[149.45262,-28.60205],[149.45233,-28.60231],[149.45233,-28.60304],[149.45181,-28.60421],[149.45079,-28.60528],[149.45055,-28.60536],[149.44965,-28.6053],[149.44924,-28.60505],[149.44775,-28.6047],[149.44727,-28.605],[149.447,-28.60536],[149.44715,-28.60592],[149.44708,-28.60615],[149.44677,-28.60637],[149.44635,-28.60641],[149.44528,-28.60595],[149.44492,-28.60595],[149.44399,-28.60625],[149.44345,-28.6069],[149.44338,-28.60741],[149.44355,-28.60781],[149.44461,-28.60855],[149.44469,-28.6088],[149.44456,-28.609],[149.44222,-28.60914],[149.44146,-28.60959],[149.44028,-28.61091],[149.43903,-28.61166],[149.43898,-28.61238],[149.43958,-28.61351],[149.43958,-28.61396],[149.43941,-28.61458],[149.43877,-28.61528],[149.43871,-28.61551],[149.4389,-28.61577],[149.44008,-28.61613],[149.44087,-28.61576],[149.44111,-28.61581],[149.44129,-28.61623],[149.44117,-28.61723],[149.4406,-28.61764],[149.44006,-28.61826],[149.44,-28.61873],[149.44043,-28.61911],[149.44228,-28.61941],[149.44301,-28.61938],[149.44327,-28.61954],[149.44332,-28.61974],[149.4431,-28.62021],[149.44271,-28.62045],[149.44243,-28.62104],[149.44105,-28.62117],[149.44009,-28.62149],[149.43997,-28.62175],[149.44012,-28.62205],[149.44005,-28.6224],[149.43959,-28.62268],[149.43836,-28.62257],[149.43808,-28.62268],[149.43816,-28.62393],[149.43798,-28.62443],[149.43767,-28.62455],[149.43614,-28.62462],[149.43551,-28.62486],[149.43535,-28.62512],[149.43532,-28.62609],[149.43503,-28.62643],[149.43441,-28.62652],[149.43264,-28.62643],[149.43242,-28.62698],[149.43288,-28.62776],[149.4328,-28.62807],[149.4316,-28.62772],[149.43132,-28.62752],[149.43073,-28.62622],[149.43054,-28.62609],[149.43015,-28.62619],[149.42992,-28.62694],[149.42971,-28.62845],[149.42911,-28.6287],[149.42818,-28.62942],[149.42828,-28.62977],[149.42953,-28.63007],[149.42975,-28.63039],[149.42854,-28.63131],[149.4285,-28.63173],[149.42897,-28.63217],[149.43052,-28.63262],[149.43126,-28.63297],[149.43148,-28.63345],[149.43136,-28.63367],[149.4314,-28.63443],[149.43168,-28.63454],[149.43275,-28.63435],[149.43302,-28.63452],[149.43309,-28.63486],[149.43298,-28.63549],[149.43282,-28.6356],[149.43184,-28.63559],[149.43141,-28.63581],[149.43099,-28.63634],[149.431,-28.63658],[149.43124,-28.63678],[149.43268,-28.63707],[149.43281,-28.63723],[149.43275,-28.6376],[149.43191,-28.63808],[149.43154,-28.63813],[149.43118,-28.6381],[149.43088,-28.63793],[149.43061,-28.63766],[149.43047,-28.6373],[149.4302,-28.63723],[149.4297,-28.63749],[149.42964,-28.63765],[149.4299,-28.63892],[149.43017,-28.63932],[149.43098,-28.63991],[149.43098,-28.64007],[149.43085,-28.64022],[149.43031,-28.64024],[149.42926,-28.63953],[149.42902,-28.63974],[149.42906,-28.64066],[149.42944,-28.64107],[149.4301,-28.64134],[149.43069,-28.64189],[149.43086,-28.64315],[149.43059,-28.6434],[149.43007,-28.64342],[149.42965,-28.64359],[149.42927,-28.64363],[149.42854,-28.64338],[149.42824,-28.64351],[149.42803,-28.64434],[149.42752,-28.64485],[149.42808,-28.64594],[149.42855,-28.64658],[149.42853,-28.64692],[149.42806,-28.64735],[149.42775,-28.64741],[149.42728,-28.64711],[149.42676,-28.64696],[149.42604,-28.64687],[149.42566,-28.64698],[149.42545,-28.64752],[149.42548,-28.64803],[149.42631,-28.64953],[149.42621,-28.65005],[149.42597,-28.65036],[149.4253,-28.65061],[149.42465,-28.65062],[149.42343,-28.64966],[149.42284,-28.64956],[149.42118,-28.65038],[149.42074,-28.65037],[149.41975,-28.65003],[149.41911,-28.65001],[149.41869,-28.6502],[149.41859,-28.65098],[149.4184,-28.65114],[149.41805,-28.6512],[149.41722,-28.65099],[149.417,-28.65105],[149.41682,-28.65133],[149.41687,-28.65191],[149.41713,-28.65263],[149.41893,-28.65398],[149.4201,-28.65401],[149.42297,-28.65365],[149.42345,-28.65396],[149.42355,-28.65425],[149.42335,-28.65512],[149.42315,-28.65541],[149.42144,-28.6562],[149.42114,-28.65622],[149.41936,-28.6555],[149.4183,-28.65539],[149.41744,-28.65462],[149.41706,-28.65466],[149.41706,-28.65687],[149.41666,-28.65753],[149.41602,-28.65792],[149.41601,-28.65826],[149.41624,-28.65865],[149.41721,-28.65926],[149.41753,-28.65985],[149.41743,-28.66066],[149.41723,-28.66104],[149.41598,-28.66177],[149.41583,-28.66215],[149.41627,-28.66271],[149.41615,-28.66288],[149.41551,-28.66287],[149.41535,-28.66262],[149.415,-28.6625],[149.41297,-28.66227],[149.41055,-28.66348],[149.41019,-28.66393],[149.41032,-28.66455],[149.4113,-28.66529],[149.41144,-28.6658],[149.41122,-28.66646],[149.41092,-28.66658],[149.41056,-28.66651],[149.41029,-28.66675],[149.41025,-28.6669],[149.41044,-28.66733],[149.41071,-28.66754],[149.41121,-28.66752],[149.41249,-28.6667],[149.41274,-28.66633],[149.41292,-28.66544],[149.41357,-28.66501],[149.41393,-28.66499],[149.41421,-28.66514],[149.41429,-28.66539],[149.41404,-28.66587],[149.41426,-28.66708],[149.41377,-28.66756],[149.4128,-28.66777],[149.41023,-28.66941],[149.40933,-28.66966],[149.40816,-28.67058],[149.4076,-28.67121],[149.40689,-28.67205],[149.40648,-28.67297],[149.40611,-28.67316],[149.40461,-28.67328],[149.40431,-28.67343],[149.40426,-28.67369],[149.40445,-28.67397],[149.40566,-28.67443],[149.40573,-28.675],[149.40538,-28.6754],[149.40372,-28.67567],[149.40187,-28.6762],[149.40116,-28.67595],[149.40079,-28.67562],[149.40043,-28.67504],[149.40008,-28.67485],[149.39896,-28.6747],[149.39758,-28.67588],[149.39728,-28.67666],[149.39642,-28.67769],[149.39599,-28.67771],[149.39565,-28.67757],[149.39502,-28.67702],[149.39477,-28.67696],[149.39444,-28.67704],[149.39382,-28.67749],[149.39368,-28.67787],[149.39381,-28.67853],[149.39424,-28.67941],[149.39434,-28.6803],[149.3939,-28.68092],[149.39335,-28.68128],[149.39298,-28.68174],[149.39281,-28.68226],[149.39297,-28.68297],[149.39387,-28.68376],[149.39412,-28.68414],[149.39419,-28.68534],[149.39395,-28.68657],[149.3937,-28.68712],[149.3928,-28.68823],[149.39156,-28.69138],[149.39098,-28.69222],[149.39047,-28.69269],[149.38899,-28.69347],[149.388,-28.69428],[149.38765,-28.69471],[149.38749,-28.69525],[149.38766,-28.69596],[149.38749,-28.69617],[149.38719,-28.69629],[149.38688,-28.69626],[149.38534,-28.69491],[149.38501,-28.69381],[149.38561,-28.69311],[149.3856,-28.69288],[149.38543,-28.69271],[149.3849,-28.69273],[149.38445,-28.69309],[149.38405,-28.69296],[149.38403,-28.69275],[149.38436,-28.69229],[149.38514,-28.69188],[149.38518,-28.69139],[149.38455,-28.69121],[149.38395,-28.69121],[149.38378,-28.6911],[149.38374,-28.69082],[149.38393,-28.69046],[149.38373,-28.69018],[149.38348,-28.69017],[149.38321,-28.69045],[149.38289,-28.69058],[149.38228,-28.69057],[149.38142,-28.69089],[149.38121,-28.69083],[149.38109,-28.69061],[149.38105,-28.68988],[149.38092,-28.68979],[149.38042,-28.69003],[149.38005,-28.6906],[149.37946,-28.69062],[149.37862,-28.68986],[149.37875,-28.68948],[149.37921,-28.68916],[149.37928,-28.68899],[149.37919,-28.68872],[149.37875,-28.68848],[149.37837,-28.68858],[149.37712,-28.6901],[149.37729,-28.69045],[149.37835,-28.691],[149.37845,-28.69123],[149.37838,-28.69147],[149.37813,-28.69172],[149.37668,-28.69208],[149.37625,-28.69266],[149.37588,-28.69279],[149.37559,-28.69262],[149.3749,-28.69158],[149.37482,-28.6905],[149.37455,-28.69036],[149.37367,-28.6904],[149.37353,-28.69026],[149.37329,-28.68908],[149.37301,-28.68894],[149.37271,-28.68898],[149.37215,-28.68962],[149.37165,-28.68984],[149.37104,-28.6898],[149.37095,-28.68945],[149.37138,-28.68892],[149.37147,-28.68813],[149.37125,-28.68792],[149.3703,-28.68784],[149.3692,-28.68741],[149.36895,-28.68742],[149.36857,-28.68781],[149.36846,-28.68815],[149.36756,-28.68873],[149.36746,-28.6889],[149.36754,-28.68927],[149.36786,-28.68961],[149.36852,-28.68982],[149.36877,-28.69007],[149.36874,-28.69079],[149.36895,-28.69147],[149.36889,-28.69185],[149.36822,-28.69221],[149.36689,-28.6924],[149.36587,-28.69134],[149.36564,-28.69055],[149.36497,-28.6893],[149.36472,-28.68919],[149.36426,-28.68925],[149.36376,-28.68948],[149.36332,-28.68924],[149.36312,-28.68815],[149.36212,-28.68501],[149.36162,-28.68444],[149.36116,-28.68417],[149.36057,-28.68406],[149.35956,-28.68414],[149.35858,-28.68407],[149.35801,-28.68427],[149.35714,-28.68583],[149.35683,-28.68607],[149.35522,-28.68656],[149.35495,-28.68675],[149.35477,-28.68708],[149.35487,-28.68782],[149.35477,-28.68795],[149.35452,-28.688],[149.35345,-28.68781],[149.35233,-28.68828],[149.35212,-28.68847],[149.35195,-28.68884],[149.35186,-28.68999],[149.35257,-28.6907],[149.35243,-28.69109],[149.35166,-28.69186],[149.35127,-28.69267],[149.35105,-28.69278],[149.35058,-28.69258],[149.35024,-28.69158],[149.34999,-28.69121],[149.34955,-28.69095],[149.34851,-28.69071],[149.348,-28.69076],[149.34769,-28.69093],[149.34739,-28.69134],[149.34689,-28.69335],[149.34579,-28.6939],[149.34557,-28.69421],[149.3455,-28.69485],[149.34563,-28.6951],[149.34629,-28.69558],[149.34674,-28.69562],[149.34732,-28.69543],[149.34743,-28.69565],[149.34739,-28.69594],[149.3466,-28.69683],[149.34638,-28.69684],[149.34557,-28.69653],[149.344,-28.69661],[149.34249,-28.6963],[149.342,-28.69631],[149.3413,-28.69652],[149.3411,-28.69646],[149.34084,-28.69609],[149.34072,-28.69551],[149.34039,-28.69501],[149.34012,-28.69495],[149.33933,-28.69532],[149.33886,-28.69616],[149.33811,-28.69681],[149.33761,-28.69711],[149.3366,-28.69743],[149.33599,-28.69817],[149.33536,-28.69837],[149.33471,-28.69831],[149.33406,-28.69786],[149.33199,-28.69754],[149.33134,-28.69725],[149.33105,-28.6972],[149.33062,-28.69735],[149.33049,-28.69765],[149.32912,-28.69865],[149.32891,-28.69891],[149.32894,-28.69921],[149.33003,-28.69992],[149.33092,-28.70094],[149.3316,-28.7014],[149.33202,-28.7024],[149.33195,-28.70268],[149.33046,-28.70374],[149.3299,-28.70394],[149.32891,-28.70395],[149.3285,-28.70409],[149.32779,-28.70515],[149.32793,-28.70571],[149.3285,-28.70654],[149.32871,-28.70724],[149.32865,-28.70738],[149.32782,-28.70741],[149.3273,-28.70716],[149.32603,-28.70718],[149.32498,-28.7069],[149.32398,-28.70714],[149.3238,-28.70746],[149.32325,-28.70776],[149.32284,-28.70781],[149.32248,-28.70761],[149.32239,-28.70739],[149.32262,-28.70662],[149.32239,-28.70608],[149.32211,-28.70589],[149.32116,-28.70592],[149.32059,-28.70578],[149.31998,-28.70587],[149.3197,-28.70706],[149.31931,-28.70783],[149.31937,-28.7083],[149.31979,-28.70894],[149.32002,-28.70913],[149.32055,-28.70924],[149.32081,-28.70911],[149.32226,-28.70893],[149.32247,-28.70901],[149.32251,-28.70919],[149.32182,-28.70998],[149.3208,-28.71032],[149.32021,-28.71085],[149.31946,-28.711],[149.31887,-28.71089],[149.31851,-28.71113],[149.3184,-28.71146],[149.31866,-28.71207],[149.31849,-28.71309],[149.31854,-28.71377],[149.31842,-28.7139],[149.31771,-28.71389],[149.31688,-28.71334],[149.31642,-28.71333],[149.31611,-28.71314],[149.3161,-28.71281],[149.31627,-28.71256],[149.31693,-28.71209],[149.31729,-28.71213],[149.31741,-28.71203],[149.31739,-28.71183],[149.31714,-28.71157],[149.31654,-28.71136],[149.31616,-28.71107],[149.31552,-28.7111],[149.31547,-28.71088],[149.31565,-28.71079],[149.31567,-28.71054],[149.31549,-28.71021],[149.31537,-28.71019],[149.31465,-28.7108],[149.31403,-28.71082],[149.31394,-28.71098],[149.31422,-28.71145],[149.31464,-28.71165],[149.31474,-28.71188],[149.31454,-28.71213],[149.31407,-28.71225],[149.31378,-28.71213],[149.31312,-28.71126],[149.31254,-28.71082],[149.31216,-28.71103],[149.31193,-28.71161],[149.31157,-28.71155],[149.31158,-28.71082],[149.31129,-28.71054],[149.3107,-28.71061],[149.31034,-28.71098],[149.31059,-28.71164],[149.31084,-28.71172],[149.31106,-28.71212],[149.31084,-28.71223],[149.31014,-28.71223],[149.30952,-28.71186],[149.30935,-28.71149],[149.30931,-28.71093],[149.30957,-28.71051],[149.30932,-28.71024],[149.30911,-28.71027],[149.3087,-28.7106],[149.30829,-28.7119],[149.30805,-28.71195],[149.30771,-28.71183],[149.30724,-28.71136],[149.30667,-28.7111],[149.30565,-28.71161],[149.30508,-28.71127],[149.30517,-28.71057],[149.30503,-28.71022],[149.30478,-28.71002],[149.30459,-28.71001],[149.30438,-28.71019],[149.30366,-28.7102],[149.30324,-28.70954],[149.3029,-28.70937],[149.30207,-28.70858],[149.30095,-28.70856],[149.30103,-28.70892],[149.30143,-28.70946],[149.30144,-28.7097],[149.30115,-28.70997],[149.30075,-28.7101],[149.30023,-28.71009],[149.29941,-28.71027],[149.29872,-28.70976],[149.2986,-28.70979],[149.29843,-28.71027],[149.29812,-28.71031],[149.29801,-28.70987],[149.29811,-28.70944],[149.29792,-28.70924],[149.29726,-28.70974],[149.29675,-28.70975],[149.29605,-28.71094],[149.29531,-28.71152],[149.29488,-28.71158],[149.29461,-28.71144],[149.29436,-28.71108],[149.29413,-28.71105],[149.29368,-28.71128],[149.29335,-28.71236],[149.29288,-28.71315],[149.29303,-28.71429],[149.2926,-28.71503],[149.29249,-28.71547],[149.29231,-28.71559],[149.29178,-28.71549],[149.29165,-28.71651],[149.29149,-28.71663],[149.29086,-28.71657],[149.2906,-28.71704],[149.29061,-28.71734],[149.29082,-28.71769],[149.29104,-28.71782],[149.2914,-28.71882],[149.29071,-28.71886],[149.29013,-28.7187],[149.28931,-28.719],[149.28913,-28.71915],[149.28904,-28.71995],[149.28839,-28.72093],[149.28823,-28.72102],[149.28798,-28.72098],[149.28747,-28.72068],[149.28732,-28.7207],[149.28718,-28.721],[149.28724,-28.72136],[149.2871,-28.72154],[149.2866,-28.72174],[149.28657,-28.72199],[149.28681,-28.72264],[149.28749,-28.72374],[149.28763,-28.72473],[149.28783,-28.7252],[149.28715,-28.7268],[149.28703,-28.72691],[149.2868,-28.7269],[149.28623,-28.7266],[149.28594,-28.72628],[149.28544,-28.72605],[149.28526,-28.72549],[149.28492,-28.72533],[149.28477,-28.72542],[149.28458,-28.72616],[149.28443,-28.72634],[149.28388,-28.7267],[149.28241,-28.72806],[149.28243,-28.72831],[149.28332,-28.72852],[149.28342,-28.72867],[149.28333,-28.72882],[149.28268,-28.72913],[149.28273,-28.72961],[149.28298,-28.72988],[149.28365,-28.73018],[149.28446,-28.7311],[149.28477,-28.73118],[149.28534,-28.73077],[149.28566,-28.73076],[149.28601,-28.73125],[149.28572,-28.73188],[149.28513,-28.73205],[149.28432,-28.73263],[149.28396,-28.73316],[149.28361,-28.7333],[149.28252,-28.7333],[149.28228,-28.73307],[149.28277,-28.73227],[149.2827,-28.73195],[149.28102,-28.73196],[149.2808,-28.73187],[149.28069,-28.7315],[149.28083,-28.73092],[149.28045,-28.73066],[149.28008,-28.7307],[149.27969,-28.73109],[149.2797,-28.73187],[149.28008,-28.73214],[149.28013,-28.7324],[149.27988,-28.73258],[149.27964,-28.73256],[149.27921,-28.73229],[149.27893,-28.73238],[149.27888,-28.73271],[149.27938,-28.73324],[149.2794,-28.73345],[149.27901,-28.73368],[149.27822,-28.73365],[149.27777,-28.73331],[149.27752,-28.73277],[149.27794,-28.73222],[149.27726,-28.73163],[149.27651,-28.73224],[149.27633,-28.73268],[149.27641,-28.73301],[149.27555,-28.73345],[149.27517,-28.73332],[149.27502,-28.73308],[149.27456,-28.73349],[149.274,-28.73373],[149.2738,-28.73364],[149.27349,-28.73317],[149.2731,-28.73321],[149.27258,-28.73349],[149.27188,-28.73324],[149.27155,-28.73392],[149.27069,-28.73451],[149.27084,-28.73485],[149.27114,-28.73496],[149.27138,-28.73522],[149.27139,-28.73556],[149.27102,-28.7362],[149.27116,-28.73653],[149.27181,-28.73653],[149.27201,-28.73696],[149.27219,-28.73701],[149.27299,-28.73646],[149.27307,-28.73613],[149.27344,-28.73604],[149.27362,-28.73617],[149.27362,-28.73662],[149.27389,-28.73716],[149.27374,-28.7374],[149.27287,-28.73764],[149.27279,-28.73796],[149.27294,-28.7383],[149.27294,-28.7389],[149.27263,-28.7392],[149.27264,-28.73938],[149.27298,-28.73976],[149.27296,-28.73993],[149.27279,-28.74013],[149.27158,-28.7408],[149.27095,-28.74082],[149.27072,-28.74146],[149.27,-28.74175],[149.26997,-28.74217],[149.26932,-28.74326],[149.26821,-28.74365],[149.26799,-28.74289],[149.26777,-28.7427],[149.26703,-28.74292],[149.26651,-28.74328],[149.26633,-28.74326],[149.26579,-28.7427],[149.26588,-28.74117],[149.26535,-28.74013],[149.26497,-28.73998],[149.26413,-28.73999],[149.26339,-28.74041],[149.26315,-28.74039],[149.26294,-28.74019],[149.26292,-28.73977],[149.26309,-28.73951],[149.26298,-28.73897],[149.26311,-28.73887],[149.26376,-28.73884],[149.26439,-28.73916],[149.26451,-28.73914],[149.26459,-28.73891],[149.26405,-28.73843],[149.26369,-28.73841],[149.26361,-28.73822],[149.26391,-28.73761],[149.26374,-28.73732],[149.26331,-28.73718],[149.26305,-28.73661],[149.26308,-28.73635],[149.26385,-28.73562],[149.2637,-28.73547],[149.26194,-28.73544],[149.26207,-28.73514],[149.26246,-28.7349],[149.26305,-28.73477],[149.26312,-28.73457],[149.26298,-28.73437],[149.26209,-28.73412],[149.26182,-28.7342],[149.26161,-28.7345],[149.26131,-28.73456],[149.26111,-28.73474],[149.26141,-28.73544],[149.26137,-28.73567],[149.26102,-28.73585],[149.26068,-28.73584],[149.26012,-28.73549],[149.25993,-28.7355],[149.25902,-28.73638],[149.25769,-28.73683],[149.25672,-28.73754],[149.25723,-28.73816],[149.2571,-28.73857],[149.25737,-28.73921],[149.2573,-28.73954],[149.25697,-28.73971],[149.2566,-28.73967],[149.25624,-28.73929],[149.25614,-28.73884],[149.25585,-28.73875],[149.25575,-28.73899],[149.25541,-28.73904],[149.25521,-28.73887],[149.25526,-28.73854],[149.25502,-28.73832],[149.25463,-28.7384],[149.25405,-28.73946],[149.25405,-28.73986],[149.25365,-28.74021],[149.25344,-28.74077],[149.25375,-28.74132],[149.25371,-28.74203],[149.25358,-28.74224],[149.25324,-28.74229],[149.25263,-28.74191],[149.25204,-28.74114],[149.25214,-28.74066],[149.2519,-28.73965],[149.25167,-28.73973],[149.25143,-28.74021],[149.25108,-28.74044],[149.25089,-28.74042],[149.25017,-28.73989],[149.24966,-28.73991],[149.24951,-28.74004],[149.24945,-28.74075],[149.24986,-28.74096],[149.24991,-28.74114],[149.2494,-28.7416],[149.2491,-28.74156],[149.24862,-28.74129],[149.24877,-28.74062],[149.24866,-28.74049],[149.24749,-28.74002],[149.24727,-28.7398],[149.24734,-28.73943],[149.2482,-28.73908],[149.24829,-28.73898],[149.24823,-28.73879],[149.24787,-28.73881],[149.24718,-28.7386],[149.24607,-28.73926],[149.24552,-28.73892],[149.24535,-28.73896],[149.24528,-28.73907],[149.24591,-28.74019],[149.2456,-28.74158],[149.24548,-28.7417],[149.24509,-28.74173],[149.24479,-28.74156],[149.24411,-28.74151],[149.24372,-28.74163],[149.24365,-28.74177],[149.24383,-28.74224],[149.2447,-28.74285],[149.24464,-28.74325],[149.24428,-28.74344],[149.24358,-28.7434],[149.24297,-28.74388],[149.24222,-28.74408],[149.24197,-28.74483],[149.24124,-28.74547],[149.24075,-28.74564],[149.24083,-28.74594],[149.24153,-28.7459],[149.2423,-28.74637],[149.24301,-28.74659],[149.24325,-28.74675],[149.24319,-28.74713],[149.24274,-28.74741],[149.24237,-28.74747],[149.24199,-28.74737],[149.24094,-28.74642],[149.24056,-28.74632],[149.2397,-28.74759],[149.23967,-28.7482],[149.23941,-28.74879],[149.23911,-28.74875],[149.23888,-28.74835],[149.23801,-28.74774],[149.23778,-28.74783],[149.23763,-28.74854],[149.23691,-28.74846],[149.2366,-28.74855],[149.23677,-28.75032],[149.2367,-28.75056],[149.23636,-28.75076],[149.23601,-28.75064],[149.23499,-28.74977],[149.23428,-28.74958],[149.23389,-28.74966],[149.2335,-28.75004],[149.23314,-28.75007],[149.23307,-28.74978],[149.23322,-28.74927],[149.23299,-28.74895],[149.2328,-28.74895],[149.23243,-28.74926],[149.23199,-28.75013],[149.23198,-28.75058],[149.23242,-28.75144],[149.23236,-28.75166],[149.2319,-28.7518],[149.23139,-28.75166],[149.23087,-28.75075],[149.23074,-28.75062],[149.23042,-28.75069],[149.23008,-28.75165],[149.23015,-28.7519],[149.23049,-28.75223],[149.23109,-28.75451],[149.23134,-28.75501],[149.23173,-28.75523],[149.23179,-28.75563],[149.23134,-28.75636],[149.23061,-28.75647],[149.2303,-28.75629],[149.22954,-28.75543],[149.22937,-28.75498],[149.22902,-28.75488],[149.22857,-28.75507],[149.22812,-28.75595],[149.22811,-28.75622],[149.22867,-28.75757],[149.22887,-28.75767],[149.23006,-28.75771],[149.23031,-28.7579],[149.23033,-28.75828],[149.22954,-28.75901],[149.22897,-28.75888],[149.22854,-28.75855],[149.22807,-28.75865],[149.2277,-28.75904],[149.22757,-28.761],[149.22762,-28.76113],[149.22828,-28.76129],[149.22856,-28.76148],[149.22861,-28.76189],[149.22836,-28.76198],[149.22742,-28.76193],[149.2265,-28.76105],[149.22548,-28.76101],[149.22514,-28.76127],[149.22511,-28.76146],[149.22517,-28.76168],[149.22545,-28.76183],[149.2256,-28.76208],[149.2255,-28.76309],[149.22511,-28.76308],[149.22406,-28.76236],[149.22377,-28.76239],[149.22367,-28.76266],[149.22374,-28.76286],[149.22483,-28.76411],[149.2248,-28.76452],[149.22462,-28.76466],[149.22421,-28.76468],[149.2237,-28.76413],[149.22346,-28.76404],[149.22227,-28.76425],[149.22201,-28.76476],[149.22211,-28.76539],[149.22202,-28.76563],[149.22167,-28.7659],[149.22099,-28.76593],[149.21994,-28.76561],[149.21982,-28.7654],[149.21988,-28.76374],[149.2196,-28.76328],[149.219,-28.76281],[149.217,-28.76314],[149.21616,-28.76295],[149.21579,-28.76407],[149.21537,-28.76402],[149.2142,-28.76342],[149.21374,-28.76366],[149.21349,-28.76405],[149.21348,-28.76431],[149.21395,-28.76506],[149.21397,-28.76546],[149.21378,-28.7656],[149.21316,-28.76562],[149.21253,-28.76528],[149.21231,-28.76497],[149.21215,-28.76492],[149.21188,-28.76502],[149.21166,-28.76525],[149.21164,-28.76547],[149.21169,-28.76571],[149.21203,-28.76592],[149.21208,-28.76644],[149.21148,-28.76703],[149.21052,-28.76751],[149.2103,-28.76792],[149.21034,-28.76832],[149.2102,-28.7684],[149.20988,-28.76832],[149.20925,-28.76779],[149.20853,-28.76621],[149.20825,-28.76592],[149.20757,-28.76567],[149.20728,-28.76571],[149.20683,-28.76593],[149.20649,-28.7667],[149.20686,-28.76758],[149.20684,-28.76825],[149.20703,-28.76858],[149.20759,-28.76893],[149.20763,-28.76924],[149.20748,-28.76942],[149.20708,-28.7695],[149.20651,-28.769],[149.20561,-28.76903],[149.20524,-28.76867],[149.20494,-28.76858],[149.20415,-28.76915],[149.20372,-28.76968],[149.20291,-28.77028],[149.20228,-28.77057],[149.20153,-28.77053],[149.19995,-28.76949],[149.19981,-28.76951],[149.19974,-28.76971],[149.19912,-28.76999],[149.19855,-28.76985],[149.19806,-28.7699],[149.19785,-28.77022],[149.19803,-28.77075],[149.1979,-28.77098],[149.19757,-28.77108],[149.1972,-28.77103],[149.19677,-28.77079],[149.19604,-28.77095],[149.19454,-28.77093],[149.19399,-28.77121],[149.19355,-28.77163],[149.19345,-28.77204],[149.19383,-28.77306],[149.19359,-28.77392],[149.19259,-28.77391],[149.18862,-28.77511],[149.18838,-28.77534],[149.18829,-28.77573],[149.18841,-28.77706],[149.1889,-28.77744],[149.18991,-28.77778],[149.19038,-28.77823],[149.191,-28.7783],[149.19115,-28.77843],[149.19137,-28.77954],[149.19231,-28.78042],[149.19237,-28.78074],[149.19202,-28.78116],[149.19119,-28.78125],[149.19098,-28.78165],[149.19039,-28.78197],[149.18912,-28.78162],[149.18653,-28.78178],[149.18609,-28.78201],[149.18602,-28.78236],[149.1863,-28.78248],[149.18669,-28.78298],[149.18703,-28.78385],[149.18694,-28.78493],[149.1862,-28.7852],[149.1863,-28.78544],[149.18681,-28.78578],[149.18696,-28.78631],[149.18605,-28.78781],[149.18478,-28.78866],[149.1842,-28.78939],[149.18405,-28.7897],[149.18399,-28.79051],[149.18437,-28.79097],[149.18548,-28.79141],[149.18694,-28.79226],[149.18707,-28.79293],[149.18684,-28.79405],[149.18654,-28.79458],[149.18357,-28.79452],[149.18314,-28.79462],[149.1829,-28.79515],[149.18292,-28.79549],[149.18302,-28.79583],[149.18363,-28.79671],[149.18357,-28.79698],[149.18324,-28.79705],[149.18225,-28.79678],[149.18178,-28.79685],[149.18181,-28.79817],[149.18168,-28.79836],[149.18132,-28.79843],[149.1805,-28.7983],[149.17981,-28.79847],[149.17958,-28.79867],[149.17943,-28.79931],[149.17968,-28.80044],[149.17925,-28.80176],[149.17947,-28.80261],[149.17919,-28.80303],[149.17765,-28.80318],[149.17679,-28.80267],[149.17564,-28.80249],[149.17534,-28.80281],[149.17535,-28.80345],[149.17495,-28.80365],[149.17399,-28.80365],[149.17352,-28.80391],[149.17255,-28.80476],[149.17176,-28.80624],[149.17154,-28.80639],[149.17116,-28.80641],[149.17044,-28.80613],[149.16996,-28.80645],[149.16961,-28.80699],[149.16959,-28.80787],[149.1694,-28.80804],[149.16905,-28.80806],[149.16854,-28.80768],[149.16803,-28.80799],[149.1675,-28.80803],[149.1672,-28.80713],[149.16706,-28.80702],[149.16671,-28.80708],[149.16659,-28.80749],[149.16687,-28.80795],[149.16687,-28.80853],[149.16658,-28.80876],[149.16613,-28.80859],[149.1659,-28.80804],[149.16574,-28.80796],[149.1648,-28.80822],[149.16436,-28.80814],[149.16414,-28.80798],[149.16366,-28.80697],[149.16304,-28.80718],[149.16289,-28.80712],[149.16292,-28.80682],[149.16326,-28.80641],[149.16324,-28.80592],[149.1631,-28.80581],[149.16245,-28.80586],[149.16194,-28.80639],[149.16172,-28.80684],[149.16086,-28.80685],[149.16053,-28.80712],[149.1606,-28.80746],[149.1613,-28.8078],[149.1614,-28.80827],[149.16117,-28.80874],[149.16075,-28.81032],[149.16049,-28.81065],[149.16002,-28.81085],[149.15958,-28.81069],[149.15934,-28.81027],[149.15867,-28.81004],[149.15871,-28.80932],[149.15852,-28.80909],[149.15792,-28.80913],[149.15766,-28.80938],[149.15732,-28.80944],[149.15471,-28.8095],[149.15436,-28.80915],[149.15421,-28.80834],[149.15397,-28.80811],[149.15292,-28.80814],[149.15108,-28.8074],[149.15045,-28.80749],[149.14995,-28.80841],[149.14899,-28.80864],[149.14814,-28.80851],[149.14779,-28.80821],[149.14835,-28.80624],[149.14832,-28.80577],[149.14749,-28.80597],[149.14665,-28.80598],[149.14617,-28.80631],[149.14621,-28.80683],[149.14664,-28.80727],[149.14697,-28.80794],[149.14703,-28.80845],[149.14686,-28.80857],[149.14622,-28.80859],[149.14565,-28.80946],[149.14539,-28.80948],[149.14515,-28.8093],[149.1449,-28.80894],[149.14472,-28.80813],[149.14447,-28.80777],[149.14417,-28.80775],[149.14333,-28.80823],[149.14296,-28.80829],[149.14273,-28.80818],[149.14291,-28.80745],[149.14334,-28.8071],[149.14362,-28.80697],[149.14418,-28.80701],[149.1446,-28.80677],[149.14447,-28.80645],[149.14347,-28.80599],[149.14299,-28.80562],[149.14275,-28.80567],[149.14226,-28.80656],[149.14178,-28.8069],[149.14084,-28.80702],[149.14011,-28.80667],[149.13957,-28.80673],[149.13926,-28.80733],[149.13952,-28.80784],[149.13947,-28.80805],[149.13872,-28.80832],[149.13855,-28.80866],[149.13965,-28.80973],[149.14024,-28.81012],[149.14027,-28.81031],[149.13959,-28.81085],[149.13954,-28.81117],[149.13977,-28.81153],[149.13958,-28.81223],[149.13934,-28.81238],[149.13835,-28.81211],[149.13821,-28.81251],[149.13865,-28.81281],[149.1392,-28.81345],[149.14035,-28.81367],[149.14052,-28.8142],[149.13963,-28.81522],[149.13905,-28.81545],[149.13892,-28.81568],[149.139,-28.81587],[149.13925,-28.81598],[149.13997,-28.81597],[149.14073,-28.81622],[149.14085,-28.81611],[149.14076,-28.81523],[149.14086,-28.81506],[149.14116,-28.8149],[149.14185,-28.81505],[149.14202,-28.81528],[149.14204,-28.81569],[149.14258,-28.81653],[149.14283,-28.8175],[149.14233,-28.81832],[149.14215,-28.81907],[149.14245,-28.81921],[149.14302,-28.81907],[149.14345,-28.81887],[149.14405,-28.81824],[149.1444,-28.81832],[149.14455,-28.81892],[149.14421,-28.81982],[149.14377,-28.82014],[149.14354,-28.82082],[149.14327,-28.82117],[149.14312,-28.82118],[149.14214,-28.82054],[149.14165,-28.82044],[149.14066,-28.82167],[149.14028,-28.82196],[149.14035,-28.82217],[149.14089,-28.82242],[149.14205,-28.82216],[149.14264,-28.82179],[149.14317,-28.82175],[149.1435,-28.82209],[149.14352,-28.82234],[149.14261,-28.82336],[149.14256,-28.82417],[149.14102,-28.82425],[149.13988,-28.82506],[149.13932,-28.82513],[149.13855,-28.82561],[149.13854,-28.82594],[149.13928,-28.82678],[149.1393,-28.82756],[149.13895,-28.82795],[149.13775,-28.8283],[149.13729,-28.82868],[149.13699,-28.82862],[149.13638,-28.82807],[149.13598,-28.82801],[149.13582,-28.82808],[149.13516,-28.829],[149.13471,-28.8292],[149.13423,-28.8291],[149.13381,-28.82868],[149.13344,-28.8287],[149.1332,-28.82955],[149.13303,-28.8297],[149.13252,-28.82968],[149.13164,-28.82931],[149.13105,-28.82941],[149.13079,-28.82962],[149.13048,-28.83051],[149.13055,-28.83067],[149.13165,-28.83114],[149.132,-28.83157],[149.13194,-28.83179],[149.13134,-28.83223],[149.13015,-28.8319],[149.1295,-28.83226],[149.12921,-28.83213],[149.12857,-28.83147],[149.12822,-28.8314],[149.1278,-28.83162],[149.12757,-28.83216],[149.12828,-28.83373],[149.12832,-28.83435],[149.12787,-28.83553],[149.12657,-28.83532],[149.12626,-28.83507],[149.1257,-28.83487],[149.12537,-28.83381],[149.12435,-28.83304],[149.12405,-28.83315],[149.12267,-28.83442],[149.12232,-28.83434],[149.12189,-28.8334],[149.12219,-28.83321],[149.12294,-28.8333],[149.12303,-28.83293],[149.12272,-28.83245],[149.12142,-28.83157],[149.12109,-28.83178],[149.12089,-28.83212],[149.12093,-28.83257],[149.12072,-28.83289],[149.11958,-28.8329],[149.11867,-28.83332],[149.11819,-28.83329],[149.11747,-28.83223],[149.11788,-28.83167],[149.11912,-28.83084],[149.11985,-28.83014],[149.1199,-28.8299],[149.1197,-28.82966],[149.11925,-28.82947],[149.11881,-28.82938],[149.1184,-28.82949],[149.11621,-28.83066],[149.11572,-28.83108],[149.11538,-28.83117],[149.114,-28.8306],[149.11338,-28.83001],[149.11191,-28.83002],[149.11124,-28.83054],[149.111,-28.83088],[149.11108,-28.83122],[149.11135,-28.8315],[149.11188,-28.83152],[149.11227,-28.83083],[149.11255,-28.83073],[149.11285,-28.83081],[149.11308,-28.83105],[149.11318,-28.83203],[149.11314,-28.83225],[149.11277,-28.83242],[149.11242,-28.83281],[149.1122,-28.83334],[149.11217,-28.83392],[149.11193,-28.83426],[149.11166,-28.83449],[149.11108,-28.8344],[149.11094,-28.83411],[149.11105,-28.83359],[149.1109,-28.8333],[149.11071,-28.83322],[149.11002,-28.83373],[149.10925,-28.83314],[149.10905,-28.83316],[149.10768,-28.83467],[149.10721,-28.83497],[149.10524,-28.83703],[149.10406,-28.83775],[149.1036,-28.83842],[149.10322,-28.83859],[149.10274,-28.83815],[149.10241,-28.83724],[149.10256,-28.83695],[149.10321,-28.83652],[149.10313,-28.83548],[149.10342,-28.8347],[149.10336,-28.8344],[149.10269,-28.8334],[149.10185,-28.83271],[149.10123,-28.83239],[149.10102,-28.83239],[149.10046,-28.83282],[149.09959,-28.83415],[149.09915,-28.83416],[149.09866,-28.83344],[149.09837,-28.8325],[149.09814,-28.83214],[149.09773,-28.83183],[149.09678,-28.83156],[149.0961,-28.83221],[149.09606,-28.83272],[149.09646,-28.83365],[149.09643,-28.83417],[149.09626,-28.83433],[149.09548,-28.83434],[149.09481,-28.83381],[149.09415,-28.83351],[149.09376,-28.83348],[149.09338,-28.83364],[149.09224,-28.8345],[149.0917,-28.83528],[149.09097,-28.83603],[149.09022,-28.8372],[149.08856,-28.83745],[149.08734,-28.83799],[149.08685,-28.83838],[149.0861,-28.84061],[149.08641,-28.84159],[149.08611,-28.84199],[149.08449,-28.84258],[149.08353,-28.84269],[149.08233,-28.84313],[149.08167,-28.84279],[149.08148,-28.84224],[149.08116,-28.84194],[149.08095,-28.84186],[149.08053,-28.842],[149.08003,-28.84347],[149.08005,-28.84385],[149.08039,-28.84421],[149.08057,-28.84511],[149.08114,-28.84628],[149.08117,-28.84695],[149.0808,-28.8478],[149.08007,-28.84876],[149.08005,-28.84909],[149.07967,-28.84977],[149.0794,-28.84998],[149.07934,-28.85067],[149.0795,-28.85101],[149.07912,-28.85173],[149.07963,-28.85252],[149.07972,-28.8541],[149.07937,-28.85591],[149.0796,-28.85691],[149.07973,-28.85712],[149.08009,-28.85723],[149.08028,-28.85744],[149.08004,-28.85817],[149.07884,-28.859],[149.07837,-28.85908],[149.0779,-28.85895],[149.07761,-28.85866],[149.07731,-28.8586],[149.07532,-28.85925],[149.07522,-28.85941],[149.07529,-28.85979],[149.07494,-28.86062],[149.07478,-28.86073],[149.07429,-28.86066],[149.07412,-28.86078],[149.07354,-28.86158],[149.07364,-28.86243],[149.07337,-28.8629],[149.07232,-28.86382],[149.0721,-28.86453],[149.07234,-28.8648],[149.07227,-28.86523],[149.07243,-28.86576],[149.07232,-28.86627],[149.07194,-28.86739],[149.07125,-28.86828],[149.07011,-28.87026],[149.07025,-28.87084],[149.07069,-28.87135],[149.07058,-28.87163],[149.06926,-28.87272],[149.06849,-28.87305],[149.06815,-28.87306],[149.06698,-28.87257],[149.06664,-28.87254],[149.06639,-28.87279],[149.06601,-28.87365],[149.06512,-28.8761],[149.06354,-28.87847],[149.06275,-28.87873],[149.061,-28.87854],[149.05917,-28.87937],[149.05775,-28.88046],[149.05649,-28.88193],[149.05502,-28.88438],[149.05452,-28.88601],[149.05455,-28.88624],[149.05487,-28.88644],[149.05632,-28.88713],[149.05682,-28.88711],[149.05747,-28.88685],[149.05832,-28.88601],[149.05865,-28.88584],[149.05909,-28.88582],[149.0595,-28.88596],[149.05986,-28.88632],[149.06013,-28.88674],[149.06025,-28.88751],[149.06056,-28.88773],[149.06106,-28.88779],[149.06226,-28.88754],[149.06311,-28.88701],[149.06338,-28.88699],[149.06372,-28.88733],[149.06382,-28.88779],[149.06371,-28.88847],[149.06403,-28.88911],[149.06398,-28.8894],[149.06379,-28.88957],[149.06276,-28.88966],[149.06082,-28.89008],[149.06016,-28.89101],[149.05928,-28.89194],[149.05863,-28.89228],[149.05864,-28.89252],[149.05766,-28.89364],[149.05784,-28.89393],[149.05897,-28.89443],[149.0592,-28.89443],[149.05953,-28.89413],[149.06003,-28.894],[149.06026,-28.89405],[149.06061,-28.89438],[149.06044,-28.89494],[149.0598,-28.89591],[149.05864,-28.89705],[149.05832,-28.89806],[149.05795,-28.89858],[149.05658,-28.89944],[149.05629,-28.89975],[149.05605,-28.90011],[149.0557,-28.90144],[149.05582,-28.90227],[149.0576,-28.90355],[149.05782,-28.90399],[149.05786,-28.90425],[149.05762,-28.90474],[149.05719,-28.90502],[149.0569,-28.90542],[149.05688,-28.90572],[149.05767,-28.90679],[149.0584,-28.90742],[149.05868,-28.90783],[149.05867,-28.90941],[149.05843,-28.91097],[149.05805,-28.91136],[149.05736,-28.9118],[149.05642,-28.91186],[149.0557,-28.91163],[149.05541,-28.91167],[149.05498,-28.91193],[149.05212,-28.91541],[149.05078,-28.91771],[149.05041,-28.91776],[149.05011,-28.91752],[149.04938,-28.91629],[149.04891,-28.91611],[149.04853,-28.91619],[149.04785,-28.91698],[149.04787,-28.91738],[149.04754,-28.91784],[149.04747,-28.91832],[149.04767,-28.91941],[149.04752,-28.91986],[149.04713,-28.92008],[149.04641,-28.91987],[149.04611,-28.91989],[149.04499,-28.92056],[149.0449,-28.92079],[149.04512,-28.92115],[149.04552,-28.92131],[149.04643,-28.92137],[149.04685,-28.92155],[149.04745,-28.9221],[149.04748,-28.92238],[149.04698,-28.92359],[149.04726,-28.92454],[149.04711,-28.92504],[149.04662,-28.92549],[149.04582,-28.92587],[149.04347,-28.92641],[149.04295,-28.9266],[149.04262,-28.9269],[149.04274,-28.92758],[149.04319,-28.9283],[149.04295,-28.9289],[149.04334,-28.92998],[149.04281,-28.93075],[149.04234,-28.93117],[149.04232,-28.93137],[149.04238,-28.93152],[149.04295,-28.93164],[149.04461,-28.93116],[149.04509,-28.93117],[149.0456,-28.9315],[149.04573,-28.93224],[149.04565,-28.93268],[149.04517,-28.93368],[149.04532,-28.93408],[149.04562,-28.93437],[149.04562,-28.93458],[149.04547,-28.9348],[149.04492,-28.93494],[149.04385,-28.93447],[149.04346,-28.93456],[149.04337,-28.93495],[149.04375,-28.93559],[149.04371,-28.93607],[149.04249,-28.93727],[149.04277,-28.9376],[149.04347,-28.93787],[149.04357,-28.93813],[149.04338,-28.93894],[149.04302,-28.93945],[149.04226,-28.93961],[149.04056,-28.93907],[149.03909,-28.93877],[149.03866,-28.93887],[149.03847,-28.93908],[149.03849,-28.93938],[149.03875,-28.93977],[149.03902,-28.93997],[149.03979,-28.94018],[149.03981,-28.94051],[149.03969,-28.94065],[149.0389,-28.94077],[149.03887,-28.94088],[149.03899,-28.94109],[149.04009,-28.94188],[149.04012,-28.94237],[149.03971,-28.94271],[149.03872,-28.94295],[149.03784,-28.9436],[149.03659,-28.94376],[149.03618,-28.94413],[149.03611,-28.94505],[149.03585,-28.94527],[149.0352,-28.94526],[149.03476,-28.94539],[149.03463,-28.94554],[149.03432,-28.94631],[149.03436,-28.94759],[149.03485,-28.94806],[149.03599,-28.94824],[149.03616,-28.94866],[149.03596,-28.94914],[149.03549,-28.94947],[149.03522,-28.95012],[149.03446,-28.95101],[149.03349,-28.95139],[149.03318,-28.95165],[149.03329,-28.95214],[149.03432,-28.9523],[149.03454,-28.95282],[149.03305,-28.95397],[149.03275,-28.95537],[149.03188,-28.9566],[149.03115,-28.95717],[149.03034,-28.9573],[149.03004,-28.95718],[149.02986,-28.95696],[149.02974,-28.95649],[149.02989,-28.95575],[149.02967,-28.95542],[149.02888,-28.95491],[149.02798,-28.95448],[149.0278,-28.95449],[149.02707,-28.95482],[149.02627,-28.955],[149.02528,-28.95562],[149.02459,-28.95589],[149.02391,-28.95602],[149.02337,-28.95634],[149.02279,-28.95689],[149.0211,-28.95704],[149.02046,-28.95746],[149.01994,-28.95821],[149.01993,-28.95854],[149.02021,-28.959],[149.02019,-28.95923],[149.01995,-28.95936],[149.01944,-28.95936],[149.01889,-28.95913],[149.01866,-28.95866],[149.01774,-28.95817],[149.01753,-28.95703],[149.0173,-28.95675],[149.01685,-28.95651],[149.01603,-28.95659],[149.01574,-28.95692],[149.01571,-28.95737],[149.01545,-28.95757],[149.01503,-28.9577],[149.01428,-28.95767],[149.01343,-28.95737],[149.01309,-28.95659],[149.01251,-28.95576],[149.01211,-28.95549],[149.01162,-28.95548],[149.00905,-28.95689],[149.00804,-28.95773],[149.00805,-28.95806],[149.00877,-28.95853],[149.00928,-28.95854],[149.01023,-28.95815],[149.01138,-28.95811],[149.01177,-28.95827],[149.01173,-28.95857],[149.01117,-28.95899],[149.01078,-28.96],[149.01062,-28.96018],[149.0101,-28.96031],[149.00952,-28.95986],[149.00927,-28.9598],[149.00789,-28.95991],[149.00673,-28.95976],[149.00537,-28.96016],[149.00471,-28.96061],[149.00436,-28.96121],[149.00428,-28.96199],[149.00436,-28.96244],[149.00459,-28.96292],[149.00503,-28.9634],[149.00539,-28.96412],[149.00543,-28.96445],[149.00455,-28.96599],[149.00451,-28.96633],[149.00404,-28.96728],[149.00313,-28.96832],[149.00221,-28.96893],[149.00091,-28.96949],[148.99976,-28.96959],[148.99992,-28.97046],[148.99971,-28.97085],[148.99891,-28.97139],[148.99842,-28.97155],[148.99713,-28.97275],[148.9961,-28.97287],[148.99512,-28.97271],[148.99441,-28.97239],[148.99355,-28.97181],[148.99295,-28.97159],[148.99122,-28.97138],[148.99068,-28.9716],[148.99041,-28.97198],[148.99051,-28.97328],[148.99009,-28.97428],[148.99087,-28.97481],[148.99115,-28.97526],[148.99105,-28.97563],[148.99072,-28.9759],[148.99038,-28.97601],[148.98902,-28.97581],[148.98789,-28.97511],[148.98725,-28.97436],[148.98636,-28.97413],[148.98566,-28.9743],[148.98547,-28.97445],[148.98483,-28.97569],[148.98387,-28.97657],[148.98278,-28.97668],[148.98244,-28.97638],[148.98223,-28.97579],[148.98117,-28.97534],[148.97938,-28.97567],[148.97902,-28.97583],[148.97835,-28.97548],[148.97797,-28.97547],[148.9766,-28.97634],[148.97574,-28.97651],[148.97473,-28.97846],[148.97447,-28.9787],[148.97371,-28.97887],[148.97335,-28.97883],[148.97266,-28.97836],[148.97225,-28.97826],[148.97172,-28.97829],[148.97146,-28.97845],[148.97135,-28.9787],[148.9714,-28.98],[148.97055,-28.98235],[148.97086,-28.98308],[148.97128,-28.98323],[148.97137,-28.98345],[148.97113,-28.98409],[148.97123,-28.98496],[148.97111,-28.98533],[148.97047,-28.98586],[148.96906,-28.98621],[148.96779,-28.98604],[148.96644,-28.98562],[148.96616,-28.98568],[148.966,-28.98585],[148.96597,-28.98622],[148.9662,-28.98656],[148.96712,-28.98712],[148.96814,-28.98722],[148.96891,-28.98781],[148.96903,-28.98803],[148.96903,-28.98827],[148.9688,-28.98854],[148.96724,-28.98972],[148.96717,-28.99008],[148.96741,-28.99068],[148.96736,-28.99121],[148.9671,-28.99144],[148.96679,-28.99148],[148.96589,-28.99108],[148.96532,-28.9911],[148.96341,-28.99169],[148.9635,-28.99199],[148.96551,-28.99311],[148.96564,-28.9934],[148.96558,-28.99364],[148.96535,-28.99393],[148.96439,-28.99441],[148.964,-28.99484],[148.9636,-28.99536],[148.96322,-28.99631],[148.96294,-28.99648],[148.96202,-28.99666],[148.96164,-28.99688],[148.96137,-28.99738],[148.9609,-28.99757],[148.96001,-28.99761],[148.95891,-28.99794],[148.95835,-28.99852],[148.95809,-28.99906],[147.71862,-28.99917],[146.57702,-28.99904],[144.41535,-28.99909],[143.9481,-28.99918],[143.22612,-28.99906],[143.00085,-28.99891],[142.91083,-28.99905],[141.69999,-28.99909],[141.59085,-28.99896],[140.99927,-28.9991]]}},{"type":"Feature","properties":{"a":"nsw","b":"sa"},"geometry":{"type":"LineString","coordinates":[[140.99927,-28.9991],[140.99976,-29.32961],[141.00022,-29.90401],[140.99997,-29.9985],[141.00033,-30.05062],[141.0007,-30.70755],[141.00059,-31.19997],[141.00129,-31.82915],[141.00296,-34.02254]]}},{"type":"Feature","properties":{"a":"nsw","b":"vic"},"geometry":{"type":"LineString","coordinates":[[141.00296,-34.02254],[141.00482,-34.02337],[141.00747,-34.02414],[141.00908,-34.02419],[141.00986,-34.02396],[141.01076,-34.02396],[141.01185,-34.02429],[141.01236,-34.02474],[141.01234,-34.02505],[141.01208,-34.02547],[141.01147,-34.02584],[141.01049,-34.0259],[141.00896,-34.02565],[141.00864,-34.02549],[141.0059,-34.02595],[141.00531,-34.02627],[141.0049,-34.02633],[141.00378,-34.0276],[141.00288,-34.02925],[141.00266,-34.03011],[141.00283,-34.03007],[141.00294,-34.03021],[141.00368,-34.03225],[141.00368,-34.03333],[141.00343,-34.03401],[141.0032,-34.03431],[141.00289,-34.03448],[141.00177,-34.03764],[141.00171,-34.03818],[141.00193,-34.03928],[141.00278,-34.04064],[141.00469,-34.04146],[141.00597,-34.04179],[141.00658,-34.04212],[141.00719,-34.04258],[141.00751,-34.043],[141.00742,-34.04328],[141.00894,-34.04466],[141.0099,-34.04522],[141.01145,-34.04586],[141.01254,-34.04613],[141.01498,-34.04634],[141.01702,-34.04726],[141.01805,-34.04853],[141.01827,-34.04939],[141.01845,-34.05096],[141.01829,-34.05224],[141.01807,-34.05286],[141.01806,-34.05401],[141.01843,-34.05602],[141.01945,-34.05731],[141.02142,-34.0587],[141.02326,-34.0597],[141.02432,-34.05991],[141.02592,-34.05957],[141.02694,-34.05913],[141.02711,-34.05834],[141.0274,-34.05774],[141.02744,-34.05724],[141.0273,-34.05674],[141.02687,-34.05604],[141.02485,-34.05486],[141.02356,-34.0533],[141.02329,-34.05267],[141.02328,-34.05233],[141.02367,-34.05115],[141.02454,-34.05019],[141.02551,-34.04981],[141.02917,-34.04898],[141.03056,-34.04811],[141.03116,-34.04789],[141.03227,-34.047],[141.03248,-34.04667],[141.03257,-34.04585],[141.0325,-34.04542],[141.03137,-34.04357],[141.03105,-34.04203],[141.03123,-34.04063],[141.03232,-34.03737],[141.03279,-34.03639],[141.03304,-34.0361],[141.03364,-34.03583],[141.03488,-34.03572],[141.03615,-34.03605],[141.03681,-34.03638],[141.04137,-34.0395],[141.04247,-34.04071],[141.04335,-34.04247],[141.04358,-34.0432],[141.04365,-34.04433],[141.04353,-34.04495],[141.0421,-34.04719],[141.04015,-34.04933],[141.03955,-34.05064],[141.03945,-34.05141],[141.03959,-34.05362],[141.04064,-34.05667],[141.0408,-34.0575],[141.04085,-34.05786],[141.04059,-34.05828],[141.04077,-34.05911],[141.04122,-34.06004],[141.04246,-34.0611],[141.04407,-34.06173],[141.04562,-34.06186],[141.0475,-34.06174],[141.04902,-34.06113],[141.04959,-34.06072],[141.05134,-34.05872],[141.05295,-34.05754],[141.05341,-34.05733],[141.05923,-34.05596],[141.06089,-34.05539],[141.06172,-34.05498],[141.06325,-34.05366],[141.0641,-34.05252],[141.06434,-34.05215],[141.06495,-34.05013],[141.06517,-34.04995],[141.0656,-34.05006],[141.06603,-34.0504],[141.06638,-34.05093],[141.06677,-34.05241],[141.06722,-34.0562],[141.06851,-34.05952],[141.06902,-34.06039],[141.06968,-34.06111],[141.0707,-34.06205],[141.07195,-34.06291],[141.07306,-34.06349],[141.07373,-34.06368],[141.07489,-34.06377],[141.07665,-34.06365],[141.07799,-34.06316],[141.08027,-34.06151],[141.0811,-34.0612],[141.08163,-34.06115],[141.08216,-34.06115],[141.08398,-34.06153],[141.08491,-34.06229],[141.08583,-34.06359],[141.08608,-34.0644],[141.08604,-34.06502],[141.08559,-34.06603],[141.08483,-34.06705],[141.08338,-34.06819],[141.08302,-34.06872],[141.08274,-34.06968],[141.0828,-34.07091],[141.08313,-34.07184],[141.08412,-34.07364],[141.08471,-34.07444],[141.08531,-34.07502],[141.08694,-34.07599],[141.08802,-34.07641],[141.08922,-34.0767],[141.09092,-34.07665],[141.0924,-34.07641],[141.09492,-34.0748],[141.09635,-34.07359],[141.09669,-34.07314],[141.09759,-34.07003],[141.09772,-34.06877],[141.09717,-34.06585],[141.09644,-34.06379],[141.09605,-34.06161],[141.09556,-34.06067],[141.09332,-34.05876],[141.09225,-34.05816],[141.09078,-34.05781],[141.08924,-34.05784],[141.08794,-34.05773],[141.08741,-34.05761],[141.08726,-34.05717],[141.08717,-34.05595],[141.08759,-34.05503],[141.08837,-34.05437],[141.09076,-34.05284],[141.09165,-34.05211],[141.09309,-34.05118],[141.09424,-34.05066],[141.09563,-34.05024],[141.09756,-34.05009],[141.10018,-34.05067],[141.10105,-34.0512],[141.1018,-34.05201],[141.10257,-34.05357],[141.1033,-34.05656],[141.10405,-34.05822],[141.10492,-34.05944],[141.10692,-34.06106],[141.11238,-34.06251],[141.11723,-34.06417],[141.11897,-34.06465],[141.12034,-34.06487],[141.12176,-34.06491],[141.12345,-34.06472],[141.12546,-34.06434],[141.12824,-34.06343],[141.13063,-34.0622],[141.1316,-34.06154],[141.13394,-34.06048],[141.13526,-34.05971],[141.13633,-34.05806],[141.13731,-34.05756],[141.13762,-34.05774],[141.13745,-34.0578],[141.13755,-34.05799],[141.13794,-34.05813],[141.13795,-34.05826],[141.1376,-34.05861],[141.13711,-34.05992],[141.13706,-34.06052],[141.13726,-34.06114],[141.13764,-34.06163],[141.13825,-34.06219],[141.13928,-34.06275],[141.13989,-34.06324],[141.14168,-34.06368],[141.14217,-34.06371],[141.14297,-34.06353],[141.1436,-34.06314],[141.14393,-34.0627],[141.1441,-34.06219],[141.14425,-34.06114],[141.14388,-34.05976],[141.14376,-34.05851],[141.14397,-34.05769],[141.14459,-34.05677],[141.14499,-34.0564],[141.14601,-34.05578],[141.14754,-34.0554],[141.15052,-34.05519],[141.15193,-34.05479],[141.15202,-34.0546],[141.15235,-34.0545],[141.15311,-34.05452],[141.15343,-34.05475],[141.15342,-34.05515],[141.15215,-34.05662],[141.15148,-34.05763],[141.15124,-34.05826],[141.15111,-34.05965],[141.15128,-34.06053],[141.15187,-34.0615],[141.15309,-34.06249],[141.15348,-34.06297],[141.15365,-34.06365],[141.15344,-34.06419],[141.15271,-34.06462],[141.15208,-34.06479],[141.14997,-34.06502],[141.14842,-34.06538],[141.146,-34.06633],[141.14555,-34.06642],[141.14484,-34.06632],[141.14453,-34.06649],[141.14406,-34.06703],[141.14385,-34.0678],[141.1439,-34.06811],[141.14449,-34.0689],[141.14614,-34.06962],[141.14693,-34.06959],[141.14796,-34.06935],[141.15117,-34.06793],[141.15193,-34.06802],[141.15218,-34.0682],[141.15246,-34.06812],[141.15318,-34.06891],[141.15351,-34.06962],[141.15364,-34.07056],[141.15349,-34.07452],[141.1529,-34.07788],[141.15294,-34.07866],[141.15273,-34.07935],[141.1533,-34.08158],[141.15367,-34.08212],[141.15523,-34.08335],[141.15705,-34.08416],[141.15888,-34.08458],[141.16032,-34.08461],[141.16302,-34.08415],[141.16586,-34.08321],[141.16783,-34.08208],[141.16904,-34.08065],[141.17041,-34.07742],[141.17064,-34.07521],[141.17117,-34.07441],[141.1726,-34.07338],[141.17378,-34.07314],[141.17467,-34.07333],[141.17485,-34.07355],[141.1751,-34.07359],[141.17544,-34.07412],[141.17565,-34.07543],[141.17552,-34.07612],[141.17479,-34.07812],[141.17471,-34.07871],[141.17488,-34.08129],[141.17567,-34.08269],[141.17718,-34.08408],[141.17782,-34.08485],[141.17824,-34.0865],[141.17808,-34.08682],[141.17816,-34.08744],[141.17861,-34.08856],[141.17935,-34.0895],[141.18148,-34.09099],[141.18297,-34.09158],[141.18431,-34.09189],[141.18623,-34.09198],[141.18778,-34.09191],[141.18969,-34.09165],[141.19091,-34.09137],[141.19269,-34.09054],[141.1931,-34.09018],[141.194,-34.08888],[141.19433,-34.08808],[141.1945,-34.0869],[141.19449,-34.08602],[141.19415,-34.08515],[141.19365,-34.0842],[141.19295,-34.08326],[141.19255,-34.08289],[141.19117,-34.08208],[141.18898,-34.08114],[141.18777,-34.08028],[141.18742,-34.07983],[141.18745,-34.07929],[141.18795,-34.07911],[141.19036,-34.07913],[141.19241,-34.07834],[141.19275,-34.07794],[141.19286,-34.07656],[141.19286,-34.07616],[141.19244,-34.07573],[141.19243,-34.07553],[141.19252,-34.07507],[141.1931,-34.07424],[141.19374,-34.07402],[141.19532,-34.07392],[141.19803,-34.07324],[141.19983,-34.07213],[141.2003,-34.0716],[141.20087,-34.07022],[141.20119,-34.0675],[141.20192,-34.06548],[141.20262,-34.06445],[141.20407,-34.06302],[141.20591,-34.06172],[141.2072,-34.06119],[141.20839,-34.06095],[141.20987,-34.06092],[141.21091,-34.06121],[141.21312,-34.06268],[141.21335,-34.06334],[141.21358,-34.06358],[141.21349,-34.06426],[141.21366,-34.06464],[141.21489,-34.06522],[141.21576,-34.06539],[141.21715,-34.06476],[141.21827,-34.06342],[141.21881,-34.06239],[141.21914,-34.06225],[141.21967,-34.06164],[141.22093,-34.06144],[141.22159,-34.06148],[141.22212,-34.06168],[141.22235,-34.06211],[141.22251,-34.06214],[141.22273,-34.06301],[141.2227,-34.06346],[141.22245,-34.06381],[141.22243,-34.06421],[141.22223,-34.06456],[141.22215,-34.0656],[141.22194,-34.06615],[141.22174,-34.06629],[141.22169,-34.06665],[141.22172,-34.06754],[141.22224,-34.06895],[141.22265,-34.06953],[141.22622,-34.07299],[141.22784,-34.07362],[141.22847,-34.07365],[141.22961,-34.07363],[141.23179,-34.07316],[141.23352,-34.07232],[141.23619,-34.07068],[141.23672,-34.07011],[141.23725,-34.06853],[141.23686,-34.06631],[141.23699,-34.06505],[141.23752,-34.06393],[141.23854,-34.06229],[141.23951,-34.06163],[141.24053,-34.06124],[141.24181,-34.06131],[141.24253,-34.06168],[141.24322,-34.06252],[141.24362,-34.06281],[141.24426,-34.06376],[141.24445,-34.06472],[141.24438,-34.06621],[141.24472,-34.06897],[141.24527,-34.06989],[141.24636,-34.07123],[141.24702,-34.07243],[141.24722,-34.07321],[141.24684,-34.07477],[141.24582,-34.07672],[141.24479,-34.0778],[141.24452,-34.07783],[141.24401,-34.07827],[141.24305,-34.07947],[141.24227,-34.08061],[141.24167,-34.08195],[141.24149,-34.08322],[141.24167,-34.08512],[141.24208,-34.08675],[141.24254,-34.08734],[141.24335,-34.08793],[141.24453,-34.08827],[141.24579,-34.08841],[141.2465,-34.08835],[141.24744,-34.08808],[141.24839,-34.08746],[141.2494,-34.08638],[141.24972,-34.08558],[141.25006,-34.08304],[141.25048,-34.08144],[141.25088,-34.08034],[141.25209,-34.0789],[141.25368,-34.07797],[141.25536,-34.07753],[141.25692,-34.07751],[141.25799,-34.07762],[141.25957,-34.07814],[141.26043,-34.07855],[141.26102,-34.07898],[141.26301,-34.08127],[141.26401,-34.08309],[141.26505,-34.08621],[141.26588,-34.08812],[141.2673,-34.09053],[141.26869,-34.09213],[141.2741,-34.09722],[141.27536,-34.09816],[141.27734,-34.0986],[141.2791,-34.09881],[141.27985,-34.09907],[141.28017,-34.09941],[141.28058,-34.10037],[141.28117,-34.10119],[141.28228,-34.10225],[141.28303,-34.10332],[141.2837,-34.10387],[141.28504,-34.10439],[141.28679,-34.10453],[141.28913,-34.10487],[141.29311,-34.10603],[141.29531,-34.10653],[141.29722,-34.10668],[141.29854,-34.10696],[141.29897,-34.10739],[141.29906,-34.10796],[141.29891,-34.10875],[141.2986,-34.10917],[141.29849,-34.1104],[141.29821,-34.11132],[141.29795,-34.11158],[141.2984,-34.11155],[141.29865,-34.11233],[141.2989,-34.11257],[141.30003,-34.11341],[141.30079,-34.11372],[141.302,-34.11397],[141.30324,-34.11386],[141.31141,-34.11202],[141.31376,-34.11167],[141.31515,-34.11163],[141.31601,-34.11181],[141.31745,-34.11241],[141.31806,-34.11287],[141.31857,-34.11353],[141.31874,-34.11507],[141.31842,-34.11631],[141.31756,-34.1178],[141.31571,-34.12032],[141.31506,-34.12139],[141.31501,-34.12175],[141.31436,-34.12248],[141.31357,-34.1238],[141.3134,-34.12381],[141.31353,-34.12486],[141.3139,-34.12572],[141.3145,-34.12631],[141.31581,-34.12702],[141.31677,-34.12726],[141.31784,-34.12736],[141.31903,-34.12706],[141.3221,-34.12557],[141.32262,-34.12548],[141.32343,-34.12548],[141.32439,-34.12571],[141.32549,-34.12639],[141.32592,-34.12687],[141.32641,-34.12816],[141.32641,-34.12902],[141.32615,-34.12982],[141.32528,-34.13121],[141.32443,-34.13188],[141.32376,-34.13218],[141.32312,-34.13316],[141.32324,-34.13599],[141.32307,-34.13689],[141.32321,-34.13758],[141.32358,-34.13796],[141.32494,-34.13878],[141.32545,-34.13896],[141.3268,-34.13893],[141.32727,-34.13887],[141.32813,-34.13856],[141.32859,-34.13832],[141.33015,-34.13706],[141.33047,-34.13641],[141.33096,-34.1361],[141.33142,-34.13599],[141.33135,-34.13577],[141.33087,-34.13571],[141.33105,-34.13548],[141.33105,-34.13514],[141.33091,-34.135],[141.33115,-34.13435],[141.33127,-34.13325],[141.33192,-34.13171],[141.33294,-34.13065],[141.33393,-34.13023],[141.3401,-34.12857],[141.34143,-34.12805],[141.34223,-34.12761],[141.3447,-34.12585],[141.34641,-34.12435],[141.34731,-34.1229],[141.34756,-34.12159],[141.34754,-34.12067],[141.34718,-34.11895],[141.34695,-34.11698],[141.34696,-34.11512],[141.3476,-34.11325],[141.3485,-34.11231],[141.34951,-34.11173],[141.35177,-34.11114],[141.3573,-34.1107],[141.35898,-34.11072],[141.35965,-34.11082],[141.36129,-34.11146],[141.36266,-34.11295],[141.36306,-34.11384],[141.36327,-34.11698],[141.36372,-34.11928],[141.3644,-34.12111],[141.36599,-34.12379],[141.36676,-34.12466],[141.36827,-34.12594],[141.36876,-34.12712],[141.36983,-34.12752],[141.3709,-34.12736],[141.37132,-34.12703],[141.37177,-34.12641],[141.37162,-34.12518],[141.36983,-34.12313],[141.36954,-34.12249],[141.36923,-34.12135],[141.36923,-34.12061],[141.36926,-34.1204],[141.36969,-34.1202],[141.37104,-34.11971],[141.37176,-34.1197],[141.3735,-34.12013],[141.37745,-34.12138],[141.38025,-34.12172],[141.38159,-34.12214],[141.38238,-34.12255],[141.38329,-34.12327],[141.38406,-34.12412],[141.38455,-34.12497],[141.38536,-34.12715],[141.38585,-34.1297],[141.3858,-34.13088],[141.38541,-34.13137],[141.38551,-34.13193],[141.386,-34.13306],[141.38646,-34.13374],[141.38721,-34.1343],[141.38812,-34.13473],[141.38941,-34.13482],[141.39112,-34.13474],[141.39237,-34.13434],[141.39382,-34.13346],[141.39557,-34.13198],[141.39665,-34.13134],[141.39782,-34.1303],[141.40068,-34.12843],[141.40336,-34.1272],[141.404,-34.12729],[141.40449,-34.1272],[141.40479,-34.12686],[141.40592,-34.12688],[141.40707,-34.12719],[141.40825,-34.12786],[141.40911,-34.12855],[141.40981,-34.12958],[141.41023,-34.1306],[141.41032,-34.13219],[141.4102,-34.13282],[141.40969,-34.13383],[141.40774,-34.13665],[141.40711,-34.13814],[141.40653,-34.14108],[141.40607,-34.14196],[141.40632,-34.14452],[141.40688,-34.14575],[141.4074,-34.1464],[141.4108,-34.14939],[141.41192,-34.14997],[141.41527,-34.15075],[141.41716,-34.15078],[141.41874,-34.15059],[141.42009,-34.15003],[141.421,-34.14979],[141.42103,-34.14957],[141.42186,-34.14937],[141.42429,-34.14786],[141.42514,-34.14758],[141.42743,-34.14648],[141.43017,-34.14558],[141.4313,-34.14535],[141.43236,-34.1454],[141.4339,-34.1459],[141.43476,-34.1469],[141.43475,-34.14776],[141.43438,-34.14875],[141.43297,-34.15105],[141.4325,-34.15216],[141.43209,-34.1545],[141.43207,-34.15813],[141.4328,-34.15994],[141.43381,-34.16102],[141.43544,-34.16238],[141.43654,-34.16287],[141.43879,-34.1636],[141.44059,-34.16457],[141.44184,-34.1655],[141.44403,-34.16768],[141.44454,-34.16801],[141.4452,-34.16808],[141.44615,-34.16842],[141.44712,-34.16841],[141.44792,-34.1682],[141.44882,-34.16747],[141.44925,-34.16654],[141.44926,-34.16563],[141.44905,-34.16443],[141.44852,-34.16317],[141.4485,-34.16267],[141.44887,-34.16188],[141.44946,-34.16141],[141.45064,-34.161],[141.45145,-34.16101],[141.4525,-34.16129],[141.45765,-34.16363],[141.46034,-34.16463],[141.46092,-34.16502],[141.46227,-34.16559],[141.46398,-34.16584],[141.46593,-34.16575],[141.46696,-34.16547],[141.46895,-34.16425],[141.4697,-34.16342],[141.47019,-34.16263],[141.47033,-34.16148],[141.47026,-34.15976],[141.47119,-34.1592],[141.47212,-34.15918],[141.47296,-34.15945],[141.476,-34.16111],[141.47659,-34.16159],[141.47778,-34.16206],[141.47912,-34.16278],[141.48124,-34.16336],[141.4828,-34.16342],[141.48432,-34.16296],[141.48492,-34.1626],[141.48608,-34.16131],[141.48614,-34.16027],[141.48578,-34.15881],[141.48575,-34.15714],[141.48583,-34.15674],[141.48632,-34.1559],[141.48737,-34.15487],[141.48834,-34.15438],[141.48977,-34.15409],[141.49182,-34.15407],[141.49497,-34.15461],[141.49679,-34.15552],[141.49843,-34.15669],[141.49956,-34.15769],[141.50049,-34.15879],[141.50198,-34.16114],[141.50232,-34.16197],[141.50377,-34.16712],[141.50472,-34.16915],[141.50894,-34.17534],[141.51085,-34.17771],[141.51149,-34.17828],[141.51236,-34.17881],[141.51321,-34.17913],[141.51415,-34.17938],[141.51702,-34.17944],[141.51749,-34.17957],[141.51823,-34.18008],[141.51874,-34.18091],[141.51877,-34.18178],[141.51856,-34.18249],[141.51789,-34.18336],[141.51732,-34.18386],[141.51691,-34.18412],[141.51618,-34.18432],[141.5149,-34.18445],[141.51419,-34.18469],[141.51238,-34.18501],[141.51071,-34.18577],[141.50989,-34.18649],[141.50796,-34.18875],[141.50734,-34.18921],[141.50681,-34.19009],[141.50667,-34.19062],[141.50658,-34.1914],[141.50674,-34.19271],[141.50722,-34.19367],[141.50766,-34.19418],[141.50892,-34.19512],[141.51037,-34.19598],[141.51277,-34.19707],[141.51463,-34.19821],[141.51564,-34.19934],[141.51716,-34.20068],[141.51776,-34.20152],[141.51858,-34.20316],[141.5184,-34.20482],[141.51819,-34.20545],[141.51759,-34.20645],[141.5172,-34.2068],[141.51572,-34.2075],[141.5139,-34.20802],[141.51301,-34.20805],[141.51242,-34.20839],[141.51112,-34.20842],[141.51069,-34.20831],[141.50851,-34.20839],[141.50764,-34.20879],[141.50615,-34.2105],[141.50568,-34.2116],[141.50564,-34.21245],[141.50608,-34.21384],[141.50664,-34.2146],[141.50734,-34.21516],[141.5086,-34.21597],[141.51007,-34.21648],[141.51198,-34.21652],[141.51276,-34.21641],[141.51366,-34.21613],[141.51772,-34.21381],[141.51963,-34.21327],[141.52574,-34.21297],[141.52754,-34.21303],[141.52883,-34.21292],[141.53106,-34.2124],[141.53281,-34.2116],[141.53386,-34.2107],[141.53529,-34.20907],[141.5361,-34.20773],[141.53651,-34.20647],[141.53643,-34.20493],[141.53594,-34.20362],[141.53489,-34.20187],[141.5336,-34.2],[141.53149,-34.19739],[141.53082,-34.19601],[141.5308,-34.19556],[141.53085,-34.19476],[141.5313,-34.19307],[141.53199,-34.19226],[141.53355,-34.19143],[141.53502,-34.19138],[141.53597,-34.19152],[141.53805,-34.1927],[141.53923,-34.19379],[141.54031,-34.1951],[141.54134,-34.19655],[141.5414,-34.19695],[141.54206,-34.19794],[141.54299,-34.1989],[141.54414,-34.19972],[141.54447,-34.2002],[141.54504,-34.20058],[141.54774,-34.20084],[141.54926,-34.2007],[141.55041,-34.20034],[141.55347,-34.19878],[141.55474,-34.19819],[141.55523,-34.19808],[141.5565,-34.19729],[141.55724,-34.19642],[141.55781,-34.19523],[141.55793,-34.19473],[141.55791,-34.19316],[141.55824,-34.19194],[141.55902,-34.19129],[141.56047,-34.1909],[141.56559,-34.19112],[141.5672,-34.19151],[141.56797,-34.19183],[141.56836,-34.19212],[141.57067,-34.19415],[141.57151,-34.19512],[141.57311,-34.19602],[141.57453,-34.19628],[141.57698,-34.19648],[141.57943,-34.19736],[141.58158,-34.19839],[141.5827,-34.19875],[141.58392,-34.19882],[141.58521,-34.19873],[141.58626,-34.19829],[141.58684,-34.19786],[141.58811,-34.19599],[141.58844,-34.1944],[141.58879,-34.19147],[141.58817,-34.18962],[141.58825,-34.18835],[141.58881,-34.18754],[141.58974,-34.18689],[141.59001,-34.1868],[141.59061,-34.18685],[141.59146,-34.18715],[141.59218,-34.1879],[141.59268,-34.18905],[141.59278,-34.18976],[141.59411,-34.19089],[141.59497,-34.19145],[141.59583,-34.19179],[141.59869,-34.19223],[141.60002,-34.19227],[141.60092,-34.19216],[141.60233,-34.1917],[141.60329,-34.19123],[141.60473,-34.18989],[141.60594,-34.18799],[141.60608,-34.1871],[141.60592,-34.18589],[141.60537,-34.18449],[141.60495,-34.18393],[141.60364,-34.18298],[141.60226,-34.1823],[141.60127,-34.18195],[141.59738,-34.18232],[141.59643,-34.18213],[141.59621,-34.18231],[141.59591,-34.18224],[141.59556,-34.18235],[141.59435,-34.18233],[141.59283,-34.18193],[141.5911,-34.18098],[141.59033,-34.18022],[141.58958,-34.17863],[141.58938,-34.17735],[141.58946,-34.1765],[141.58992,-34.17527],[141.5911,-34.1742],[141.59316,-34.17277],[141.59817,-34.17021],[141.59903,-34.16994],[141.59955,-34.16995],[141.60135,-34.16957],[141.60178,-34.16938],[141.60256,-34.16879],[141.60318,-34.16795],[141.60352,-34.16714],[141.60384,-34.16553],[141.60338,-34.16326],[141.60296,-34.16225],[141.60137,-34.15962],[141.60082,-34.15794],[141.59934,-34.15608],[141.59767,-34.15535],[141.59634,-34.15531],[141.59621,-34.15541],[141.59585,-34.15538],[141.59578,-34.15552],[141.59483,-34.15586],[141.59202,-34.15738],[141.59134,-34.15759],[141.59009,-34.15781],[141.58916,-34.1578],[141.58781,-34.15757],[141.58561,-34.15651],[141.58438,-34.15543],[141.58369,-34.1543],[141.5835,-34.15363],[141.58353,-34.15287],[141.5839,-34.15197],[141.58486,-34.15112],[141.58581,-34.15068],[141.58669,-34.15061],[141.58732,-34.15075],[141.58831,-34.15123],[141.59109,-34.15308],[141.59374,-34.15444],[141.59443,-34.15473],[141.5953,-34.15481],[141.59541,-34.15468],[141.5974,-34.15425],[141.59799,-34.15396],[141.59892,-34.15318],[141.60128,-34.15039],[141.6026,-34.14945],[141.60318,-34.14925],[141.60458,-34.14911],[141.60607,-34.1495],[141.60748,-34.15023],[141.60826,-34.15083],[141.60912,-34.15194],[141.60912,-34.15253],[141.60939,-34.15378],[141.61177,-34.1563],[141.61254,-34.15678],[141.61361,-34.1571],[141.6156,-34.15708],[141.61854,-34.15629],[141.62008,-34.15522],[141.62102,-34.15426],[141.6209,-34.15408],[141.62128,-34.15309],[141.62133,-34.15066],[141.62096,-34.14929],[141.62033,-34.14808],[141.61894,-34.14646],[141.61636,-34.14397],[141.61415,-34.14213],[141.61199,-34.13992],[141.61181,-34.13958],[141.61182,-34.13902],[141.61257,-34.13848],[141.61348,-34.13843],[141.61424,-34.13852],[141.61534,-34.13905],[141.61657,-34.14009],[141.61692,-34.14061],[141.61712,-34.141],[141.61733,-34.14215],[141.61771,-34.14289],[141.61824,-34.14351],[141.61881,-34.14393],[141.62131,-34.14518],[141.62336,-34.14578],[141.62531,-34.14612],[141.62653,-34.14596],[141.62798,-34.14542],[141.62974,-34.14415],[141.63044,-34.14339],[141.63144,-34.14187],[141.63212,-34.14014],[141.63179,-34.13703],[141.63041,-34.13327],[141.63012,-34.13191],[141.63006,-34.1297],[141.63013,-34.1278],[141.63053,-34.12582],[141.63107,-34.12415],[141.63175,-34.12272],[141.63265,-34.12148],[141.63344,-34.12095],[141.63507,-34.12039],[141.63752,-34.11998],[141.64168,-34.11966],[141.64186,-34.11974],[141.64204,-34.11959],[141.65013,-34.11814],[141.65128,-34.11786],[141.65321,-34.11717],[141.65378,-34.11708],[141.65467,-34.11669],[141.65537,-34.11628],[141.65772,-34.11436],[141.65859,-34.11383],[141.66067,-34.11266],[141.66254,-34.11183],[141.66413,-34.11084],[141.66689,-34.10869],[141.66866,-34.10714],[141.67147,-34.10513],[141.6729,-34.10372],[141.67451,-34.10254],[141.67611,-34.10169],[141.67745,-34.10122],[141.67799,-34.10117],[141.68558,-34.10238],[141.68744,-34.10242],[141.68857,-34.10232],[141.68937,-34.10208],[141.6927,-34.09939],[141.69374,-34.09882],[141.69473,-34.09848],[141.69626,-34.09811],[141.69955,-34.09758],[141.70118,-34.09705],[141.70299,-34.09612],[141.70491,-34.09569],[141.7061,-34.09575],[141.70828,-34.09635],[141.70911,-34.09686],[141.70988,-34.09753],[141.71058,-34.09862],[141.71086,-34.10014],[141.71084,-34.1032],[141.71137,-34.10652],[141.71139,-34.10903],[141.71278,-34.11229],[141.71328,-34.11306],[141.71382,-34.11358],[141.71434,-34.11398],[141.71518,-34.11437],[141.71528,-34.11456],[141.71569,-34.11473],[141.71703,-34.11496],[141.71901,-34.11489],[141.72052,-34.11449],[141.72354,-34.11267],[141.72551,-34.10966],[141.72626,-34.10889],[141.72915,-34.10652],[141.72987,-34.10558],[141.73008,-34.10497],[141.73011,-34.10393],[141.72965,-34.10246],[141.7287,-34.10126],[141.72695,-34.09967],[141.72588,-34.0979],[141.72546,-34.09516],[141.72547,-34.09402],[141.72583,-34.09298],[141.72658,-34.0921],[141.7273,-34.09151],[141.72969,-34.0909],[141.73146,-34.09096],[141.73397,-34.09188],[141.73551,-34.09307],[141.73713,-34.09503],[141.73866,-34.0972],[141.74152,-34.09943],[141.74216,-34.10021],[141.74238,-34.10073],[141.74317,-34.10165],[141.74509,-34.10296],[141.74634,-34.1034],[141.74831,-34.10352],[141.74966,-34.10338],[141.75075,-34.10319],[141.75261,-34.10241],[141.75416,-34.10134],[141.75531,-34.10028],[141.75734,-34.09739],[141.75825,-34.09678],[141.75899,-34.09658],[141.76001,-34.09662],[141.76119,-34.09709],[141.76184,-34.09754],[141.76229,-34.09806],[141.76245,-34.09852],[141.76244,-34.0992],[141.76215,-34.09986],[141.76144,-34.10057],[141.76077,-34.10109],[141.75974,-34.10161],[141.75573,-34.10299],[141.75401,-34.10401],[141.75305,-34.10523],[141.75262,-34.10624],[141.75257,-34.10843],[141.75275,-34.10914],[141.75331,-34.11005],[141.75448,-34.11108],[141.75695,-34.1121],[141.75811,-34.1123],[141.75931,-34.11231],[141.76086,-34.11203],[141.76273,-34.11135],[141.76348,-34.11076],[141.76474,-34.10932],[141.76635,-34.10784],[141.76913,-34.10613],[141.77101,-34.10471],[141.7758,-34.10214],[141.77662,-34.10192],[141.7779,-34.10178],[141.77849,-34.10205],[141.77893,-34.10252],[141.77931,-34.10325],[141.77929,-34.1043],[141.77743,-34.10704],[141.77555,-34.11046],[141.77502,-34.11193],[141.77468,-34.11385],[141.77471,-34.11462],[141.7756,-34.116],[141.7765,-34.11671],[141.77689,-34.11688],[141.77796,-34.11711],[141.77888,-34.1171],[141.78044,-34.11661],[141.78233,-34.11482],[141.78305,-34.11356],[141.78409,-34.11226],[141.78464,-34.1119],[141.78543,-34.11163],[141.78644,-34.11169],[141.78723,-34.112],[141.78758,-34.11231],[141.7895,-34.11454],[141.79072,-34.11518],[141.79203,-34.11566],[141.79325,-34.11586],[141.79512,-34.11567],[141.79545,-34.11559],[141.79535,-34.11542],[141.79549,-34.11534],[141.7959,-34.11522],[141.79776,-34.11498],[141.79914,-34.115],[141.80131,-34.11552],[141.80211,-34.11588],[141.8026,-34.1163],[141.80372,-34.11743],[141.80506,-34.1192],[141.80655,-34.12027],[141.80803,-34.12049],[141.8102,-34.12041],[141.81107,-34.12066],[141.81272,-34.12072],[141.81529,-34.12132],[141.81768,-34.12251],[141.81973,-34.12412],[141.82539,-34.12768],[141.82965,-34.1293],[141.83266,-34.13018],[141.83905,-34.13116],[141.83958,-34.13148],[141.84012,-34.13159],[141.84056,-34.13184],[141.84076,-34.13217],[141.8413,-34.13233],[141.84138,-34.13245],[141.84261,-34.13248],[141.84346,-34.132],[141.84409,-34.13181],[141.84492,-34.13103],[141.84555,-34.12993],[141.84634,-34.12816],[141.84781,-34.12622],[141.8485,-34.12549],[141.84965,-34.12471],[141.85069,-34.12431],[141.85218,-34.12479],[141.85267,-34.12574],[141.85266,-34.12701],[141.85237,-34.12788],[141.85197,-34.12836],[141.8515,-34.12992],[141.85172,-34.13024],[141.85326,-34.13123],[141.85412,-34.13149],[141.85607,-34.13131],[141.85975,-34.12971],[141.86125,-34.12882],[141.86205,-34.12852],[141.86317,-34.12831],[141.86324,-34.12817],[141.86369,-34.12827],[141.86406,-34.12816],[141.86452,-34.12831],[141.86461,-34.1282],[141.86578,-34.12828],[141.86776,-34.12865],[141.87003,-34.12964],[141.8725,-34.13147],[141.87395,-34.13324],[141.87417,-34.13394],[141.87407,-34.1347],[141.87431,-34.135],[141.87457,-34.13493],[141.87476,-34.13593],[141.87577,-34.13723],[141.87663,-34.13742],[141.87785,-34.13685],[141.88026,-34.13129],[141.88087,-34.13061],[141.88217,-34.12961],[141.88481,-34.12843],[141.88636,-34.12744],[141.88796,-34.12608],[141.88879,-34.12442],[141.88903,-34.12294],[141.88898,-34.12228],[141.88865,-34.1215],[141.88724,-34.12002],[141.88606,-34.11908],[141.88516,-34.11787],[141.88476,-34.11672],[141.88461,-34.11534],[141.88474,-34.11498],[141.88536,-34.1147],[141.88853,-34.11441],[141.89231,-34.11428],[141.89357,-34.11405],[141.89724,-34.11226],[141.89911,-34.11149],[141.90069,-34.1112],[141.90351,-34.11115],[141.90348,-34.11127],[141.90447,-34.11193],[141.90559,-34.11253],[141.9071,-34.11356],[141.90812,-34.11406],[141.90821,-34.11414],[141.90806,-34.11426],[141.90817,-34.11438],[141.90869,-34.11425],[141.91117,-34.1151],[141.91332,-34.11554],[141.91488,-34.11562],[141.91607,-34.11539],[141.91622,-34.11518],[141.91669,-34.11502],[141.92055,-34.11407],[141.92161,-34.11411],[141.922,-34.1142],[141.92259,-34.11457],[141.92315,-34.11539],[141.92365,-34.11712],[141.92527,-34.12024],[141.92908,-34.12418],[141.92951,-34.12485],[141.92978,-34.12579],[141.9298,-34.1264],[141.92959,-34.12711],[141.92858,-34.12887],[141.9279,-34.12986],[141.92702,-34.13071],[141.92677,-34.13119],[141.92649,-34.13136],[141.92587,-34.13225],[141.92553,-34.13388],[141.92563,-34.1346],[141.92678,-34.1358],[141.92853,-34.13693],[141.92963,-34.13739],[141.93141,-34.13768],[141.93246,-34.13812],[141.93405,-34.13826],[141.9363,-34.13769],[141.93751,-34.13705],[141.9383,-34.13615],[141.93877,-34.13501],[141.93909,-34.13339],[141.93898,-34.13064],[141.93894,-34.13026],[141.93882,-34.13023],[141.93869,-34.13027],[141.93865,-34.13073],[141.93852,-34.13088],[141.93845,-34.13076],[141.93808,-34.12936],[141.93811,-34.1281],[141.93843,-34.12619],[141.9391,-34.12382],[141.93975,-34.12226],[141.9412,-34.12091],[141.94292,-34.11989],[141.94412,-34.11957],[141.945,-34.11948],[141.94607,-34.11953],[141.94674,-34.11973],[141.94749,-34.12009],[141.94805,-34.12053],[141.95099,-34.12531],[141.954,-34.12902],[141.95536,-34.13045],[141.95671,-34.13162],[141.96041,-34.1339],[141.96121,-34.13423],[141.96138,-34.13446],[141.96146,-34.13506],[141.96162,-34.13535],[141.96238,-34.136],[141.96417,-34.13677],[141.96565,-34.13688],[141.96644,-34.13679],[141.96669,-34.13697],[141.96709,-34.13698],[141.96844,-34.13672],[141.97044,-34.13611],[141.97166,-34.13525],[141.97227,-34.13377],[141.97233,-34.13313],[141.97226,-34.13253],[141.97178,-34.13161],[141.97063,-34.1299],[141.96954,-34.12795],[141.96903,-34.12575],[141.96907,-34.12291],[141.96974,-34.1199],[141.97089,-34.11731],[141.97209,-34.11557],[141.97266,-34.11502],[141.97338,-34.11445],[141.97502,-34.11353],[141.97765,-34.1127],[141.97995,-34.11239],[141.98349,-34.11241],[141.9849,-34.11294],[141.9866,-34.11415],[141.98829,-34.11592],[141.98956,-34.11834],[141.99106,-34.12023],[141.99191,-34.12087],[141.99301,-34.1213],[141.99341,-34.1213],[141.99404,-34.12103],[141.99624,-34.11899],[141.99744,-34.11852],[141.99847,-34.11855],[141.99945,-34.1189],[142.00242,-34.12075],[142.00585,-34.1224],[142.0115,-34.12424],[142.01257,-34.12522],[142.01289,-34.12536],[142.01519,-34.1255],[142.01906,-34.12546],[142.02225,-34.12523],[142.02334,-34.1247],[142.0241,-34.12417],[142.02493,-34.12335],[142.02508,-34.12271],[142.02492,-34.12207],[142.02457,-34.12165],[142.02315,-34.12076],[142.01848,-34.11848],[142.01738,-34.11774],[142.0161,-34.11643],[142.01535,-34.1143],[142.01518,-34.11337],[142.01511,-34.11201],[142.01529,-34.11099],[142.01484,-34.10907],[142.0135,-34.10809],[142.01302,-34.10754],[142.01292,-34.10613],[142.01331,-34.10538],[142.01495,-34.10455],[142.01571,-34.10437],[142.01675,-34.1044],[142.01757,-34.10475],[142.01992,-34.10608],[142.02179,-34.10663],[142.02423,-34.10695],[142.02539,-34.10689],[142.02661,-34.10668],[142.0288,-34.10594],[142.02975,-34.10544],[142.03062,-34.10482],[142.03222,-34.10337],[142.03505,-34.1003],[142.03589,-34.0999],[142.03695,-34.09971],[142.03777,-34.09982],[142.03846,-34.10008],[142.03919,-34.10073],[142.03994,-34.10117],[142.04198,-34.1032],[142.04235,-34.10381],[142.04247,-34.10445],[142.04214,-34.106],[142.04167,-34.10664],[142.04036,-34.10782],[142.03923,-34.1086],[142.03691,-34.10973],[142.03564,-34.1102],[142.0342,-34.11125],[142.0326,-34.11309],[142.03092,-34.11646],[142.02957,-34.11852],[142.02885,-34.11897],[142.02853,-34.12067],[142.02883,-34.12417],[142.02907,-34.12508],[142.02958,-34.12614],[142.03123,-34.12774],[142.033,-34.1288],[142.03409,-34.12929],[142.03519,-34.12959],[142.03701,-34.1298],[142.03937,-34.12951],[142.04061,-34.12913],[142.04154,-34.12876],[142.04398,-34.12743],[142.0463,-34.12637],[142.04933,-34.12555],[142.05112,-34.12545],[142.05812,-34.12595],[142.06062,-34.12594],[142.0618,-34.1258],[142.0626,-34.12587],[142.06571,-34.12675],[142.07239,-34.12959],[142.07314,-34.12979],[142.07448,-34.13049],[142.07564,-34.13142],[142.07617,-34.13208],[142.07742,-34.13442],[142.07774,-34.13564],[142.07755,-34.13769],[142.07718,-34.13871],[142.07578,-34.14078],[142.07516,-34.14139],[142.07387,-34.1423],[142.07239,-34.14281],[142.07167,-34.14277],[142.06892,-34.14325],[142.06805,-34.14355],[142.06748,-34.14389],[142.0666,-34.14469],[142.06558,-34.14612],[142.06528,-34.14733],[142.06544,-34.14902],[142.06535,-34.15061],[142.06569,-34.15144],[142.06617,-34.15216],[142.0669,-34.15305],[142.0676,-34.15359],[142.06966,-34.15453],[142.07278,-34.155],[142.07357,-34.15498],[142.07464,-34.15523],[142.07631,-34.15611],[142.07754,-34.15735],[142.07851,-34.15915],[142.08066,-34.16499],[142.0816,-34.16913],[142.08162,-34.17189],[142.08208,-34.17299],[142.08277,-34.17354],[142.08388,-34.17376],[142.08583,-34.17368],[142.09021,-34.17193],[142.09093,-34.17178],[142.09306,-34.17191],[142.09548,-34.17256],[142.09855,-34.17377],[142.1011,-34.17507],[142.10207,-34.17577],[142.10357,-34.17716],[142.10386,-34.1773],[142.10541,-34.17753],[142.10625,-34.17749],[142.10729,-34.17723],[142.10958,-34.17593],[142.1113,-34.1753],[142.11235,-34.17506],[142.11619,-34.17456],[142.11771,-34.17517],[142.11961,-34.17491],[142.12019,-34.17464],[142.12089,-34.17409],[142.12135,-34.17334],[142.12159,-34.1724],[142.12136,-34.17035],[142.12049,-34.16695],[142.1198,-34.16487],[142.11869,-34.16242],[142.11845,-34.1615],[142.11846,-34.16045],[142.11862,-34.15982],[142.12011,-34.15689],[142.12034,-34.1567],[142.12145,-34.15631],[142.12235,-34.1562],[142.12484,-34.1568],[142.1293,-34.1589],[142.13056,-34.15973],[142.13125,-34.15992],[142.13176,-34.16025],[142.13271,-34.1606],[142.13516,-34.16074],[142.138,-34.16013],[142.13938,-34.15941],[142.14034,-34.15832],[142.14116,-34.15634],[142.14221,-34.15307],[142.14297,-34.1518],[142.14354,-34.15114],[142.1452,-34.14949],[142.14572,-34.14918],[142.14745,-34.14876],[142.1487,-34.14876],[142.15202,-34.14943],[142.15333,-34.14986],[142.15635,-34.15115],[142.15816,-34.15164],[142.15967,-34.15177],[142.16069,-34.15161],[142.16172,-34.15125],[142.16246,-34.15126],[142.16397,-34.15156],[142.16586,-34.15227],[142.1663,-34.15302],[142.16663,-34.15313],[142.1668,-34.15366],[142.16666,-34.15391],[142.16688,-34.1541],[142.1667,-34.15433],[142.1668,-34.1545],[142.16674,-34.15517],[142.16634,-34.15636],[142.16459,-34.15909],[142.16321,-34.16058],[142.16213,-34.16219],[142.161,-34.16466],[142.16038,-34.16643],[142.15989,-34.16909],[142.1595,-34.1699],[142.15926,-34.17118],[142.15926,-34.17148],[142.15962,-34.17193],[142.16069,-34.17227],[142.16148,-34.17238],[142.16308,-34.17209],[142.16313,-34.17193],[142.16424,-34.17136],[142.1652,-34.17103],[142.16602,-34.17106],[142.16653,-34.1714],[142.16666,-34.17166],[142.16659,-34.17228],[142.16669,-34.17255],[142.16578,-34.17367],[142.1653,-34.17403],[142.16513,-34.17453],[142.16466,-34.1749],[142.16442,-34.1754],[142.16413,-34.17524],[142.16395,-34.17542],[142.1634,-34.1764],[142.16424,-34.17937],[142.1654,-34.1818],[142.16615,-34.18292],[142.16729,-34.18349],[142.16837,-34.18373],[142.17046,-34.18392],[142.17124,-34.18383],[142.17157,-34.18393],[142.1728,-34.18378],[142.17412,-34.18412],[142.17538,-34.18418],[142.17551,-34.18437],[142.176,-34.18443],[142.17706,-34.1842],[142.17831,-34.18374],[142.17956,-34.18291],[142.18027,-34.18159],[142.1811,-34.17695],[142.18137,-34.17642],[142.18183,-34.17605],[142.18281,-34.17574],[142.1839,-34.1757],[142.18422,-34.17592],[142.18457,-34.17586],[142.18481,-34.17621],[142.18454,-34.1762],[142.18458,-34.17641],[142.18599,-34.17714],[142.1862,-34.17731],[142.18615,-34.17738],[142.18572,-34.17719],[142.1857,-34.17727],[142.18622,-34.1775],[142.18631,-34.17776],[142.1878,-34.17879],[142.18843,-34.17939],[142.19027,-34.18053],[142.19283,-34.1818],[142.19468,-34.18254],[142.19674,-34.18312],[142.19858,-34.1835],[142.20155,-34.18369],[142.20634,-34.18373],[142.20647,-34.18369],[142.20644,-34.18349],[142.20663,-34.18343],[142.20831,-34.18336],[142.20949,-34.1831],[142.20979,-34.18317],[142.21237,-34.18234],[142.21275,-34.18235],[142.21476,-34.18141],[142.21645,-34.18084],[142.21724,-34.18075],[142.21846,-34.18088],[142.2191,-34.18106],[142.22032,-34.18167],[142.22071,-34.18205],[142.22137,-34.18299],[142.2223,-34.18481],[142.2239,-34.18685],[142.22559,-34.18752],[142.22689,-34.1885],[142.2272,-34.18889],[142.2272,-34.18927],[142.22741,-34.18921],[142.22767,-34.18943],[142.22785,-34.18935],[142.22796,-34.18946],[142.2282,-34.18993],[142.22811,-34.19054],[142.22729,-34.19194],[142.227,-34.19318],[142.22691,-34.19498],[142.22742,-34.19694],[142.22754,-34.19699],[142.22809,-34.19825],[142.22799,-34.19891],[142.2283,-34.20207],[142.2287,-34.20392],[142.22903,-34.20474],[142.22913,-34.20709],[142.22947,-34.20805],[142.2301,-34.20864],[142.23182,-34.20894],[142.23281,-34.20872],[142.23372,-34.20835],[142.23501,-34.20549],[142.23468,-34.20529],[142.23463,-34.20508],[142.23491,-34.20457],[142.23534,-34.20417],[142.23664,-34.20379],[142.23727,-34.20401],[142.23832,-34.20465],[142.2394,-34.20565],[142.24098,-34.20754],[142.24181,-34.20792],[142.24253,-34.2084],[142.24339,-34.20919],[142.244,-34.21056],[142.24418,-34.21154],[142.24411,-34.21369],[142.2437,-34.21598],[142.24386,-34.2162],[142.24378,-34.21652],[142.24121,-34.21756],[142.24045,-34.21805],[142.23943,-34.21908],[142.23819,-34.22069],[142.23738,-34.22152],[142.23674,-34.22205],[142.23647,-34.22206],[142.23581,-34.22264],[142.23539,-34.22336],[142.23533,-34.22375],[142.23555,-34.22468],[142.23609,-34.22535],[142.23712,-34.22601],[142.24005,-34.22734],[142.24143,-34.22844],[142.24237,-34.22951],[142.2436,-34.2315],[142.24403,-34.23246],[142.2447,-34.2351],[142.24497,-34.23788],[142.24401,-34.24386],[142.24358,-34.24577],[142.24335,-34.24633],[142.24252,-34.24748],[142.24147,-34.24814],[142.24015,-34.24848],[142.23819,-34.24827],[142.2374,-34.24836],[142.23571,-34.24879],[142.23477,-34.24944],[142.23381,-34.25048],[142.23303,-34.25188],[142.23243,-34.25394],[142.23229,-34.25504],[142.23242,-34.25605],[142.23342,-34.25686],[142.23404,-34.25714],[142.2357,-34.25735],[142.23854,-34.25714],[142.23985,-34.25737],[142.24142,-34.25786],[142.24322,-34.25889],[142.24501,-34.26017],[142.24621,-34.26132],[142.24796,-34.26339],[142.24899,-34.26505],[142.24956,-34.26693],[142.24855,-34.2697],[142.248,-34.27002],[142.24648,-34.27201],[142.24545,-34.27378],[142.24473,-34.27692],[142.24478,-34.27803],[142.24507,-34.27883],[142.24567,-34.27966],[142.24737,-34.28121],[142.2485,-34.28308],[142.24885,-34.28498],[142.24861,-34.28655],[142.2482,-34.28733],[142.24656,-34.28948],[142.2447,-34.29118],[142.24369,-34.29192],[142.24216,-34.29279],[142.23748,-34.2948],[142.23618,-34.29505],[142.235,-34.29488],[142.23424,-34.29516],[142.23282,-34.29627],[142.23246,-34.29675],[142.23213,-34.29771],[142.23194,-34.29866],[142.23215,-34.3009],[142.23193,-34.30216],[142.23225,-34.30294],[142.23319,-34.30428],[142.23589,-34.30697],[142.23707,-34.30754],[142.23854,-34.30782],[142.24234,-34.30717],[142.24521,-34.30728],[142.24881,-34.3072],[142.2513,-34.30666],[142.25306,-34.30614],[142.25442,-34.30554],[142.25587,-34.30463],[142.26021,-34.30065],[142.26145,-34.29979],[142.26262,-34.29879],[142.26422,-34.29802],[142.26659,-34.29562],[142.26733,-34.29528],[142.26779,-34.29527],[142.26831,-34.29542],[142.26908,-34.29583],[142.26934,-34.2961],[142.26965,-34.29693],[142.26969,-34.29865],[142.27016,-34.30017],[142.2708,-34.30161],[142.27181,-34.30318],[142.27219,-34.30357],[142.27286,-34.3039],[142.27367,-34.30402],[142.27481,-34.30399],[142.27567,-34.30383],[142.27745,-34.30315],[142.27846,-34.30226],[142.27985,-34.30072],[142.28291,-34.29804],[142.28419,-34.29711],[142.28488,-34.29676],[142.28533,-34.29657],[142.28613,-34.29654],[142.28714,-34.29731],[142.28786,-34.29818],[142.28857,-34.29935],[142.29151,-34.30195],[142.2924,-34.30248],[142.29604,-34.30396],[142.29808,-34.30453],[142.29871,-34.30497],[142.29889,-34.3057],[142.29885,-34.30603],[142.29848,-34.3066],[142.29789,-34.30707],[142.29733,-34.30734],[142.29682,-34.30741],[142.29575,-34.30729],[142.29308,-34.30637],[142.29073,-34.30604],[142.28928,-34.30617],[142.28826,-34.30645],[142.2874,-34.30692],[142.28636,-34.30783],[142.28544,-34.30882],[142.28402,-34.31076],[142.28258,-34.31371],[142.28142,-34.31478],[142.2806,-34.3159],[142.28003,-34.31844],[142.27999,-34.3198],[142.28007,-34.32093],[142.28048,-34.32202],[142.2815,-34.32343],[142.28199,-34.3246],[142.28272,-34.32564],[142.2834,-34.32633],[142.28387,-34.32657],[142.28572,-34.32693],[142.28659,-34.32695],[142.28848,-34.32653],[142.2905,-34.32539],[142.29244,-34.32376],[142.29343,-34.32348],[142.29439,-34.32345],[142.29491,-34.32361],[142.29623,-34.3245],[142.29786,-34.3264],[142.29954,-34.32802],[142.3008,-34.32878],[142.30165,-34.32906],[142.30409,-34.32959],[142.30683,-34.3299],[142.30979,-34.32984],[142.31369,-34.32949],[142.31443,-34.32959],[142.31626,-34.33012],[142.31676,-34.33039],[142.31807,-34.33157],[142.31831,-34.33197],[142.31878,-34.33378],[142.31933,-34.33485],[142.31976,-34.33535],[142.32161,-34.33694],[142.32309,-34.33762],[142.32544,-34.33838],[142.32703,-34.33876],[142.33093,-34.33938],[142.33493,-34.33918],[142.33648,-34.33884],[142.34042,-34.3383],[142.34398,-34.33802],[142.34716,-34.33722],[142.34862,-34.33658],[142.35132,-34.33401],[142.35206,-34.33308],[142.35264,-34.33274],[142.35463,-34.33202],[142.35741,-34.33147],[142.35888,-34.33058],[142.36044,-34.329],[142.36188,-34.32809],[142.36514,-34.32712],[142.36775,-34.32691],[142.36883,-34.32699],[142.36923,-34.3272],[142.36999,-34.32805],[142.37055,-34.32945],[142.37134,-34.33023],[142.37323,-34.33152],[142.3745,-34.33178],[142.37526,-34.33175],[142.37866,-34.33087],[142.37962,-34.3309],[142.38038,-34.33113],[142.38117,-34.33158],[142.38357,-34.33322],[142.3857,-34.334],[142.3869,-34.33412],[142.38891,-34.33393],[142.39018,-34.33411],[142.3922,-34.33472],[142.39416,-34.33568],[142.39531,-34.33642],[142.39657,-34.33775],[142.39731,-34.33921],[142.39768,-34.3412],[142.39769,-34.34208],[142.3975,-34.34296],[142.397,-34.3438],[142.39642,-34.3441],[142.39576,-34.34419],[142.39368,-34.34384],[142.3931,-34.34368],[142.39253,-34.34336],[142.39126,-34.34342],[142.38923,-34.34298],[142.3883,-34.34305],[142.38679,-34.34368],[142.38562,-34.34457],[142.38485,-34.34575],[142.38446,-34.34692],[142.38434,-34.34816],[142.38449,-34.34984],[142.38526,-34.35278],[142.38632,-34.35525],[142.38705,-34.35643],[142.38876,-34.35833],[142.38988,-34.35907],[142.391,-34.35961],[142.3915,-34.36011],[142.39155,-34.36078],[142.39127,-34.36143],[142.38975,-34.3628],[142.38897,-34.36327],[142.38751,-34.36378],[142.38517,-34.3638],[142.38383,-34.36345],[142.38333,-34.36325],[142.3825,-34.36269],[142.38129,-34.36138],[142.37992,-34.3604],[142.37861,-34.35983],[142.3756,-34.3592],[142.3734,-34.35815],[142.37273,-34.35797],[142.37132,-34.35785],[142.37053,-34.35802],[142.36932,-34.35849],[142.36627,-34.36055],[142.36585,-34.36066],[142.36487,-34.36067],[142.36425,-34.361],[142.36399,-34.36124],[142.36353,-34.36216],[142.36343,-34.36298],[142.36411,-34.36406],[142.36515,-34.36487],[142.36615,-34.36509],[142.36666,-34.36511],[142.36771,-34.36487],[142.36983,-34.36396],[142.37198,-34.36283],[142.37389,-34.36248],[142.37485,-34.36245],[142.37642,-34.36284],[142.37757,-34.36381],[142.37762,-34.36406],[142.37802,-34.36423],[142.37827,-34.36475],[142.37824,-34.36557],[142.37769,-34.36668],[142.37725,-34.36725],[142.37599,-34.36774],[142.37272,-34.36869],[142.37121,-34.36891],[142.36927,-34.36941],[142.36863,-34.36974],[142.36832,-34.37008],[142.36806,-34.37065],[142.3681,-34.37138],[142.36981,-34.37329],[142.37033,-34.37463],[142.37033,-34.3755],[142.37006,-34.37654],[142.37003,-34.37796],[142.36977,-34.37995],[142.37065,-34.38329],[142.37111,-34.38393],[142.37374,-34.38641],[142.37409,-34.38729],[142.37393,-34.38815],[142.37372,-34.38838],[142.37347,-34.38845],[142.37296,-34.38845],[142.3724,-34.38827],[142.37114,-34.38754],[142.36969,-34.38646],[142.36797,-34.38552],[142.36753,-34.38542],[142.36535,-34.38543],[142.3639,-34.38568],[142.36261,-34.38643],[142.36189,-34.3874],[142.3611,-34.38892],[142.35987,-34.39013],[142.35607,-34.39213],[142.35189,-34.39474],[142.35097,-34.39663],[142.35116,-34.39799],[142.35172,-34.39917],[142.35277,-34.39964],[142.35331,-34.39972],[142.3554,-34.39951],[142.356,-34.39975],[142.35648,-34.40043],[142.3564,-34.40077],[142.35597,-34.40132],[142.35286,-34.40394],[142.35241,-34.40451],[142.35184,-34.40607],[142.35182,-34.40648],[142.35257,-34.40794],[142.35311,-34.4085],[142.35399,-34.40889],[142.35624,-34.40911],[142.35893,-34.4097],[142.35956,-34.40998],[142.36037,-34.41069],[142.36069,-34.41177],[142.36035,-34.41282],[142.35946,-34.41407],[142.35713,-34.4155],[142.35558,-34.41672],[142.35416,-34.41812],[142.35264,-34.41908],[142.35164,-34.42127],[142.35161,-34.42171],[142.35184,-34.42229],[142.35318,-34.42368],[142.35453,-34.42406],[142.35629,-34.42395],[142.35821,-34.42343],[142.36011,-34.42244],[142.36106,-34.42217],[142.36284,-34.42207],[142.3636,-34.4222],[142.36454,-34.4227],[142.36488,-34.42309],[142.36508,-34.42413],[142.36507,-34.42482],[142.36479,-34.42581],[142.36389,-34.42765],[142.36302,-34.42879],[142.36239,-34.42932],[142.3605,-34.43049],[142.36002,-34.43113],[142.3599,-34.43193],[142.36016,-34.43249],[142.36084,-34.433],[142.36345,-34.43333],[142.3674,-34.43501],[142.36794,-34.43541],[142.36791,-34.43589],[142.36703,-34.43651],[142.36485,-34.43741],[142.36312,-34.43783],[142.3627,-34.43805],[142.3624,-34.4383],[142.36082,-34.4405],[142.36057,-34.44149],[142.36067,-34.44203],[142.36197,-34.44338],[142.36325,-34.44422],[142.36444,-34.44533],[142.3651,-34.44664],[142.36514,-34.4474],[142.36461,-34.44835],[142.36432,-34.44955],[142.36276,-34.45256],[142.3624,-34.45351],[142.36203,-34.45487],[142.36174,-34.4572],[142.36122,-34.45857],[142.3607,-34.45952],[142.35933,-34.46117],[142.35804,-34.46227],[142.35591,-34.46349],[142.35489,-34.46367],[142.35438,-34.46393],[142.35406,-34.46425],[142.3529,-34.46757],[142.35309,-34.46893],[142.35333,-34.46958],[142.35397,-34.47066],[142.35452,-34.4713],[142.35572,-34.47216],[142.35634,-34.4723],[142.35796,-34.47222],[142.35863,-34.47204],[142.3623,-34.4699],[142.3636,-34.46945],[142.3644,-34.46933],[142.36533,-34.46932],[142.3669,-34.46974],[142.37011,-34.47113],[142.37118,-34.47151],[142.37234,-34.4717],[142.37414,-34.47132],[142.37603,-34.47023],[142.37629,-34.4699],[142.37671,-34.46845],[142.37786,-34.46703],[142.37856,-34.46664],[142.37927,-34.4667],[142.37999,-34.46709],[142.38046,-34.46789],[142.38152,-34.4713],[142.38199,-34.47208],[142.38303,-34.47436],[142.38359,-34.47653],[142.38416,-34.47809],[142.38416,-34.47853],[142.38399,-34.47886],[142.38364,-34.47921],[142.38331,-34.47936],[142.383,-34.47934],[142.38208,-34.47895],[142.37821,-34.47655],[142.37772,-34.47654],[142.37623,-34.47695],[142.3747,-34.47701],[142.37394,-34.47786],[142.37344,-34.4795],[142.37248,-34.48066],[142.37092,-34.48152],[142.36722,-34.48285],[142.36629,-34.48332],[142.36427,-34.48471],[142.36142,-34.48786],[142.35978,-34.49123],[142.3596,-34.49226],[142.35907,-34.49355],[142.3593,-34.49599],[142.35957,-34.49712],[142.35989,-34.49779],[142.35951,-34.4985],[142.35958,-34.49878],[142.35993,-34.49959],[142.3603,-34.49988],[142.36504,-34.50163],[142.36793,-34.50342],[142.36915,-34.50378],[142.36972,-34.50382],[142.37063,-34.50335],[142.37111,-34.50271],[142.3714,-34.50066],[142.37149,-34.4985],[142.37137,-34.49798],[142.37173,-34.49694],[142.37239,-34.4957],[142.37304,-34.49477],[142.37535,-34.49254],[142.37773,-34.4914],[142.37853,-34.49116],[142.37955,-34.49105],[142.38251,-34.49099],[142.38735,-34.49177],[142.39107,-34.49201],[142.39221,-34.49227],[142.39468,-34.49348],[142.39488,-34.49379],[142.39485,-34.49408],[142.39424,-34.49488],[142.39378,-34.49523],[142.39327,-34.49557],[142.38988,-34.49686],[142.38877,-34.4974],[142.38764,-34.49821],[142.38673,-34.49909],[142.38606,-34.50033],[142.38613,-34.50152],[142.38575,-34.50316],[142.38536,-34.5042],[142.38472,-34.50534],[142.38317,-34.50693],[142.3811,-34.50862],[142.3807,-34.50914],[142.37965,-34.50954],[142.37922,-34.51015],[142.37792,-34.51105],[142.37729,-34.51123],[142.37606,-34.51216],[142.37516,-34.51334],[142.37494,-34.51528],[142.37593,-34.51705],[142.3772,-34.51835],[142.37871,-34.51911],[142.38069,-34.51948],[142.38217,-34.51943],[142.38432,-34.5191],[142.38572,-34.51841],[142.38764,-34.51702],[142.38864,-34.51655],[142.38948,-34.51631],[142.39217,-34.51605],[142.39363,-34.51618],[142.39461,-34.51681],[142.39651,-34.51935],[142.39768,-34.52067],[142.39959,-34.5217],[142.39986,-34.52193],[142.39995,-34.52229],[142.39991,-34.52303],[142.39971,-34.52329],[142.3991,-34.52368],[142.39825,-34.52386],[142.39448,-34.52391],[142.39109,-34.52371],[142.38818,-34.52382],[142.38644,-34.5237],[142.3838,-34.52383],[142.38195,-34.52416],[142.37867,-34.52515],[142.37674,-34.52559],[142.37433,-34.52592],[142.37258,-34.52588],[142.37203,-34.52607],[142.37176,-34.52629],[142.37019,-34.52636],[142.36841,-34.52709],[142.3677,-34.52851],[142.36759,-34.52969],[142.3677,-34.53045],[142.36841,-34.53179],[142.37032,-34.53428],[142.37068,-34.53465],[142.37154,-34.53491],[142.37312,-34.53498],[142.37414,-34.53471],[142.37499,-34.53431],[142.37563,-34.53378],[142.37694,-34.53213],[142.37751,-34.532],[142.37818,-34.53214],[142.37842,-34.53268],[142.3783,-34.53351],[142.37743,-34.53457],[142.37679,-34.5357],[142.37603,-34.53724],[142.37581,-34.53827],[142.37589,-34.53914],[142.3767,-34.54098],[142.37729,-34.54152],[142.37796,-34.54187],[142.379,-34.54223],[142.38071,-34.54251],[142.38197,-34.54295],[142.38374,-34.54402],[142.38482,-34.54451],[142.38611,-34.54485],[142.38659,-34.54513],[142.38749,-34.5458],[142.38783,-34.54721],[142.38853,-34.54806],[142.38952,-34.54883],[142.39021,-34.54912],[142.3911,-34.54933],[142.3925,-34.54936],[142.39443,-34.54825],[142.39743,-34.54788],[142.39828,-34.54764],[142.39983,-34.54696],[142.40081,-34.54633],[142.40151,-34.54564],[142.40182,-34.54514],[142.4027,-34.54288],[142.4033,-34.542],[142.4045,-34.5414],[142.40521,-34.5414],[142.40556,-34.54151],[142.40585,-34.54184],[142.40593,-34.54219],[142.40606,-34.54465],[142.40595,-34.54581],[142.40663,-34.54729],[142.40667,-34.54783],[142.4083,-34.54984],[142.4092,-34.55134],[142.40983,-34.55201],[142.41069,-34.55347],[142.41067,-34.55473],[142.40988,-34.55662],[142.40884,-34.55784],[142.40849,-34.55871],[142.40701,-34.56078],[142.40664,-34.56172],[142.40637,-34.56338],[142.40628,-34.56562],[142.40665,-34.56652],[142.40769,-34.56797],[142.40885,-34.56891],[142.4095,-34.56924],[142.41103,-34.56936],[142.41197,-34.56921],[142.41409,-34.56841],[142.41524,-34.56815],[142.41852,-34.56691],[142.42153,-34.56521],[142.42219,-34.56409],[142.42372,-34.56268],[142.42478,-34.56232],[142.42606,-34.56235],[142.42657,-34.56264],[142.42832,-34.5643],[142.42935,-34.56658],[142.42945,-34.56937],[142.42938,-34.56997],[142.42894,-34.57084],[142.42864,-34.57257],[142.42913,-34.57366],[142.43018,-34.57479],[142.43071,-34.57513],[142.43204,-34.57567],[142.43475,-34.57615],[142.43817,-34.57593],[142.43965,-34.57552],[142.44232,-34.57525],[142.44371,-34.57524],[142.44492,-34.57549],[142.4458,-34.57626],[142.44705,-34.57797],[142.44818,-34.5804],[142.4494,-34.58198],[142.44964,-34.58288],[142.45162,-34.58426],[142.45325,-34.58452],[142.45493,-34.58457],[142.45637,-34.58411],[142.45839,-34.58279],[142.45869,-34.58214],[142.45875,-34.5815],[142.45836,-34.57996],[142.45769,-34.57877],[142.4541,-34.57603],[142.45238,-34.574],[142.45161,-34.5728],[142.45097,-34.57066],[142.45055,-34.56689],[142.45006,-34.56519],[142.44868,-34.56177],[142.4486,-34.56],[142.44885,-34.55948],[142.44956,-34.55884],[142.45097,-34.55798],[142.45322,-34.55748],[142.45479,-34.55759],[142.45973,-34.56023],[142.46485,-34.56173],[142.46613,-34.56259],[142.46797,-34.56429],[142.46895,-34.56611],[142.46961,-34.56831],[142.46987,-34.56965],[142.47075,-34.57119],[142.47157,-34.57225],[142.4724,-34.57408],[142.47279,-34.57528],[142.4727,-34.57669],[142.47243,-34.57718],[142.4717,-34.57795],[142.46916,-34.57942],[142.46705,-34.58116],[142.46673,-34.58162],[142.46661,-34.58251],[142.46625,-34.58298],[142.46041,-34.58497],[142.45869,-34.5858],[142.45836,-34.58757],[142.45862,-34.5882],[142.45912,-34.58889],[142.4596,-34.58931],[142.46,-34.58944],[142.46151,-34.58961],[142.46516,-34.58926],[142.46744,-34.58935],[142.46958,-34.5904],[142.47095,-34.59195],[142.47126,-34.59268],[142.47129,-34.59305],[142.47108,-34.59358],[142.46942,-34.59618],[142.4692,-34.59673],[142.4691,-34.59755],[142.46949,-34.60066],[142.46921,-34.60152],[142.46868,-34.60206],[142.46763,-34.60263],[142.46481,-34.60352],[142.46356,-34.60361],[142.46298,-34.60388],[142.46211,-34.60458],[142.46131,-34.60657],[142.46136,-34.60773],[142.46181,-34.60855],[142.46419,-34.61031],[142.46615,-34.61132],[142.46792,-34.61194],[142.46825,-34.61223],[142.46826,-34.61293],[142.46813,-34.61313],[142.46763,-34.61343],[142.46446,-34.61363],[142.46301,-34.61389],[142.46028,-34.61518],[142.45916,-34.61629],[142.45836,-34.61767],[142.45826,-34.61853],[142.45836,-34.61917],[142.45864,-34.61958],[142.46304,-34.6232],[142.46355,-34.62399],[142.46399,-34.62509],[142.46412,-34.6259],[142.46399,-34.62668],[142.46368,-34.62715],[142.46306,-34.62771],[142.46202,-34.62841],[142.45995,-34.62925],[142.45716,-34.62997],[142.45415,-34.63012],[142.45368,-34.63032],[142.45314,-34.63076],[142.45275,-34.63169],[142.4525,-34.63194],[142.4523,-34.6328],[142.45233,-34.6335],[142.45328,-34.63496],[142.45377,-34.63536],[142.45587,-34.6362],[142.45646,-34.63632],[142.45733,-34.63623],[142.45911,-34.63532],[142.46024,-34.63497],[142.46154,-34.63439],[142.46368,-34.63402],[142.46479,-34.63408],[142.46529,-34.63423],[142.46554,-34.63441],[142.46588,-34.63574],[142.46714,-34.63814],[142.46813,-34.63901],[142.46883,-34.63943],[142.46962,-34.63978],[142.47108,-34.64013],[142.47249,-34.64007],[142.47451,-34.63928],[142.47547,-34.63853],[142.47645,-34.63751],[142.4778,-34.63651],[142.48025,-34.63541],[142.48133,-34.63528],[142.48233,-34.63545],[142.48315,-34.63582],[142.48364,-34.63643],[142.48403,-34.63774],[142.48404,-34.63812],[142.48383,-34.6384],[142.48143,-34.6392],[142.47991,-34.63987],[142.47931,-34.64037],[142.47718,-34.64156],[142.47608,-34.64267],[142.47501,-34.64451],[142.47355,-34.6477],[142.47233,-34.64985],[142.47165,-34.6518],[142.47213,-34.6545],[142.47212,-34.65713],[142.47184,-34.66231],[142.47131,-34.66432],[142.47131,-34.66575],[142.47158,-34.66687],[142.473,-34.67021],[142.47411,-34.67172],[142.47559,-34.67262],[142.4774,-34.67322],[142.479,-34.67355],[142.48027,-34.67363],[142.48487,-34.67324],[142.4888,-34.67332],[142.49082,-34.673],[142.49235,-34.67239],[142.49312,-34.6722],[142.49407,-34.6716],[142.495,-34.67034],[142.49615,-34.66935],[142.49622,-34.66843],[142.49574,-34.66725],[142.49519,-34.66687],[142.49444,-34.66668],[142.49174,-34.66684],[142.48955,-34.66716],[142.48838,-34.66712],[142.48756,-34.66687],[142.48683,-34.66642],[142.48638,-34.66545],[142.48647,-34.66439],[142.48695,-34.66344],[142.48754,-34.66304],[142.4884,-34.6627],[142.48927,-34.66255],[142.48992,-34.66257],[142.49183,-34.66311],[142.49578,-34.66488],[142.49725,-34.6651],[142.49897,-34.66501],[142.49959,-34.66485],[142.50116,-34.66398],[142.50166,-34.66384],[142.50199,-34.6635],[142.50247,-34.66283],[142.50294,-34.66159],[142.50283,-34.66033],[142.50348,-34.65869],[142.50414,-34.65782],[142.50567,-34.65695],[142.50782,-34.65693],[142.50869,-34.65705],[142.51054,-34.65775],[142.51117,-34.65828],[142.51449,-34.66259],[142.51586,-34.66368],[142.51605,-34.66434],[142.51565,-34.66497],[142.51495,-34.66555],[142.51379,-34.66595],[142.514,-34.66627],[142.51383,-34.66667],[142.51302,-34.66681],[142.50973,-34.66698],[142.50753,-34.66697],[142.5041,-34.66755],[142.50182,-34.66939],[142.5015,-34.66982],[142.50107,-34.67005],[142.50023,-34.6702],[142.49804,-34.67243],[142.49743,-34.67429],[142.49727,-34.67656],[142.49743,-34.67758],[142.49783,-34.67886],[142.49848,-34.68009],[142.49858,-34.6809],[142.49917,-34.68142],[142.49937,-34.68186],[142.49989,-34.68212],[142.50016,-34.6825],[142.50066,-34.68267],[142.50216,-34.68239],[142.50291,-34.68196],[142.50485,-34.68144],[142.50573,-34.6814],[142.50648,-34.68167],[142.50719,-34.68209],[142.50781,-34.68261],[142.50828,-34.68326],[142.50862,-34.68411],[142.5092,-34.68653],[142.50949,-34.68711],[142.51249,-34.68991],[142.51305,-34.69058],[142.51352,-34.69132],[142.51367,-34.69222],[142.51366,-34.69313],[142.51328,-34.69392],[142.51201,-34.69531],[142.51001,-34.69667],[142.50822,-34.69738],[142.50618,-34.69782],[142.50435,-34.69804],[142.5013,-34.69818],[142.5001,-34.69874],[142.4996,-34.6991],[142.49906,-34.70003],[142.49891,-34.70125],[142.49912,-34.70205],[142.49974,-34.70314],[142.50046,-34.70368],[142.50211,-34.70421],[142.50293,-34.70434],[142.50452,-34.70414],[142.50626,-34.70338],[142.50928,-34.70169],[142.51164,-34.70069],[142.51234,-34.70052],[142.51354,-34.70053],[142.51474,-34.70069],[142.51754,-34.70133],[142.51858,-34.70194],[142.51895,-34.70295],[142.5189,-34.70402],[142.51831,-34.70482],[142.5151,-34.70757],[142.51409,-34.70876],[142.51249,-34.71106],[142.51156,-34.71205],[142.51059,-34.71272],[142.5099,-34.71366],[142.51003,-34.71521],[142.51049,-34.7162],[142.51128,-34.71713],[142.51198,-34.71765],[142.51262,-34.71845],[142.513,-34.71948],[142.51336,-34.72155],[142.51328,-34.72251],[142.51305,-34.72312],[142.51187,-34.72465],[142.5092,-34.72742],[142.50522,-34.73053],[142.5028,-34.73188],[142.50219,-34.7324],[142.50189,-34.73299],[142.50129,-34.73347],[142.50052,-34.73496],[142.50007,-34.73621],[142.49969,-34.73766],[142.49956,-34.73912],[142.50084,-34.74057],[142.5013,-34.74074],[142.50462,-34.74124],[142.50615,-34.74117],[142.50915,-34.7406],[142.51004,-34.74058],[142.51093,-34.74072],[142.51169,-34.74108],[142.5123,-34.74161],[142.51265,-34.74229],[142.51273,-34.74307],[142.51148,-34.74414],[142.51048,-34.7445],[142.5095,-34.74507],[142.50803,-34.74638],[142.50769,-34.74713],[142.50765,-34.74783],[142.5078,-34.74885],[142.50811,-34.74951],[142.50874,-34.75008],[142.50996,-34.75072],[142.51219,-34.75172],[142.51316,-34.75196],[142.51423,-34.75254],[142.51521,-34.75315],[142.51617,-34.75416],[142.51917,-34.75639],[142.52081,-34.75736],[142.52336,-34.75861],[142.52422,-34.75938],[142.52514,-34.75975],[142.52628,-34.75982],[142.52813,-34.75946],[142.52854,-34.75926],[142.53056,-34.75748],[142.53189,-34.75585],[142.53254,-34.75454],[142.5327,-34.75327],[142.53312,-34.75305],[142.53356,-34.75307],[142.53396,-34.75333],[142.53438,-34.75384],[142.5367,-34.75982],[142.53746,-34.76119],[142.53774,-34.76137],[142.53779,-34.76176],[142.5381,-34.7623],[142.53879,-34.76288],[142.53915,-34.76304],[142.54046,-34.76303],[142.54083,-34.76313],[142.54164,-34.76291],[142.54309,-34.76288],[142.5453,-34.76228],[142.54757,-34.76203],[142.5493,-34.76228],[142.55014,-34.76266],[142.5505,-34.7631],[142.55077,-34.76444],[142.55074,-34.76502],[142.55016,-34.76697],[142.55012,-34.76831],[142.55033,-34.76887],[142.55149,-34.77068],[142.55452,-34.7735],[142.5549,-34.77367],[142.55488,-34.77413],[142.55531,-34.7745],[142.55587,-34.77461],[142.55622,-34.77502],[142.55674,-34.77537],[142.55767,-34.77548],[142.55967,-34.77506],[142.56079,-34.77428],[142.56181,-34.77306],[142.5622,-34.77185],[142.56215,-34.77127],[142.56231,-34.77056],[142.56261,-34.76987],[142.56315,-34.76917],[142.56405,-34.76831],[142.56497,-34.76767],[142.56585,-34.76725],[142.56718,-34.76693],[142.56838,-34.7673],[142.57089,-34.76935],[142.57165,-34.76977],[142.5734,-34.77062],[142.57466,-34.77108],[142.5765,-34.77152],[142.57811,-34.77152],[142.57921,-34.77112],[142.5803,-34.77094],[142.58293,-34.77071],[142.58371,-34.77082],[142.58579,-34.77042],[142.59162,-34.77156],[142.59353,-34.77201],[142.59488,-34.77247],[142.59614,-34.77297],[142.59785,-34.77411],[142.60351,-34.77868],[142.60536,-34.78009],[142.60653,-34.78081],[142.61075,-34.78325],[142.61277,-34.78427],[142.61564,-34.78522],[142.61682,-34.7855],[142.61969,-34.78583],[142.6232,-34.78579],[142.62594,-34.78549],[142.63143,-34.7844],[142.63472,-34.78308],[142.63714,-34.78178],[142.63932,-34.78027],[142.64205,-34.77775],[142.64338,-34.77675],[142.64446,-34.77528],[142.64548,-34.77182],[142.64564,-34.76818],[142.64604,-34.76533],[142.64638,-34.76399],[142.64636,-34.76332],[142.64611,-34.76284],[142.64424,-34.76071],[142.64294,-34.75894],[142.6419,-34.75834],[142.63958,-34.7575],[142.63845,-34.75735],[142.63747,-34.7575],[142.63664,-34.75772],[142.63596,-34.75812],[142.63355,-34.75902],[142.63108,-34.75958],[142.62803,-34.76048],[142.62634,-34.76065],[142.62452,-34.76032],[142.62334,-34.75973],[142.6217,-34.75849],[142.6205,-34.75713],[142.61943,-34.75523],[142.61921,-34.75435],[142.61917,-34.7517],[142.61978,-34.74679],[142.61949,-34.74451],[142.61916,-34.74338],[142.61851,-34.74189],[142.61655,-34.73795],[142.6163,-34.73672],[142.61628,-34.73428],[142.6168,-34.73101],[142.61751,-34.72965],[142.61832,-34.72875],[142.61929,-34.72816],[142.62095,-34.72758],[142.62259,-34.72734],[142.62349,-34.72752],[142.62579,-34.72904],[142.62859,-34.7314],[142.63207,-34.73376],[142.63403,-34.73472],[142.63607,-34.73508],[142.63733,-34.73504],[142.6386,-34.7344],[142.63974,-34.73341],[142.64125,-34.73233],[142.64256,-34.73166],[142.64556,-34.73096],[142.64618,-34.73096],[142.64899,-34.73053],[142.65071,-34.73006],[142.65138,-34.7297],[142.65218,-34.72946],[142.65495,-34.72775],[142.65829,-34.72495],[142.65918,-34.72398],[142.66015,-34.72215],[142.66082,-34.72178],[142.66141,-34.72171],[142.6628,-34.72214],[142.66329,-34.72251],[142.66374,-34.7233],[142.66408,-34.72519],[142.66419,-34.72734],[142.66431,-34.72753],[142.66408,-34.72806],[142.66404,-34.7286],[142.66424,-34.7303],[142.66493,-34.73211],[142.66597,-34.73388],[142.66604,-34.73434],[142.66741,-34.73591],[142.66871,-34.73681],[142.67006,-34.73742],[142.67118,-34.73775],[142.67452,-34.73837],[142.67762,-34.73915],[142.67895,-34.7392],[142.67952,-34.73909],[142.681,-34.73843],[142.68466,-34.73655],[142.68629,-34.73532],[142.68666,-34.73466],[142.68666,-34.73393],[142.68625,-34.73316],[142.68488,-34.73229],[142.68367,-34.73193],[142.68043,-34.7313],[142.67958,-34.73101],[142.67779,-34.73016],[142.67655,-34.72905],[142.67593,-34.72764],[142.67594,-34.7268],[142.67665,-34.72504],[142.67774,-34.7232],[142.67865,-34.72234],[142.67952,-34.72186],[142.68023,-34.72167],[142.68095,-34.72161],[142.68184,-34.72181],[142.68293,-34.72227],[142.68436,-34.7231],[142.68648,-34.72473],[142.68687,-34.72482],[142.68784,-34.72556],[142.68879,-34.72608],[142.69009,-34.7266],[142.69093,-34.72672],[142.693,-34.72658],[142.69412,-34.72662],[142.69484,-34.72648],[142.69839,-34.72551],[142.6992,-34.7249],[142.69941,-34.72447],[142.69961,-34.72355],[142.69956,-34.72292],[142.69926,-34.72231],[142.69861,-34.72148],[142.69771,-34.72068],[142.69676,-34.72016],[142.69259,-34.71892],[142.68881,-34.71751],[142.68678,-34.71636],[142.68565,-34.71553],[142.68482,-34.7147],[142.68447,-34.71405],[142.68432,-34.71311],[142.6844,-34.71237],[142.68474,-34.71101],[142.68536,-34.70955],[142.68604,-34.70833],[142.68735,-34.70685],[142.68892,-34.70604],[142.68936,-34.70541],[142.6905,-34.70475],[142.69107,-34.7038],[142.69107,-34.70139],[142.69039,-34.69979],[142.68942,-34.69834],[142.68885,-34.69772],[142.68724,-34.69654],[142.68528,-34.69474],[142.68302,-34.69205],[142.68222,-34.69079],[142.68119,-34.68878],[142.67991,-34.6858],[142.67898,-34.68261],[142.6789,-34.68085],[142.679,-34.67967],[142.67953,-34.67754],[142.67996,-34.67628],[142.68073,-34.67472],[142.68077,-34.67416],[142.68031,-34.67352],[142.68054,-34.67288],[142.68079,-34.67252],[142.68193,-34.67176],[142.68414,-34.67088],[142.68496,-34.67077],[142.68632,-34.67084],[142.68841,-34.67141],[142.68919,-34.67175],[142.69543,-34.67529],[142.70017,-34.67769],[142.70305,-34.67881],[142.70592,-34.67951],[142.70688,-34.67961],[142.70819,-34.67911],[142.70962,-34.67786],[142.70972,-34.67742],[142.71012,-34.67719],[142.71043,-34.67675],[142.71075,-34.67577],[142.71089,-34.67493],[142.71063,-34.67153],[142.7109,-34.66791],[142.71058,-34.66671],[142.71034,-34.66646],[142.71018,-34.66492],[142.70979,-34.66391],[142.70907,-34.66267],[142.70861,-34.66217],[142.70737,-34.66131],[142.70548,-34.66036],[142.7041,-34.6599],[142.7015,-34.65933],[142.70016,-34.65926],[142.6985,-34.65937],[142.6977,-34.65968],[142.69748,-34.65998],[142.69697,-34.66018],[142.69645,-34.6602],[142.69544,-34.65997],[142.69459,-34.65904],[142.69426,-34.65844],[142.69402,-34.65758],[142.69341,-34.65656],[142.69264,-34.65579],[142.69131,-34.65497],[142.69025,-34.65407],[142.68967,-34.65338],[142.68921,-34.65255],[142.68917,-34.65192],[142.68934,-34.65139],[142.68987,-34.65074],[142.69161,-34.64923],[142.69246,-34.64823],[142.69401,-34.6458],[142.69561,-34.64273],[142.69703,-34.64147],[142.69737,-34.64098],[142.69736,-34.64057],[142.69694,-34.63954],[142.69611,-34.63869],[142.69523,-34.63723],[142.69497,-34.63638],[142.69496,-34.63591],[142.69515,-34.63544],[142.69638,-34.634],[142.69696,-34.63367],[142.69831,-34.63245],[142.69905,-34.63127],[142.69979,-34.6295],[142.7002,-34.6259],[142.70079,-34.62452],[142.70156,-34.62372],[142.70279,-34.62324],[142.70373,-34.62316],[142.70572,-34.62344],[142.70761,-34.62351],[142.70826,-34.62328],[142.70879,-34.62266],[142.7089,-34.62179],[142.70869,-34.62035],[142.70808,-34.61915],[142.70744,-34.61885],[142.70581,-34.61894],[142.70211,-34.61982],[142.70025,-34.61971],[142.69784,-34.61906],[142.69675,-34.61892],[142.69535,-34.61892],[142.6924,-34.61962],[142.69134,-34.61953],[142.69053,-34.61922],[142.68984,-34.61876],[142.6895,-34.6183],[142.68926,-34.61725],[142.68932,-34.61677],[142.68981,-34.61615],[142.69049,-34.61573],[142.69147,-34.61551],[142.69333,-34.61544],[142.6971,-34.61606],[142.69854,-34.61601],[142.70054,-34.61575],[142.70184,-34.61526],[142.70224,-34.61484],[142.70335,-34.61429],[142.70397,-34.61351],[142.70419,-34.61277],[142.70411,-34.61189],[142.70277,-34.60871],[142.70232,-34.60731],[142.69955,-34.60315],[142.69939,-34.60174],[142.69947,-34.60072],[142.69998,-34.59938],[142.70085,-34.59828],[142.70171,-34.59772],[142.70248,-34.59754],[142.70429,-34.59757],[142.70559,-34.59786],[142.71165,-34.59968],[142.71266,-34.60035],[142.71328,-34.60055],[142.71482,-34.60044],[142.71648,-34.59985],[142.71783,-34.5988],[142.71871,-34.5956],[142.71912,-34.59475],[142.71977,-34.59391],[142.72062,-34.59322],[142.72155,-34.59272],[142.72276,-34.59236],[142.72362,-34.59229],[142.72463,-34.59239],[142.72513,-34.59271],[142.72582,-34.59355],[142.72665,-34.59497],[142.72821,-34.59685],[142.72956,-34.59813],[142.73067,-34.59898],[142.73312,-34.60015],[142.73716,-34.60146],[142.73946,-34.60189],[142.74124,-34.60209],[142.74319,-34.60281],[142.74576,-34.60309],[142.74698,-34.603],[142.75057,-34.60242],[142.75184,-34.60245],[142.75224,-34.60261],[142.75307,-34.60255],[142.75521,-34.60193],[142.75796,-34.60052],[142.75917,-34.60014],[142.76068,-34.59894],[142.76112,-34.59887],[142.76177,-34.59848],[142.76309,-34.59736],[142.76352,-34.59674],[142.76397,-34.59466],[142.76377,-34.59436],[142.76371,-34.59138],[142.76341,-34.59044],[142.76298,-34.58975],[142.76184,-34.58886],[142.76037,-34.58843],[142.7588,-34.58827],[142.75845,-34.58841],[142.75571,-34.58843],[142.7501,-34.58906],[142.74873,-34.58886],[142.74735,-34.58814],[142.7469,-34.58778],[142.74621,-34.58706],[142.74552,-34.58592],[142.74535,-34.58424],[142.7455,-34.58319],[142.74581,-34.58231],[142.74684,-34.58025],[142.74705,-34.58011],[142.74698,-34.57991],[142.74712,-34.57946],[142.74829,-34.57676],[142.7489,-34.57617],[142.75024,-34.57626],[142.75079,-34.57646],[142.75197,-34.57726],[142.75294,-34.57769],[142.75335,-34.57805],[142.75475,-34.5787],[142.75717,-34.57953],[142.75848,-34.57979],[142.76062,-34.57973],[142.76229,-34.57935],[142.76346,-34.57889],[142.76534,-34.57841],[142.76785,-34.57821],[142.77182,-34.5783],[142.77297,-34.57839],[142.77557,-34.57886],[142.7793,-34.57901],[142.78054,-34.57918],[142.78152,-34.57972],[142.78199,-34.57983],[142.78229,-34.57983],[142.78376,-34.57908],[142.78412,-34.57821],[142.78387,-34.57692],[142.78355,-34.5761],[142.78174,-34.57529],[142.77954,-34.57488],[142.77756,-34.57426],[142.77627,-34.57359],[142.77372,-34.57254],[142.77265,-34.57224],[142.7719,-34.57181],[142.77089,-34.571],[142.77023,-34.57001],[142.76999,-34.5692],[142.7702,-34.56796],[142.77097,-34.56661],[142.77163,-34.566],[142.77214,-34.5659],[142.77262,-34.56621],[142.77299,-34.56621],[142.7743,-34.56696],[142.77577,-34.56735],[142.77661,-34.56746],[142.778,-34.56737],[142.77946,-34.56698],[142.78023,-34.56639],[142.78147,-34.56508],[142.78234,-34.56362],[142.78261,-34.56176],[142.78289,-34.56141],[142.78398,-34.56083],[142.7858,-34.56022],[142.78641,-34.55991],[142.7875,-34.55906],[142.78808,-34.55841],[142.78883,-34.55686],[142.78888,-34.55491],[142.78835,-34.5537],[142.7883,-34.55279],[142.78806,-34.55237],[142.788,-34.5517],[142.788,-34.55122],[142.78841,-34.54985],[142.78927,-34.54783],[142.78921,-34.5475],[142.78937,-34.54711],[142.79019,-34.54654],[142.79143,-34.54639],[142.79189,-34.54678],[142.79219,-34.5475],[142.79237,-34.54904],[142.79263,-34.54974],[142.79307,-34.55047],[142.79417,-34.55127],[142.79593,-34.55196],[142.79856,-34.55244],[142.79953,-34.55242],[142.80003,-34.55219],[142.80043,-34.55217],[142.80216,-34.55246],[142.80314,-34.55292],[142.80344,-34.55294],[142.80541,-34.5539],[142.80618,-34.55475],[142.80652,-34.55535],[142.80715,-34.55702],[142.80794,-34.55844],[142.80911,-34.55981],[142.80971,-34.56021],[142.8101,-34.56085],[142.80987,-34.56141],[142.80913,-34.56197],[142.80776,-34.56247],[142.80609,-34.56283],[142.8054,-34.56309],[142.80381,-34.56398],[142.80271,-34.56474],[142.8027,-34.56492],[142.80054,-34.56724],[142.79806,-34.57037],[142.79644,-34.57195],[142.79624,-34.57315],[142.79663,-34.57405],[142.79776,-34.57475],[142.79866,-34.57491],[142.80014,-34.57597],[142.80131,-34.57764],[142.80151,-34.57818],[142.80149,-34.57891],[142.80087,-34.57942],[142.8003,-34.57968],[142.79308,-34.58085],[142.79243,-34.58108],[142.79132,-34.58122],[142.789,-34.58199],[142.78704,-34.58291],[142.78596,-34.58372],[142.78573,-34.58602],[142.78609,-34.58791],[142.7869,-34.58936],[142.78847,-34.59121],[142.78992,-34.59241],[142.79307,-34.59465],[142.79422,-34.5959],[142.79441,-34.59627],[142.79535,-34.59712],[142.79611,-34.59745],[142.79792,-34.59763],[142.79961,-34.59749],[142.79959,-34.59719],[142.79986,-34.59693],[142.79983,-34.5966],[142.80087,-34.59471],[142.80181,-34.59223],[142.80212,-34.58975],[142.80307,-34.5889],[142.80418,-34.58841],[142.80519,-34.58827],[142.80894,-34.58867],[142.80978,-34.58889],[142.81064,-34.58931],[142.81118,-34.59008],[142.81142,-34.59089],[142.81143,-34.59142],[142.81049,-34.59359],[142.80973,-34.59499],[142.80903,-34.59603],[142.80695,-34.59789],[142.80598,-34.59856],[142.80441,-34.5993],[142.80384,-34.59971],[142.8032,-34.60092],[142.80284,-34.60246],[142.80268,-34.60501],[142.80297,-34.60624],[142.80327,-34.6067],[142.80334,-34.60709],[142.805,-34.6084],[142.80744,-34.60949],[142.80907,-34.60997],[142.81299,-34.61059],[142.81511,-34.61115],[142.81556,-34.61131],[142.81712,-34.61234],[142.8177,-34.6125],[142.81826,-34.61244],[142.81893,-34.6121],[142.81972,-34.61134],[142.82005,-34.61067],[142.82016,-34.60993],[142.82004,-34.60901],[142.81971,-34.60802],[142.81838,-34.605],[142.8183,-34.60422],[142.81861,-34.60291],[142.8191,-34.60202],[142.81989,-34.60117],[142.82107,-34.60038],[142.82229,-34.60013],[142.82283,-34.60017],[142.82378,-34.60049],[142.82464,-34.60109],[142.82517,-34.60192],[142.82516,-34.60278],[142.82473,-34.60378],[142.82424,-34.60583],[142.82403,-34.60616],[142.8242,-34.60785],[142.82474,-34.60852],[142.82643,-34.60975],[142.82715,-34.61012],[142.82822,-34.61035],[142.8326,-34.61053],[142.83419,-34.61077],[142.83557,-34.61113],[142.83615,-34.61135],[142.83729,-34.61207],[142.83824,-34.61304],[142.839,-34.61475],[142.83967,-34.61723],[142.83984,-34.61977],[142.83979,-34.62041],[142.83931,-34.62159],[142.83947,-34.62366],[142.83993,-34.62487],[142.84068,-34.62575],[142.84247,-34.62643],[142.84426,-34.62667],[142.84507,-34.6265],[142.84604,-34.62559],[142.84659,-34.6247],[142.847,-34.6235],[142.84691,-34.62119],[142.8472,-34.62056],[142.84762,-34.62012],[142.8484,-34.61955],[142.84901,-34.61934],[142.85028,-34.61914],[142.85247,-34.61919],[142.85355,-34.61936],[142.85434,-34.61962],[142.85519,-34.6201],[142.85583,-34.62069],[142.8595,-34.62664],[142.86026,-34.62749],[142.86081,-34.62789],[142.86189,-34.62833],[142.86315,-34.62837],[142.86453,-34.62802],[142.86542,-34.62762],[142.86679,-34.62725],[142.86793,-34.6272],[142.86834,-34.62745],[142.86848,-34.62785],[142.86818,-34.62839],[142.86653,-34.6296],[142.86547,-34.62995],[142.86439,-34.63097],[142.86349,-34.63233],[142.86207,-34.6337],[142.86037,-34.63441],[142.85929,-34.63504],[142.85819,-34.63551],[142.85681,-34.63651],[142.85571,-34.63784],[142.85538,-34.63867],[142.85518,-34.63977],[142.85529,-34.64043],[142.85575,-34.64175],[142.85639,-34.64299],[142.85674,-34.64354],[142.85781,-34.64462],[142.85831,-34.6449],[142.85881,-34.64495],[142.86008,-34.64469],[142.86033,-34.64457],[142.86046,-34.64423],[142.86049,-34.64395],[142.85987,-34.64217],[142.86002,-34.6398],[142.86101,-34.63887],[142.86198,-34.63857],[142.86253,-34.63864],[142.86347,-34.63907],[142.86382,-34.63939],[142.86394,-34.63971],[142.86397,-34.64106],[142.86438,-34.644],[142.86509,-34.64481],[142.8662,-34.64574],[142.86901,-34.64698],[142.86973,-34.64749],[142.87135,-34.64921],[142.87187,-34.65029],[142.87202,-34.65206],[142.86957,-34.65716],[142.86894,-34.65793],[142.86783,-34.65889],[142.86526,-34.66024],[142.86421,-34.66057],[142.86199,-34.66186],[142.86128,-34.6624],[142.86093,-34.66286],[142.86053,-34.66382],[142.86044,-34.66433],[142.86055,-34.66516],[142.86066,-34.66546],[142.8621,-34.66675],[142.86282,-34.667],[142.86418,-34.66711],[142.86573,-34.66662],[142.86835,-34.6646],[142.86929,-34.66407],[142.87029,-34.6638],[142.871,-34.66377],[142.87179,-34.66392],[142.87215,-34.66412],[142.87259,-34.6647],[142.87263,-34.66495],[142.87228,-34.66874],[142.87265,-34.67041],[142.87405,-34.67341],[142.87513,-34.67451],[142.87588,-34.67486],[142.87667,-34.67499],[142.87767,-34.67491],[142.88118,-34.67301],[142.88341,-34.67227],[142.88512,-34.67202],[142.88646,-34.67209],[142.88701,-34.67259],[142.88717,-34.67343],[142.88552,-34.67603],[142.88522,-34.67721],[142.88563,-34.67855],[142.8862,-34.67933],[142.88682,-34.67981],[142.88777,-34.68018],[142.88833,-34.68027],[142.88896,-34.68022],[142.89118,-34.67974],[142.89208,-34.67975],[142.89264,-34.67961],[142.89389,-34.6788],[142.8941,-34.67798],[142.89394,-34.67684],[142.89316,-34.67601],[142.89151,-34.67491],[142.89092,-34.67427],[142.89078,-34.6739],[142.8907,-34.67284],[142.89109,-34.67208],[142.89136,-34.67185],[142.89185,-34.67168],[142.89251,-34.67171],[142.89426,-34.67239],[142.89544,-34.67309],[142.8964,-34.67328],[142.8989,-34.67256],[142.89941,-34.67225],[142.90018,-34.67146],[142.90038,-34.67101],[142.90037,-34.67033],[142.89993,-34.6694],[142.89936,-34.66883],[142.89797,-34.66824],[142.89453,-34.66734],[142.89433,-34.66738],[142.89362,-34.66671],[142.89339,-34.66667],[142.89327,-34.66568],[142.89362,-34.6649],[142.89415,-34.66442],[142.89515,-34.6639],[142.89708,-34.66364],[142.89919,-34.66356],[142.89978,-34.66331],[142.90042,-34.66273],[142.90084,-34.66183],[142.90098,-34.66101],[142.90054,-34.65737],[142.90085,-34.65602],[142.90153,-34.65496],[142.90209,-34.6545],[142.90361,-34.65367],[142.91017,-34.65106],[142.91165,-34.65079],[142.91729,-34.65078],[142.91829,-34.6506],[142.91931,-34.65033],[142.92043,-34.64985],[142.92177,-34.64913],[142.92307,-34.64805],[142.92384,-34.64786],[142.92423,-34.64794],[142.92416,-34.64812],[142.9246,-34.648],[142.92491,-34.64828],[142.92471,-34.64959],[142.92348,-34.65172],[142.92295,-34.6524],[142.9219,-34.65323],[142.92134,-34.65398],[142.92119,-34.65445],[142.92154,-34.65569],[142.92227,-34.65648],[142.92295,-34.65685],[142.92441,-34.65695],[142.92584,-34.65662],[142.92865,-34.65559],[142.93064,-34.65512],[142.93178,-34.65519],[142.93261,-34.65551],[142.93311,-34.65598],[142.93343,-34.65675],[142.93351,-34.65818],[142.93393,-34.65942],[142.93451,-34.66016],[142.93519,-34.66078],[142.93608,-34.6612],[142.93804,-34.66158],[142.93857,-34.66159],[142.93975,-34.66132],[142.94189,-34.6612],[142.94242,-34.66131],[142.94373,-34.66202],[142.94433,-34.66291],[142.94488,-34.6656],[142.94524,-34.66645],[142.94625,-34.66772],[142.94887,-34.66967],[142.9502,-34.66992],[142.95072,-34.66987],[142.95241,-34.66937],[142.95386,-34.66835],[142.9572,-34.66515],[142.95751,-34.66495],[142.95837,-34.6647],[142.959,-34.66477],[142.95926,-34.66498],[142.95942,-34.66557],[142.95907,-34.66695],[142.95789,-34.669],[142.95774,-34.66964],[142.95782,-34.67037],[142.95811,-34.67111],[142.95852,-34.67184],[142.95885,-34.67213],[142.96163,-34.67385],[142.96222,-34.67451],[142.96297,-34.67568],[142.96353,-34.67741],[142.96397,-34.68062],[142.96459,-34.68257],[142.96554,-34.68502],[142.96753,-34.68892],[142.96771,-34.68974],[142.9677,-34.69167],[142.9678,-34.69188],[142.96847,-34.69273],[142.96932,-34.69347],[142.97216,-34.69505],[142.97271,-34.69521],[142.97413,-34.69512],[142.97625,-34.69439],[142.9773,-34.69326],[142.9784,-34.69105],[142.97884,-34.68876],[142.97944,-34.68781],[142.98145,-34.68545],[142.98243,-34.68274],[142.98251,-34.6814],[142.98232,-34.67979],[142.98215,-34.679],[142.98151,-34.67758],[142.98011,-34.67589],[142.97609,-34.6729],[142.97534,-34.67173],[142.97528,-34.67086],[142.97581,-34.6705],[142.97676,-34.67015],[142.98079,-34.66977],[142.98347,-34.66934],[142.98487,-34.669],[142.98607,-34.6684],[142.98703,-34.66767],[142.98745,-34.66699],[142.98854,-34.66336],[142.98891,-34.66275],[142.98931,-34.66258],[142.98983,-34.66261],[142.99034,-34.66289],[142.99073,-34.66354],[142.99092,-34.66505],[142.99066,-34.66629],[142.9907,-34.66759],[142.9909,-34.66824],[142.99228,-34.67057],[142.99263,-34.67176],[142.99306,-34.67249],[142.99457,-34.67387],[142.99542,-34.67414],[142.99648,-34.674],[142.99717,-34.67352],[142.99785,-34.67284],[142.99861,-34.67073],[142.99898,-34.67052],[142.999,-34.67028],[142.99973,-34.66991],[143.00114,-34.66967],[143.00289,-34.66987],[143.00733,-34.6707],[143.01052,-34.67077],[143.0133,-34.67112],[143.01493,-34.67173],[143.01617,-34.67235],[143.01728,-34.67366],[143.01758,-34.67466],[143.01755,-34.67529],[143.01688,-34.6766],[143.01564,-34.67783],[143.01469,-34.67836],[143.01372,-34.67928],[143.01295,-34.68017],[143.01208,-34.68167],[143.01126,-34.6827],[143.00978,-34.68403],[143.00901,-34.68453],[143.00801,-34.68597],[143.00791,-34.68702],[143.00803,-34.68896],[143.00785,-34.68947],[143.00804,-34.69078],[143.00836,-34.69132],[143.0095,-34.69257],[143.01018,-34.69366],[143.01095,-34.69409],[143.01334,-34.69471],[143.01435,-34.69485],[143.01545,-34.69483],[143.01735,-34.6945],[143.01775,-34.6943],[143.01864,-34.69411],[143.02179,-34.69286],[143.02221,-34.69244],[143.02257,-34.69166],[143.02266,-34.68743],[143.02305,-34.68495],[143.0236,-34.68364],[143.0242,-34.68292],[143.02553,-34.68206],[143.02626,-34.68181],[143.0268,-34.68178],[143.02939,-34.68242],[143.0325,-34.68293],[143.03304,-34.68333],[143.03293,-34.68371],[143.0322,-34.68457],[143.03074,-34.6858],[143.02977,-34.6874],[143.02943,-34.68863],[143.02921,-34.69054],[143.02942,-34.69185],[143.03066,-34.69373],[143.03355,-34.69592],[143.03468,-34.69705],[143.03588,-34.69874],[143.03663,-34.70048],[143.03715,-34.70122],[143.03847,-34.70228],[143.03947,-34.70261],[143.04004,-34.70251],[143.04116,-34.70209],[143.04255,-34.7014],[143.04312,-34.70098],[143.04345,-34.70044],[143.04408,-34.70004],[143.04439,-34.6993],[143.0443,-34.69846],[143.04347,-34.69758],[143.04163,-34.6965],[143.03909,-34.69444],[143.03793,-34.69282],[143.03752,-34.69168],[143.03729,-34.68989],[143.03745,-34.68907],[143.03774,-34.6885],[143.03863,-34.68716],[143.0399,-34.68611],[143.04025,-34.68609],[143.04042,-34.68589],[143.042,-34.68598],[143.04299,-34.68633],[143.04334,-34.68663],[143.04382,-34.68773],[143.04391,-34.68837],[143.04385,-34.69015],[143.04367,-34.69093],[143.04382,-34.69221],[143.0445,-34.69373],[143.04583,-34.69521],[143.04658,-34.69626],[143.04695,-34.69708],[143.04835,-34.69809],[143.05028,-34.69906],[143.05094,-34.69925],[143.05241,-34.69942],[143.05274,-34.69925],[143.05482,-34.69885],[143.05741,-34.69782],[143.05863,-34.6969],[143.05921,-34.69619],[143.05972,-34.69503],[143.06049,-34.69391],[143.06149,-34.69285],[143.06372,-34.69091],[143.06486,-34.68942],[143.06552,-34.68832],[143.06627,-34.68617],[143.06676,-34.68326],[143.06654,-34.68164],[143.06657,-34.68059],[143.06698,-34.67947],[143.06748,-34.67899],[143.06878,-34.67844],[143.06992,-34.67829],[143.07076,-34.67838],[143.07137,-34.67881],[143.07164,-34.67953],[143.0713,-34.68353],[143.07133,-34.68532],[143.07148,-34.68736],[143.07185,-34.68941],[143.07303,-34.69183],[143.07472,-34.69374],[143.07622,-34.69596],[143.07803,-34.69724],[143.0796,-34.69797],[143.08615,-34.69994],[143.09,-34.70129],[143.09098,-34.70136],[143.0921,-34.70122],[143.09283,-34.70127],[143.09432,-34.70058],[143.09609,-34.69729],[143.09659,-34.6967],[143.0971,-34.69632],[143.09884,-34.69538],[143.10032,-34.69479],[143.10393,-34.69409],[143.10509,-34.69342],[143.1063,-34.69241],[143.10734,-34.69115],[143.10833,-34.68956],[143.10922,-34.68511],[143.1108,-34.68124],[143.11155,-34.68088],[143.11234,-34.6809],[143.11298,-34.6811],[143.11414,-34.68178],[143.11637,-34.68375],[143.11739,-34.68438],[143.12032,-34.6868],[143.12105,-34.68724],[143.12109,-34.68749],[143.1207,-34.68775],[143.11951,-34.68765],[143.11793,-34.68688],[143.11704,-34.6862],[143.11599,-34.68579],[143.11547,-34.68576],[143.11351,-34.68598],[143.11282,-34.68629],[143.11142,-34.68721],[143.11054,-34.6888],[143.10988,-34.68889],[143.11054,-34.68915],[143.11044,-34.69141],[143.11003,-34.69227],[143.11002,-34.69276],[143.1087,-34.69548],[143.10763,-34.69716],[143.10638,-34.69958],[143.10627,-34.70029],[143.10639,-34.70091],[143.10706,-34.70155],[143.10844,-34.7019],[143.1096,-34.7017],[143.11177,-34.69967],[143.11274,-34.69901],[143.11651,-34.69708],[143.1199,-34.69477],[143.12188,-34.69368],[143.12547,-34.69243],[143.12666,-34.69249],[143.12761,-34.69275],[143.12808,-34.69306],[143.12825,-34.69373],[143.12795,-34.69427],[143.12749,-34.69461],[143.12682,-34.69491],[143.12414,-34.6955],[143.12208,-34.69609],[143.12078,-34.69668],[143.11974,-34.69698],[143.11904,-34.69747],[143.11826,-34.69826],[143.11747,-34.69931],[143.11721,-34.70043],[143.11734,-34.70201],[143.11802,-34.70299],[143.11864,-34.70336],[143.11928,-34.7035],[143.11993,-34.70362],[143.12079,-34.70357],[143.12179,-34.7033],[143.12456,-34.70155],[143.12578,-34.70113],[143.13021,-34.70051],[143.13346,-34.70058],[143.13367,-34.70071],[143.13379,-34.70105],[143.13379,-34.70262],[143.13363,-34.70285],[143.13368,-34.70357],[143.13354,-34.70382],[143.13353,-34.70504],[143.13372,-34.70596],[143.13401,-34.70663],[143.13495,-34.70779],[143.13681,-34.70933],[143.13813,-34.7102],[143.14382,-34.71308],[143.14509,-34.71404],[143.14611,-34.71461],[143.1474,-34.71476],[143.14827,-34.71457],[143.14855,-34.71432],[143.14874,-34.71389],[143.14861,-34.71327],[143.14773,-34.7121],[143.14751,-34.71076],[143.14744,-34.70982],[143.14796,-34.7088],[143.14847,-34.70831],[143.15036,-34.70763],[143.15161,-34.70698],[143.15243,-34.70648],[143.15367,-34.70534],[143.15475,-34.70389],[143.15519,-34.70274],[143.15545,-34.70057],[143.15589,-34.6998],[143.15638,-34.69933],[143.15755,-34.69855],[143.1587,-34.69803],[143.16031,-34.69785],[143.16169,-34.69792],[143.16299,-34.69835],[143.16398,-34.69902],[143.16518,-34.70043],[143.1658,-34.70199],[143.16601,-34.70355],[143.16609,-34.70601],[143.166,-34.70709],[143.1654,-34.70952],[143.16398,-34.7128],[143.16367,-34.71531],[143.16392,-34.71675],[143.16429,-34.71729],[143.16536,-34.71814],[143.16661,-34.71865],[143.16892,-34.71932],[143.16981,-34.71997],[143.17113,-34.72026],[143.17219,-34.72024],[143.1732,-34.71971],[143.17389,-34.71883],[143.17436,-34.71764],[143.17526,-34.71489],[143.17517,-34.71398],[143.17563,-34.7132],[143.1762,-34.7125],[143.17839,-34.71094],[143.17974,-34.7097],[143.18045,-34.70945],[143.18099,-34.70948],[143.1813,-34.70966],[143.18164,-34.71028],[143.18156,-34.71101],[143.18129,-34.71168],[143.18054,-34.71258],[143.17902,-34.71365],[143.17854,-34.71438],[143.17791,-34.71503],[143.17819,-34.71623],[143.17888,-34.71706],[143.17928,-34.71733],[143.17981,-34.71735],[143.1809,-34.71709],[143.18411,-34.71494],[143.18761,-34.71405],[143.19071,-34.71293],[143.19175,-34.71279],[143.19257,-34.7128],[143.19355,-34.71298],[143.19485,-34.71352],[143.19617,-34.71431],[143.19746,-34.71547],[143.19815,-34.71628],[143.19895,-34.71649],[143.20009,-34.71706],[143.20011,-34.7174],[143.19969,-34.71792],[143.19845,-34.71832],[143.19749,-34.71909],[143.19718,-34.71949],[143.19671,-34.72086],[143.19685,-34.72174],[143.19774,-34.72382],[143.1978,-34.72536],[143.19737,-34.72659],[143.19734,-34.72814],[143.19746,-34.72867],[143.19823,-34.73036],[143.19896,-34.73144],[143.20024,-34.73292],[143.20091,-34.73345],[143.20314,-34.73452],[143.20416,-34.7346],[143.20561,-34.73439],[143.20729,-34.7339],[143.20793,-34.73357],[143.20871,-34.73313],[143.20935,-34.73252],[143.21121,-34.73134],[143.21293,-34.73045],[143.21551,-34.72959],[143.21675,-34.72937],[143.21803,-34.72927],[143.21885,-34.72947],[143.2205,-34.73104],[143.22209,-34.73175],[143.22248,-34.73224],[143.22245,-34.73242],[143.22175,-34.73292],[143.2206,-34.73332],[143.21884,-34.73368],[143.217,-34.73467],[143.21486,-34.73545],[143.21435,-34.73591],[143.21393,-34.73664],[143.2138,-34.73739],[143.21385,-34.7385],[143.21411,-34.7386],[143.21465,-34.73938],[143.21724,-34.74109],[143.21846,-34.74176],[143.22046,-34.74239],[143.22127,-34.74289],[143.22134,-34.74341],[143.22015,-34.74761],[143.2201,-34.74893],[143.21959,-34.74977],[143.21914,-34.751],[143.21911,-34.75264],[143.21996,-34.75523],[143.22116,-34.75626],[143.22365,-34.75774],[143.22412,-34.7582],[143.22439,-34.75872],[143.2257,-34.75887],[143.22679,-34.75881],[143.22772,-34.75855],[143.22872,-34.75799],[143.22894,-34.75775],[143.22899,-34.7563],[143.22855,-34.75421],[143.22736,-34.75066],[143.2276,-34.74944],[143.22817,-34.74849],[143.22877,-34.74779],[143.22943,-34.74733],[143.22991,-34.74716],[143.2317,-34.74684],[143.23306,-34.74693],[143.23479,-34.74741],[143.23556,-34.7475],[143.23686,-34.74749],[143.23789,-34.74733],[143.23905,-34.74695],[143.23996,-34.74619],[143.24027,-34.74568],[143.24066,-34.74546],[143.24148,-34.74554],[143.24245,-34.74619],[143.24294,-34.74682],[143.24338,-34.74787],[143.24353,-34.74893],[143.24327,-34.75153],[143.24352,-34.75343],[143.24416,-34.75488],[143.24532,-34.75633],[143.24599,-34.75685],[143.24818,-34.75744],[143.24893,-34.75786],[143.24974,-34.7579],[143.251,-34.75776],[143.25204,-34.75734],[143.2528,-34.75682],[143.25407,-34.75517],[143.2545,-34.75479],[143.25551,-34.75404],[143.25676,-34.75331],[143.25754,-34.75296],[143.26122,-34.75218],[143.26231,-34.75176],[143.2633,-34.7512],[143.26388,-34.75051],[143.26457,-34.74891],[143.26529,-34.74856],[143.26567,-34.74849],[143.26668,-34.74884],[143.26868,-34.74994],[143.2718,-34.75204],[143.27402,-34.75268],[143.27423,-34.75305],[143.27406,-34.75332],[143.27388,-34.75336],[143.26995,-34.75283],[143.26858,-34.75302],[143.26803,-34.75369],[143.26741,-34.75501],[143.26741,-34.75531],[143.26769,-34.75595],[143.26809,-34.75662],[143.26872,-34.75715],[143.27059,-34.7577],[143.27144,-34.75827],[143.27187,-34.75889],[143.27158,-34.75949],[143.269,-34.76113],[143.2677,-34.76165],[143.26609,-34.76327],[143.26495,-34.76403],[143.26334,-34.76462],[143.26259,-34.76475],[143.26008,-34.76486],[143.25776,-34.76517],[143.25428,-34.76665],[143.2533,-34.76761],[143.25245,-34.76931],[143.2521,-34.77101],[143.25213,-34.7728],[143.25225,-34.77346],[143.2528,-34.77481],[143.256,-34.7779],[143.25693,-34.77833],[143.25773,-34.77854],[143.25946,-34.77854],[143.26082,-34.77788],[143.26197,-34.77712],[143.26242,-34.7766],[143.26274,-34.77574],[143.26243,-34.77412],[143.26271,-34.77358],[143.26318,-34.7736],[143.26499,-34.7746],[143.26651,-34.77526],[143.27057,-34.77626],[143.27224,-34.77618],[143.27301,-34.77641],[143.27331,-34.77665],[143.27355,-34.77702],[143.2735,-34.77745],[143.27214,-34.77852],[143.27221,-34.77907],[143.2718,-34.77966],[143.27244,-34.77989],[143.27346,-34.78071],[143.27553,-34.78142],[143.27595,-34.78174],[143.27616,-34.78231],[143.27588,-34.78317],[143.27477,-34.78437],[143.27367,-34.78608],[143.27345,-34.78672],[143.27342,-34.78738],[143.27357,-34.78908],[143.27383,-34.78973],[143.27446,-34.79053],[143.27587,-34.79177],[143.27674,-34.79226],[143.28366,-34.79521],[143.28492,-34.79534],[143.28687,-34.79498],[143.28724,-34.79467],[143.28721,-34.79317],[143.28559,-34.78981],[143.28511,-34.78815],[143.28416,-34.78586],[143.28414,-34.78556],[143.28433,-34.78525],[143.28546,-34.78474],[143.28632,-34.78471],[143.2875,-34.78503],[143.28862,-34.78574],[143.28981,-34.7869],[143.29137,-34.7893],[143.29225,-34.79033],[143.29388,-34.79086],[143.29429,-34.79082],[143.29485,-34.79057],[143.29509,-34.79029],[143.29557,-34.78678],[143.29591,-34.78625],[143.29699,-34.78539],[143.29829,-34.78468],[143.30118,-34.78371],[143.30448,-34.78112],[143.30749,-34.78006],[143.30884,-34.77994],[143.31167,-34.78019],[143.3127,-34.78075],[143.31338,-34.78172],[143.31359,-34.78238],[143.31339,-34.78431],[143.31295,-34.78578],[143.313,-34.7866],[143.31344,-34.78753],[143.31394,-34.7883],[143.31504,-34.78941],[143.31827,-34.79084],[143.32003,-34.79119],[143.32076,-34.79116],[143.32173,-34.79094],[143.3225,-34.7906],[143.32346,-34.78975],[143.32403,-34.78893],[143.32602,-34.7874],[143.32798,-34.78657],[143.32909,-34.78636],[143.3296,-34.78648],[143.33079,-34.78747],[143.33112,-34.78876],[143.33116,-34.79074],[143.33133,-34.79159],[143.33167,-34.79228],[143.33299,-34.79321],[143.33482,-34.79354],[143.33555,-34.79356],[143.33654,-34.79341],[143.3391,-34.79273],[143.34043,-34.79224],[143.34248,-34.79176],[143.344,-34.79107],[143.34506,-34.79074],[143.34592,-34.79081],[143.34661,-34.79101],[143.34788,-34.79164],[143.34925,-34.79244],[143.35118,-34.79406],[143.35169,-34.79491],[143.3517,-34.7955],[143.34868,-34.80177],[143.34775,-34.80316],[143.34741,-34.80392],[143.34711,-34.80503],[143.34723,-34.80619],[143.34756,-34.8073],[143.34779,-34.80768],[143.34925,-34.80904],[143.35197,-34.81065],[143.35359,-34.81118],[143.35646,-34.81181],[143.35702,-34.81209],[143.35724,-34.81236],[143.35812,-34.81482],[143.35936,-34.81637],[143.35956,-34.8169],[143.35939,-34.81729],[143.35877,-34.81772],[143.35681,-34.81853],[143.35545,-34.81924],[143.35413,-34.82036],[143.35199,-34.82261],[143.35161,-34.8232],[143.35155,-34.8241],[143.35183,-34.82526],[143.35293,-34.82755],[143.35392,-34.82904],[143.3542,-34.82976],[143.3542,-34.83025],[143.35399,-34.8308],[143.35107,-34.83336],[143.35062,-34.83423],[143.35046,-34.83567],[143.35153,-34.83745],[143.35167,-34.83786],[143.35152,-34.83849],[143.35084,-34.83914],[143.34917,-34.84024],[143.34655,-34.84257],[143.34428,-34.844],[143.34276,-34.84461],[143.34185,-34.84513],[143.34132,-34.84584],[143.34119,-34.84631],[143.34138,-34.84678],[143.34199,-34.84743],[143.3428,-34.84812],[143.34333,-34.84824],[143.34436,-34.84788],[143.34601,-34.84693],[143.34739,-34.84643],[143.34894,-34.8463],[143.35109,-34.84636],[143.35198,-34.84626],[143.35443,-34.84567],[143.35496,-34.84604],[143.35549,-34.84703],[143.35549,-34.84719],[143.35518,-34.84741],[143.35179,-34.84692],[143.34975,-34.84732],[143.3487,-34.84783],[143.3482,-34.84833],[143.34739,-34.84965],[143.34682,-34.85139],[143.3456,-34.85254],[143.34521,-34.85346],[143.34524,-34.85408],[143.34549,-34.85453],[143.34735,-34.85609],[143.34866,-34.85678],[143.35048,-34.85697],[143.35197,-34.85754],[143.35242,-34.85787],[143.35256,-34.85823],[143.35221,-34.85868],[143.35095,-34.85912],[143.34959,-34.85999],[143.34857,-34.86106],[143.34791,-34.86212],[143.34778,-34.86239],[143.34777,-34.86304],[143.34854,-34.86409],[143.34868,-34.86441],[143.34863,-34.86479],[143.348,-34.86498],[143.34704,-34.86494],[143.34667,-34.86504],[143.3456,-34.86592],[143.34467,-34.866],[143.34405,-34.86586],[143.34349,-34.86592],[143.34264,-34.86653],[143.34148,-34.86802],[143.3409,-34.8685],[143.33913,-34.86936],[143.3384,-34.87031],[143.33727,-34.87529],[143.33752,-34.87561],[143.33863,-34.87605],[143.33921,-34.87586],[143.3401,-34.87508],[143.34055,-34.87499],[143.34228,-34.87562],[143.34288,-34.87598],[143.34254,-34.87652],[143.34128,-34.87745],[143.34072,-34.87806],[143.34083,-34.87848],[143.34119,-34.87874],[143.34192,-34.87897],[143.34299,-34.87906],[143.34325,-34.8792],[143.34275,-34.87956],[143.34205,-34.87978],[143.34181,-34.88011],[143.34185,-34.88048],[143.34224,-34.881],[143.34211,-34.88125],[143.34182,-34.88149],[143.34088,-34.88177],[143.33868,-34.88171],[143.33797,-34.88109],[143.33789,-34.8804],[143.33738,-34.87973],[143.33693,-34.87952],[143.33638,-34.87965],[143.33618,-34.87982],[143.33608,-34.88021],[143.33592,-34.88365],[143.33527,-34.88405],[143.3341,-34.88441],[143.33388,-34.88506],[143.33433,-34.88562],[143.33558,-34.88603],[143.33574,-34.88632],[143.33355,-34.88836],[143.33261,-34.88894],[143.33192,-34.8891],[143.33179,-34.889],[143.33165,-34.88835],[143.3318,-34.888],[143.33369,-34.88698],[143.33403,-34.88641],[143.33399,-34.8862],[143.33316,-34.88545],[143.33262,-34.88514],[143.33123,-34.88491],[143.33003,-34.88445],[143.32893,-34.88357],[143.32849,-34.88298],[143.32779,-34.88271],[143.32755,-34.88274],[143.32725,-34.88313],[143.32693,-34.88407],[143.32656,-34.88452],[143.32607,-34.88448],[143.3245,-34.88389],[143.32425,-34.88389],[143.32372,-34.88428],[143.32327,-34.88498],[143.32346,-34.88602],[143.3233,-34.88711],[143.32255,-34.88777],[143.32163,-34.88829],[143.32129,-34.88873],[143.32131,-34.88902],[143.32205,-34.89018],[143.32226,-34.89092],[143.32221,-34.89153],[143.32236,-34.89179],[143.32312,-34.89231],[143.32421,-34.89258],[143.32463,-34.89281],[143.32515,-34.89349],[143.32636,-34.89449],[143.32771,-34.89468],[143.32845,-34.89549],[143.32845,-34.89582],[143.32824,-34.89614],[143.3269,-34.89707],[143.32617,-34.8974],[143.32576,-34.89779],[143.32576,-34.89807],[143.32632,-34.89881],[143.32728,-34.89912],[143.3277,-34.89942],[143.32773,-34.89986],[143.32745,-34.90047],[143.32766,-34.90127],[143.32784,-34.90142],[143.32924,-34.90179],[143.32946,-34.90194],[143.3301,-34.90354],[143.33093,-34.90408],[143.3321,-34.90445],[143.33259,-34.90492],[143.33267,-34.90531],[143.33252,-34.90554],[143.33004,-34.90615],[143.32987,-34.90628],[143.32985,-34.90657],[143.33032,-34.90708],[143.33165,-34.90747],[143.33202,-34.90783],[143.33275,-34.91001],[143.33278,-34.91043],[143.33318,-34.91113],[143.3339,-34.91182],[143.33537,-34.91291],[143.33618,-34.9138],[143.33682,-34.91399],[143.33772,-34.91309],[143.33851,-34.91277],[143.33922,-34.91288],[143.33973,-34.91311],[143.34025,-34.91378],[143.34057,-34.91488],[143.34051,-34.91544],[143.3407,-34.9164],[143.34165,-34.9177],[143.3422,-34.91916],[143.34214,-34.91947],[143.3416,-34.92012],[143.34125,-34.92088],[143.34137,-34.92169],[143.34169,-34.92202],[143.34176,-34.92229],[143.34147,-34.9225],[143.34046,-34.92272],[143.33965,-34.92326],[143.33979,-34.92389],[143.34013,-34.92443],[143.3401,-34.92469],[143.33987,-34.92502],[143.33908,-34.92566],[143.339,-34.9266],[143.33929,-34.92808],[143.33961,-34.92871],[143.34111,-34.93069],[143.3423,-34.93159],[143.34269,-34.93287],[143.34252,-34.9337],[143.34151,-34.93523],[143.34096,-34.93582],[143.34028,-34.93609],[143.33882,-34.93624],[143.33794,-34.93667],[143.3375,-34.93709],[143.33759,-34.93846],[143.33716,-34.93934],[143.33714,-34.93982],[143.33742,-34.94041],[143.33795,-34.94059],[143.33875,-34.94063],[143.33938,-34.94017],[143.34048,-34.93984],[143.34079,-34.94],[143.34118,-34.94052],[143.34105,-34.94129],[143.34038,-34.94244],[143.33984,-34.94311],[143.3385,-34.94426],[143.3371,-34.94529],[143.33671,-34.94539],[143.33657,-34.94532],[143.33633,-34.94506],[143.33608,-34.94356],[143.33555,-34.94294],[143.33472,-34.94241],[143.33416,-34.94149],[143.33481,-34.94066],[143.33489,-34.93976],[143.33382,-34.93905],[143.33284,-34.93876],[143.3322,-34.93895],[143.33189,-34.93931],[143.3318,-34.9401],[143.33207,-34.94092],[143.33185,-34.94132],[143.33166,-34.94139],[143.33133,-34.94133],[143.3301,-34.94033],[143.32936,-34.94003],[143.32901,-34.94001],[143.32852,-34.9402],[143.3278,-34.94092],[143.32755,-34.94156],[143.32756,-34.94224],[143.32743,-34.94248],[143.32564,-34.94295],[143.32492,-34.94327],[143.32435,-34.94378],[143.32413,-34.94373],[143.32332,-34.94278],[143.32241,-34.94245],[143.32179,-34.94253],[143.3215,-34.94286],[143.32144,-34.94314],[143.32148,-34.94417],[143.32189,-34.94569],[143.3223,-34.94636],[143.32004,-34.94731],[143.31964,-34.9478],[143.31961,-34.94813],[143.31974,-34.9484],[143.32075,-34.94916],[143.32237,-34.94977],[143.32251,-34.95023],[143.32249,-34.95101],[143.32208,-34.95154],[143.32121,-34.95215],[143.31881,-34.95194],[143.31793,-34.95201],[143.31763,-34.95226],[143.31722,-34.95336],[143.31736,-34.95404],[143.31767,-34.95443],[143.31866,-34.95526],[143.31901,-34.95534],[143.31949,-34.95567],[143.31933,-34.95776],[143.31875,-34.9604],[143.31965,-34.96204],[143.31931,-34.96455],[143.31946,-34.96563],[143.32004,-34.96641],[143.32003,-34.96727],[143.31973,-34.96787],[143.31961,-34.96869],[143.31975,-34.96893],[143.32037,-34.96934],[143.32154,-34.96943],[143.3226,-34.96967],[143.32319,-34.97043],[143.32324,-34.97064],[143.32281,-34.97179],[143.3214,-34.97373],[143.3217,-34.97476],[143.323,-34.976],[143.32272,-34.97706],[143.32277,-34.9775],[143.32298,-34.97794],[143.3236,-34.97848],[143.32377,-34.97884],[143.32341,-34.98087],[143.32307,-34.98162],[143.3229,-34.98177],[143.32142,-34.98222],[143.32089,-34.9825],[143.3204,-34.98327],[143.32052,-34.98432],[143.32037,-34.98489],[143.31982,-34.98518],[143.31899,-34.98542],[143.3185,-34.9857],[143.31811,-34.98612],[143.31801,-34.98685],[143.31828,-34.98781],[143.31795,-34.98951],[143.31888,-34.99108],[143.31864,-34.99297],[143.31884,-34.99321],[143.31989,-34.99371],[143.32137,-34.99362],[143.32215,-34.99403],[143.32325,-34.99414],[143.32431,-34.99383],[143.32587,-34.99284],[143.32633,-34.9928],[143.32682,-34.99308],[143.32736,-34.99388],[143.32803,-34.99447],[143.32868,-34.99481],[143.32969,-34.99557],[143.32991,-34.9959],[143.3301,-34.99697],[143.33056,-34.99805],[143.33116,-34.99867],[143.33226,-34.99934],[143.33329,-35.00116],[143.33459,-35.00186],[143.33583,-35.00299],[143.33559,-35.00521],[143.33594,-35.00578],[143.33696,-35.00656],[143.33721,-35.00704],[143.33695,-35.00831],[143.3371,-35.00922],[143.33733,-35.00982],[143.33801,-35.01058],[143.33812,-35.01089],[143.33784,-35.01118],[143.33684,-35.01169],[143.33653,-35.012],[143.33605,-35.01308],[143.33608,-35.01386],[143.33594,-35.01409],[143.33479,-35.01451],[143.33411,-35.01511],[143.33403,-35.01617],[143.33387,-35.0167],[143.33345,-35.01736],[143.33332,-35.01819],[143.3335,-35.01852],[143.33425,-35.01897],[143.3349,-35.01977],[143.33512,-35.02056],[143.33457,-35.02118],[143.33311,-35.02182],[143.33274,-35.02215],[143.3323,-35.02271],[143.33186,-35.0238],[143.33203,-35.02469],[143.33232,-35.0252],[143.33352,-35.02559],[143.3342,-35.02569],[143.33475,-35.026],[143.33493,-35.0263],[143.33482,-35.02674],[143.33458,-35.02692],[143.33316,-35.02713],[143.3329,-35.0275],[143.3329,-35.02792],[143.33312,-35.02843],[143.33352,-35.02881],[143.33472,-35.02893],[143.33523,-35.02937],[143.33529,-35.03009],[143.33465,-35.03103],[143.33454,-35.03154],[143.33453,-35.03294],[143.33475,-35.03432],[143.33581,-35.03581],[143.33603,-35.03667],[143.33599,-35.03738],[143.33564,-35.03757],[143.33354,-35.03743],[143.33178,-35.03769],[143.33049,-35.03743],[143.33012,-35.03716],[143.32958,-35.0363],[143.32921,-35.03492],[143.32881,-35.03421],[143.32839,-35.03399],[143.32766,-35.03386],[143.32711,-35.03394],[143.32629,-35.03443],[143.32287,-35.03541],[143.32214,-35.03628],[143.32208,-35.03673],[143.32241,-35.03727],[143.32299,-35.0376],[143.32411,-35.03796],[143.32482,-35.03801],[143.32703,-35.03771],[143.32771,-35.0378],[143.32782,-35.03794],[143.32789,-35.03882],[143.32772,-35.03917],[143.32718,-35.03942],[143.3259,-35.03975],[143.32529,-35.0401],[143.32461,-35.04098],[143.32443,-35.04199],[143.32465,-35.04239],[143.32498,-35.04265],[143.32554,-35.04273],[143.32613,-35.04261],[143.3283,-35.04151],[143.32924,-35.04138],[143.32947,-35.04144],[143.32964,-35.04166],[143.32953,-35.04204],[143.32922,-35.04252],[143.32821,-35.04353],[143.32784,-35.04419],[143.32795,-35.04522],[143.32868,-35.0459],[143.33089,-35.04587],[143.33213,-35.0456],[143.33289,-35.04502],[143.33397,-35.04343],[143.33453,-35.04305],[143.33497,-35.04289],[143.33576,-35.04284],[143.33616,-35.04293],[143.33654,-35.04322],[143.3366,-35.04369],[143.33634,-35.04423],[143.33431,-35.04499],[143.33332,-35.04616],[143.33294,-35.04745],[143.33292,-35.0484],[143.33227,-35.05082],[143.33201,-35.05136],[143.3311,-35.05215],[143.33073,-35.05266],[143.33048,-35.05346],[143.33049,-35.05388],[143.33091,-35.05468],[143.3315,-35.05496],[143.33287,-35.05504],[143.33418,-35.0545],[143.33453,-35.05418],[143.33503,-35.05334],[143.33501,-35.05306],[143.33477,-35.05252],[143.33426,-35.05204],[143.33404,-35.0516],[143.33416,-35.04968],[143.33463,-35.04887],[143.33496,-35.04861],[143.33588,-35.0481],[143.3363,-35.04804],[143.33677,-35.04815],[143.33767,-35.04925],[143.33952,-35.05297],[143.33989,-35.05505],[143.33981,-35.05632],[143.33909,-35.05769],[143.33838,-35.05839],[143.33743,-35.05898],[143.33681,-35.05982],[143.33692,-35.06041],[143.33766,-35.06129],[143.33881,-35.06214],[143.33967,-35.06236],[143.34075,-35.06247],[143.34163,-35.06236],[143.34192,-35.06202],[143.34192,-35.06161],[143.34178,-35.06124],[143.34094,-35.06014],[143.34081,-35.05927],[143.3412,-35.05874],[143.34204,-35.05861],[143.34275,-35.05911],[143.34381,-35.06089],[143.34455,-35.06163],[143.34558,-35.06214],[143.3464,-35.0624],[143.34786,-35.06246],[143.34817,-35.0627],[143.34866,-35.06369],[143.34899,-35.06393],[143.35051,-35.06428],[143.35084,-35.0647],[143.35089,-35.06565],[143.35071,-35.06632],[143.35076,-35.0684],[143.35019,-35.06948],[143.34966,-35.06993],[143.349,-35.07002],[143.34871,-35.06991],[143.34705,-35.0683],[143.34697,-35.06785],[143.34732,-35.06719],[143.3474,-35.06661],[143.34709,-35.06608],[143.34678,-35.06582],[143.34532,-35.0653],[143.34243,-35.0649],[143.3419,-35.06454],[143.34115,-35.06468],[143.34042,-35.06543],[143.33996,-35.06615],[143.33906,-35.06819],[143.33884,-35.06957],[143.33904,-35.07038],[143.33971,-35.07082],[143.34072,-35.071],[143.34141,-35.07142],[143.34231,-35.07168],[143.34364,-35.07185],[143.34393,-35.07209],[143.34444,-35.07308],[143.34523,-35.07366],[143.34552,-35.07406],[143.34521,-35.07469],[143.3434,-35.07595],[143.34292,-35.07652],[143.34283,-35.07721],[143.34321,-35.0783],[143.34315,-35.07888],[143.34299,-35.0791],[143.34198,-35.07932],[143.3405,-35.07923],[143.3392,-35.07968],[143.33796,-35.07995],[143.33745,-35.08042],[143.33754,-35.08091],[143.33805,-35.08138],[143.33993,-35.08194],[143.34095,-35.08243],[143.34176,-35.08246],[143.34242,-35.08231],[143.34366,-35.08248],[143.3437,-35.08262],[143.34344,-35.08296],[143.34229,-35.08373],[143.3417,-35.08473],[143.34164,-35.08508],[143.34212,-35.08553],[143.34268,-35.08583],[143.34347,-35.08616],[143.3447,-35.08645],[143.34502,-35.08702],[143.34488,-35.08745],[143.34462,-35.08745],[143.34347,-35.08702],[143.34201,-35.08709],[143.34115,-35.08762],[143.34093,-35.0881],[143.34092,-35.08849],[143.34144,-35.08927],[143.34206,-35.0898],[143.34295,-35.09089],[143.3435,-35.09136],[143.34503,-35.0922],[143.346,-35.09312],[143.34587,-35.09378],[143.3454,-35.0941],[143.34335,-35.09411],[143.34113,-35.09463],[143.34088,-35.09481],[143.34068,-35.0952],[143.34086,-35.09571],[143.34104,-35.09589],[143.3421,-35.09621],[143.34422,-35.09618],[143.34457,-35.09642],[143.3442,-35.09814],[143.34431,-35.09916],[143.34579,-35.1014],[143.34599,-35.10206],[143.34591,-35.10306],[143.34602,-35.10335],[143.34699,-35.10478],[143.3481,-35.10544],[143.34865,-35.10549],[143.34929,-35.10529],[143.35008,-35.10442],[143.35006,-35.104],[143.34959,-35.10331],[143.3484,-35.10236],[143.34816,-35.10203],[143.34816,-35.10178],[143.34877,-35.10063],[143.34928,-35.10047],[143.34956,-35.10069],[143.35036,-35.10206],[143.35098,-35.10265],[143.35186,-35.10295],[143.35264,-35.10303],[143.35317,-35.1028],[143.35337,-35.10259],[143.35328,-35.10229],[143.35244,-35.10118],[143.3523,-35.10068],[143.35226,-35.10002],[143.35256,-35.0997],[143.35288,-35.09963],[143.35347,-35.09977],[143.35528,-35.10095],[143.35656,-35.10151],[143.35723,-35.10172],[143.35877,-35.10189],[143.35954,-35.10214],[143.36032,-35.10261],[143.36076,-35.10303],[143.361,-35.10341],[143.36096,-35.10381],[143.36023,-35.10389],[143.35915,-35.10378],[143.3582,-35.10393],[143.35798,-35.10408],[143.35771,-35.10459],[143.35771,-35.10491],[143.35847,-35.1059],[143.35838,-35.10679],[143.35851,-35.10742],[143.35913,-35.10781],[143.35975,-35.10844],[143.35966,-35.10907],[143.35892,-35.11023],[143.35887,-35.11114],[143.3594,-35.11188],[143.36137,-35.11352],[143.36214,-35.11436],[143.36169,-35.11615],[143.36197,-35.1169],[143.36273,-35.1174],[143.36374,-35.1178],[143.36411,-35.1181],[143.36476,-35.11931],[143.36597,-35.1203],[143.36676,-35.1204],[143.36877,-35.1198],[143.36921,-35.11994],[143.37008,-35.12047],[143.37129,-35.1215],[143.37171,-35.12173],[143.37328,-35.12217],[143.37391,-35.1226],[143.37405,-35.12292],[143.37402,-35.12406],[143.37449,-35.12511],[143.37508,-35.12597],[143.37583,-35.12663],[143.37601,-35.12806],[143.37665,-35.12903],[143.37773,-35.12992],[143.37866,-35.1313],[143.37925,-35.13179],[143.38106,-35.13284],[143.38249,-35.13431],[143.38659,-35.13715],[143.38704,-35.13759],[143.3871,-35.13816],[143.38637,-35.14195],[143.38642,-35.14275],[143.3867,-35.1432],[143.38723,-35.14371],[143.3877,-35.14392],[143.39008,-35.1444],[143.39048,-35.14476],[143.39065,-35.14511],[143.39114,-35.14671],[143.39114,-35.14718],[143.39089,-35.14784],[143.38944,-35.15029],[143.38834,-35.15101],[143.38523,-35.15244],[143.38465,-35.15282],[143.38296,-35.15469],[143.38229,-35.15606],[143.38232,-35.15693],[143.38267,-35.15737],[143.38583,-35.15856],[143.38638,-35.15887],[143.38693,-35.15979],[143.38657,-35.16012],[143.38494,-35.16027],[143.3834,-35.16084],[143.38283,-35.16126],[143.38239,-35.16179],[143.38238,-35.16233],[143.38261,-35.16281],[143.38296,-35.16299],[143.38349,-35.16292],[143.38595,-35.16195],[143.38734,-35.16204],[143.38745,-35.16232],[143.38595,-35.16343],[143.38562,-35.16431],[143.38487,-35.16525],[143.38466,-35.16715],[143.38439,-35.16762],[143.38336,-35.1686],[143.38256,-35.16995],[143.38238,-35.17144],[143.38192,-35.17286],[143.38206,-35.17336],[143.38272,-35.17411],[143.38296,-35.1742],[143.38353,-35.17404],[143.38426,-35.17411],[143.38455,-35.17402],[143.38492,-35.17369],[143.38492,-35.17318],[143.38457,-35.17219],[143.38454,-35.17177],[143.3847,-35.17144],[143.38521,-35.1715],[143.38596,-35.17209],[143.3867,-35.17242],[143.38767,-35.17248],[143.38823,-35.17224],[143.3892,-35.1713],[143.38981,-35.17108],[143.39067,-35.17148],[143.39182,-35.17257],[143.39199,-35.17317],[143.39188,-35.17539],[143.39332,-35.17632],[143.39381,-35.17682],[143.39396,-35.17729],[143.39367,-35.17813],[143.39314,-35.17888],[143.39164,-35.18029],[143.39004,-35.18109],[143.38768,-35.18202],[143.38715,-35.18241],[143.38697,-35.18292],[143.38697,-35.18346],[143.38743,-35.1848],[143.38816,-35.18584],[143.38876,-35.18627],[143.38917,-35.1863],[143.38994,-35.18608],[143.39041,-35.18561],[143.39083,-35.18494],[143.39109,-35.18479],[143.3929,-35.18539],[143.39325,-35.1857],[143.3931,-35.18603],[143.39133,-35.18763],[143.39096,-35.18833],[143.39105,-35.18888],[143.39131,-35.18907],[143.39327,-35.18979],[143.39371,-35.19036],[143.39446,-35.19214],[143.39495,-35.19257],[143.39598,-35.19304],[143.39669,-35.1931],[143.3972,-35.19277],[143.39803,-35.19128],[143.39911,-35.19018],[143.4005,-35.18988],[143.40123,-35.19041],[143.40237,-35.19157],[143.40319,-35.19295],[143.40422,-35.19372],[143.40517,-35.19382],[143.40795,-35.19361],[143.4092,-35.19426],[143.40951,-35.1943],[143.41026,-35.1942],[143.41176,-35.19335],[143.41222,-35.19332],[143.41388,-35.19453],[143.41454,-35.19469],[143.4165,-35.19489],[143.41786,-35.19483],[143.41906,-35.19426],[143.42007,-35.19329],[143.42228,-35.19187],[143.42465,-35.18976],[143.42512,-35.18946],[143.42584,-35.18939],[143.42649,-35.18963],[143.42697,-35.19017],[143.42767,-35.19239],[143.42849,-35.19371],[143.42957,-35.1945],[143.43118,-35.19504],[143.43164,-35.19504],[143.43274,-35.19469],[143.43336,-35.19425],[143.43373,-35.19377],[143.43391,-35.19338],[143.43391,-35.19291],[143.43351,-35.19117],[143.43352,-35.19084],[143.4338,-35.19066],[143.43546,-35.19078],[143.43651,-35.19072],[143.43741,-35.19047],[143.4383,-35.18967],[143.43916,-35.18938],[143.44227,-35.18941],[143.44502,-35.19002],[143.44641,-35.18992],[143.44866,-35.18904],[143.44949,-35.18911],[143.44991,-35.1894],[143.45013,-35.1898],[143.44945,-35.19128],[143.44945,-35.19194],[143.45022,-35.19386],[143.45132,-35.19499],[143.45189,-35.1953],[143.45313,-35.19565],[143.45506,-35.19587],[143.45597,-35.19635],[143.45709,-35.19782],[143.45823,-35.19883],[143.45846,-35.19991],[143.45859,-35.20196],[143.45922,-35.20341],[143.45989,-35.2037],[143.46074,-35.20374],[143.46174,-35.20337],[143.46359,-35.20218],[143.46434,-35.20229],[143.46469,-35.20262],[143.46488,-35.20329],[143.46482,-35.20508],[143.46493,-35.20604],[143.46585,-35.20765],[143.46569,-35.2101],[143.46609,-35.21234],[143.46598,-35.21402],[143.46613,-35.21474],[143.46674,-35.21531],[143.46794,-35.2159],[143.46857,-35.21638],[143.47024,-35.21877],[143.47064,-35.21904],[143.47148,-35.21929],[143.47284,-35.21922],[143.4741,-35.21856],[143.47452,-35.21855],[143.47681,-35.21906],[143.47936,-35.21914],[143.48177,-35.219],[143.48406,-35.21843],[143.48582,-35.21906],[143.48622,-35.21906],[143.48701,-35.21877],[143.48934,-35.2188],[143.49058,-35.21912],[143.49232,-35.2199],[143.49395,-35.22005],[143.49589,-35.2194],[143.49752,-35.21827],[143.4978,-35.21819],[143.4995,-35.21827],[143.50091,-35.21812],[143.50145,-35.21795],[143.50189,-35.21695],[143.50227,-35.21649],[143.50383,-35.21564],[143.50436,-35.21512],[143.50491,-35.2139],[143.50546,-35.21386],[143.50722,-35.21414],[143.5087,-35.21383],[143.50883,-35.21368],[143.51043,-35.21309],[143.51233,-35.21252],[143.51306,-35.21247],[143.51504,-35.2129],[143.51568,-35.2129],[143.51656,-35.21254],[143.51766,-35.21173],[143.51832,-35.21162],[143.51898,-35.21189],[143.51979,-35.21272],[143.52154,-35.21539],[143.52196,-35.21624],[143.52212,-35.2174],[143.52278,-35.21831],[143.52489,-35.21975],[143.5272,-35.21972],[143.52916,-35.21992],[143.52969,-35.21967],[143.53068,-35.21869],[143.53286,-35.21831],[143.53584,-35.2171],[143.53861,-35.21681],[143.53971,-35.21646],[143.54028,-35.21642],[143.54137,-35.2166],[143.54317,-35.21648],[143.5446,-35.21573],[143.54573,-35.21472],[143.54834,-35.21379],[143.54956,-35.2126],[143.54971,-35.21214],[143.54967,-35.21168],[143.54907,-35.21072],[143.54805,-35.20986],[143.54719,-35.20839],[143.54649,-35.20762],[143.54642,-35.20676],[143.54702,-35.20617],[143.54798,-35.20602],[143.54937,-35.20605],[143.5512,-35.20557],[143.55193,-35.20554],[143.55314,-35.20572],[143.55354,-35.20566],[143.55431,-35.20532],[143.55565,-35.20437],[143.55761,-35.20383],[143.55946,-35.20272],[143.56001,-35.20273],[143.5607,-35.20302],[143.56147,-35.20315],[143.56233,-35.20299],[143.5631,-35.20257],[143.56343,-35.20251],[143.56393,-35.20263],[143.56512,-35.20385],[143.56676,-35.20464],[143.56852,-35.20594],[143.57083,-35.2069],[143.57174,-35.20769],[143.57441,-35.21085],[143.57559,-35.21195],[143.57949,-35.2138],[143.58005,-35.2143],[143.58025,-35.2151],[143.58,-35.21677],[143.58034,-35.21787],[143.581,-35.21924],[143.58098,-35.22004],[143.58045,-35.22106],[143.57974,-35.22165],[143.57805,-35.22257],[143.57728,-35.22405],[143.57617,-35.22556],[143.57589,-35.22639],[143.57598,-35.22935],[143.57624,-35.23032],[143.57658,-35.23072],[143.57801,-35.23142],[143.57808,-35.23188],[143.57737,-35.23211],[143.57612,-35.2322],[143.57528,-35.23249],[143.57468,-35.23297],[143.57449,-35.23327],[143.57405,-35.2347],[143.57295,-35.23519],[143.57163,-35.23545],[143.56909,-35.23509],[143.56717,-35.23554],[143.56532,-35.23572],[143.56447,-35.23609],[143.56391,-35.23686],[143.56418,-35.23799],[143.56581,-35.23868],[143.56656,-35.23915],[143.56671,-35.23942],[143.56671,-35.24023],[143.5665,-35.24063],[143.56561,-35.2415],[143.56478,-35.24171],[143.56392,-35.24236],[143.56366,-35.2433],[143.56372,-35.24355],[143.56412,-35.24385],[143.56507,-35.24398],[143.56755,-35.24582],[143.56875,-35.24603],[143.5696,-35.24603],[143.56982,-35.24624],[143.57007,-35.24754],[143.56986,-35.24948],[143.57013,-35.2507],[143.57155,-35.25205],[143.57181,-35.25302],[143.57179,-35.25397],[143.5721,-35.25476],[143.5726,-35.25538],[143.57408,-35.25651],[143.57388,-35.25744],[143.57281,-35.25874],[143.57256,-35.2597],[143.57204,-35.26067],[143.57186,-35.26204],[143.57215,-35.26338],[143.57208,-35.26385],[143.57099,-35.26552],[143.57115,-35.26686],[143.57169,-35.26796],[143.57258,-35.26887],[143.5734,-35.26918],[143.57383,-35.26915],[143.57467,-35.26876],[143.57512,-35.26868],[143.5752,-35.26851],[143.57513,-35.26794],[143.57441,-35.26642],[143.57459,-35.26579],[143.57513,-35.26544],[143.57601,-35.26548],[143.57631,-35.26563],[143.57799,-35.26725],[143.57845,-35.26744],[143.57988,-35.26727],[143.58095,-35.26658],[143.58141,-35.26599],[143.58235,-35.26524],[143.58303,-35.26496],[143.58351,-35.265],[143.58367,-35.26519],[143.58368,-35.26568],[143.58321,-35.26665],[143.58239,-35.26736],[143.58155,-35.26773],[143.5812,-35.26803],[143.58079,-35.26914],[143.58092,-35.26967],[143.58142,-35.27023],[143.58199,-35.27219],[143.58243,-35.27282],[143.58328,-35.27341],[143.58513,-35.27349],[143.58628,-35.27319],[143.58707,-35.27241],[143.58745,-35.27219],[143.58974,-35.27223],[143.58993,-35.2723],[143.59044,-35.27299],[143.59078,-35.27377],[143.5906,-35.27424],[143.58943,-35.27509],[143.58772,-35.27686],[143.58532,-35.27684],[143.58465,-35.27758],[143.58444,-35.27905],[143.58498,-35.27961],[143.5859,-35.27996],[143.5861,-35.28],[143.58707,-35.27953],[143.58762,-35.27955],[143.59028,-35.28035],[143.59065,-35.28077],[143.59086,-35.28166],[143.59066,-35.28205],[143.58955,-35.28299],[143.58882,-35.2834],[143.58791,-35.28368],[143.58667,-35.28465],[143.58656,-35.28481],[143.58674,-35.28647],[143.58549,-35.28651],[143.58468,-35.28627],[143.58416,-35.28627],[143.58302,-35.28679],[143.58218,-35.2877],[143.58213,-35.28798],[143.58228,-35.28848],[143.58219,-35.28893],[143.5811,-35.29023],[143.5811,-35.29052],[143.5817,-35.29161],[143.58166,-35.29216],[143.58147,-35.29261],[143.58079,-35.29315],[143.58005,-35.29412],[143.57976,-35.29482],[143.57969,-35.29561],[143.57979,-35.2959],[143.58034,-35.29642],[143.58209,-35.29744],[143.58233,-35.29771],[143.58235,-35.29801],[143.58221,-35.29828],[143.58184,-35.29837],[143.58013,-35.29796],[143.57852,-35.29786],[143.57771,-35.29799],[143.57708,-35.29841],[143.57673,-35.299],[143.57672,-35.29935],[143.57709,-35.30093],[143.57793,-35.30241],[143.57794,-35.3032],[143.57764,-35.30338],[143.57581,-35.30319],[143.57414,-35.3034],[143.57342,-35.30259],[143.57239,-35.30177],[143.57196,-35.30153],[143.57112,-35.30132],[143.57029,-35.30137],[143.56978,-35.30159],[143.56929,-35.30201],[143.56902,-35.30245],[143.56906,-35.30282],[143.56996,-35.30359],[143.57081,-35.30388],[143.57165,-35.30439],[143.57249,-35.30533],[143.57262,-35.30566],[143.57238,-35.3061],[143.56807,-35.30808],[143.56751,-35.30857],[143.56759,-35.30995],[143.56666,-35.31256],[143.56648,-35.31387],[143.56614,-35.31443],[143.56539,-35.31495],[143.56444,-35.31536],[143.56386,-35.31586],[143.56288,-35.31802],[143.56291,-35.31913],[143.56323,-35.31978],[143.56351,-35.32144],[143.56378,-35.3222],[143.56343,-35.32286],[143.56272,-35.32313],[143.56155,-35.32418],[143.56137,-35.3246],[143.56149,-35.32529],[143.56182,-35.32574],[143.56391,-35.3271],[143.56411,-35.32743],[143.56401,-35.32868],[143.56368,-35.32941],[143.56353,-35.33036],[143.56359,-35.33099],[143.56394,-35.33145],[143.56403,-35.33204],[143.56393,-35.3326],[143.56201,-35.33584],[143.56192,-35.33661],[143.56217,-35.33752],[143.56274,-35.33831],[143.56328,-35.33864],[143.56376,-35.33913],[143.56424,-35.34018],[143.56445,-35.3411],[143.5651,-35.34223],[143.56588,-35.34272],[143.56676,-35.34362],[143.56761,-35.34375],[143.56986,-35.343],[143.57035,-35.34266],[143.57063,-35.34224],[143.57079,-35.34159],[143.57065,-35.34063],[143.57176,-35.33903],[143.57191,-35.33785],[143.57208,-35.3376],[143.57233,-35.33747],[143.57327,-35.33723],[143.57373,-35.33735],[143.57368,-35.33807],[143.57337,-35.33875],[143.57338,-35.33943],[143.57384,-35.34024],[143.57498,-35.34079],[143.57572,-35.34095],[143.57651,-35.34087],[143.57722,-35.34065],[143.5787,-35.33971],[143.57945,-35.3396],[143.57996,-35.33972],[143.58142,-35.3406],[143.58199,-35.34111],[143.58267,-35.34348],[143.58345,-35.3445],[143.58381,-35.34531],[143.58445,-35.346],[143.58576,-35.34639],[143.58739,-35.34629],[143.58809,-35.34637],[143.58872,-35.34664],[143.58942,-35.34715],[143.58957,-35.34743],[143.58936,-35.34852],[143.58953,-35.34954],[143.59034,-35.35035],[143.59064,-35.35047],[143.59115,-35.35047],[143.59271,-35.35025],[143.59344,-35.35026],[143.59625,-35.35045],[143.59845,-35.35211],[143.59873,-35.35243],[143.59871,-35.35295],[143.59851,-35.35337],[143.5975,-35.35463],[143.59756,-35.3552],[143.59802,-35.3557],[143.59945,-35.35615],[143.59971,-35.35645],[143.6,-35.35775],[143.60037,-35.35841],[143.60139,-35.3593],[143.60222,-35.35969],[143.60242,-35.3599],[143.6029,-35.36077],[143.60278,-35.36124],[143.60376,-35.36214],[143.60369,-35.36278],[143.6026,-35.36413],[143.60272,-35.36499],[143.60302,-35.36541],[143.60349,-35.36566],[143.6041,-35.36564],[143.60545,-35.36511],[143.60582,-35.36507],[143.60639,-35.36524],[143.60724,-35.36591],[143.60846,-35.36658],[143.60862,-35.36677],[143.60851,-35.36808],[143.60868,-35.36897],[143.60916,-35.36966],[143.60975,-35.37002],[143.61021,-35.36994],[143.61056,-35.36973],[143.61284,-35.36788],[143.61361,-35.36767],[143.61417,-35.36775],[143.61543,-35.36838],[143.61604,-35.36888],[143.61606,-35.36976],[143.61585,-35.37045],[143.61593,-35.37104],[143.61658,-35.37191],[143.61658,-35.37209],[143.61551,-35.3734],[143.61528,-35.37458],[143.6135,-35.3759],[143.61332,-35.37696],[143.61357,-35.37738],[143.61449,-35.37781],[143.61491,-35.37819],[143.61552,-35.3795],[143.61635,-35.38043],[143.61697,-35.38091],[143.61866,-35.38175],[143.61901,-35.38205],[143.6194,-35.38306],[143.61878,-35.38428],[143.61871,-35.38526],[143.61882,-35.38565],[143.61955,-35.38686],[143.62042,-35.38768],[143.62113,-35.388],[143.62317,-35.38842],[143.62396,-35.38836],[143.62469,-35.3879],[143.62495,-35.38753],[143.62495,-35.38713],[143.62406,-35.38479],[143.62403,-35.3837],[143.62415,-35.3831],[143.62448,-35.38247],[143.6263,-35.38096],[143.62727,-35.38089],[143.62766,-35.38108],[143.62869,-35.38281],[143.62909,-35.38406],[143.62992,-35.38477],[143.63056,-35.38473],[143.63113,-35.38449],[143.63256,-35.38338],[143.63302,-35.38347],[143.6337,-35.38476],[143.63467,-35.38574],[143.63475,-35.38629],[143.63464,-35.38658],[143.63251,-35.38842],[143.63167,-35.38869],[143.63094,-35.38931],[143.63031,-35.3905],[143.62973,-35.39112],[143.62934,-35.39175],[143.62931,-35.39219],[143.62968,-35.39273],[143.63047,-35.39306],[143.63072,-35.39328],[143.63094,-35.3938],[143.63095,-35.39493],[143.63124,-35.39551],[143.63249,-35.39629],[143.63315,-35.39637],[143.6342,-35.39674],[143.63536,-35.39674],[143.63713,-35.39603],[143.63765,-35.39609],[143.63822,-35.39668],[143.63946,-35.40005],[143.64004,-35.40086],[143.64069,-35.40113],[143.64234,-35.40104],[143.64322,-35.40066],[143.64428,-35.39966],[143.64573,-35.39957],[143.64689,-35.39909],[143.64751,-35.39855],[143.64786,-35.39707],[143.6483,-35.39617],[143.64896,-35.39543],[143.6494,-35.39532],[143.65243,-35.39545],[143.65342,-35.3952],[143.65387,-35.39488],[143.65393,-35.39452],[143.65367,-35.39425],[143.65301,-35.39235],[143.6524,-35.39143],[143.65466,-35.39133],[143.65535,-35.39111],[143.65563,-35.39089],[143.65592,-35.39027],[143.6557,-35.38898],[143.65632,-35.38797],[143.6569,-35.38656],[143.65714,-35.385],[143.65762,-35.38492],[143.65933,-35.38564],[143.66048,-35.38593],[143.66217,-35.38564],[143.66296,-35.38501],[143.66329,-35.38499],[143.66388,-35.3855],[143.66654,-35.38654],[143.66737,-35.38638],[143.66808,-35.38574],[143.66821,-35.38503],[143.66795,-35.38435],[143.66754,-35.38396],[143.66653,-35.38342],[143.66602,-35.38279],[143.66578,-35.38219],[143.66583,-35.38193],[143.66658,-35.38088],[143.66688,-35.37981],[143.66678,-35.37914],[143.66647,-35.37881],[143.6645,-35.37797],[143.66415,-35.37767],[143.66426,-35.37746],[143.6661,-35.37705],[143.66665,-35.37645],[143.66679,-35.37609],[143.66675,-35.37461],[143.66692,-35.3736],[143.66749,-35.37143],[143.66788,-35.37117],[143.67213,-35.37105],[143.67397,-35.37172],[143.67441,-35.37172],[143.67551,-35.37087],[143.67645,-35.37069],[143.67687,-35.37175],[143.67834,-35.37314],[143.67898,-35.37349],[143.6803,-35.37382],[143.68263,-35.37409],[143.68316,-35.37389],[143.68335,-35.37349],[143.68324,-35.37286],[143.68341,-35.37144],[143.6833,-35.3705],[143.68288,-35.36963],[143.6828,-35.36903],[143.68304,-35.3687],[143.68422,-35.36818],[143.68522,-35.36829],[143.68652,-35.36934],[143.68751,-35.36971],[143.68875,-35.37129],[143.68897,-35.37182],[143.68896,-35.37268],[143.68929,-35.37349],[143.68894,-35.37516],[143.68942,-35.37601],[143.68924,-35.37682],[143.68932,-35.37729],[143.68977,-35.37757],[143.69027,-35.37769],[143.6924,-35.37766],[143.69286,-35.37788],[143.69305,-35.37937],[143.69232,-35.38181],[143.6923,-35.38232],[143.69254,-35.38341],[143.69315,-35.38392],[143.69344,-35.38405],[143.69565,-35.38426],[143.697,-35.38379],[143.69739,-35.38347],[143.69764,-35.38304],[143.69777,-35.38177],[143.69795,-35.38129],[143.69905,-35.38017],[143.6994,-35.38001],[143.70081,-35.37973],[143.70088,-35.37891],[143.70112,-35.3783],[143.70161,-35.37787],[143.70235,-35.3777],[143.70303,-35.37795],[143.70376,-35.37869],[143.704,-35.3794],[143.70393,-35.38045],[143.7014,-35.38628],[143.70129,-35.38702],[143.70169,-35.38794],[143.70335,-35.38941],[143.70434,-35.38959],[143.70476,-35.38948],[143.70555,-35.38897],[143.7059,-35.38847],[143.7058,-35.38742],[143.70599,-35.38699],[143.70621,-35.38681],[143.70709,-35.38666],[143.70775,-35.38641],[143.70857,-35.38466],[143.70914,-35.38395],[143.70961,-35.38389],[143.71015,-35.38414],[143.71136,-35.38446],[143.71168,-35.38469],[143.71192,-35.38503],[143.71203,-35.38595],[143.71179,-35.38664],[143.71036,-35.38745],[143.70979,-35.38789],[143.70923,-35.3886],[143.70913,-35.38994],[143.70854,-35.39119],[143.70843,-35.39177],[143.70852,-35.39204],[143.70917,-35.39254],[143.70973,-35.39267],[143.71048,-35.39266],[143.71113,-35.39251],[143.71219,-35.39204],[143.7128,-35.39249],[143.71355,-35.39281],[143.71504,-35.39291],[143.71837,-35.39238],[143.72295,-35.3909],[143.72543,-35.39056],[143.72677,-35.39017],[143.72803,-35.39071],[143.72842,-35.39076],[143.72953,-35.39051],[143.73044,-35.39051],[143.73066,-35.39194],[143.73159,-35.39367],[143.73205,-35.39408],[143.73282,-35.39402],[143.73411,-35.39308],[143.73446,-35.39292],[143.73499,-35.39286],[143.73688,-35.39285],[143.73821,-35.39336],[143.73909,-35.39358],[143.73963,-35.39359],[143.74004,-35.39343],[143.74077,-35.39283],[143.74131,-35.39177],[143.74275,-35.39151],[143.74416,-35.39064],[143.74465,-35.38987],[143.74483,-35.38902],[143.74503,-35.38871],[143.74503,-35.38827],[143.74472,-35.38788],[143.74459,-35.38681],[143.74492,-35.38646],[143.74552,-35.38631],[143.74576,-35.38655],[143.74576,-35.38738],[143.74553,-35.38839],[143.74588,-35.38866],[143.74646,-35.3886],[143.74718,-35.38818],[143.74865,-35.38781],[143.74991,-35.38775],[143.751,-35.38784],[143.75146,-35.3882],[143.75152,-35.3884],[143.75111,-35.39015],[143.75112,-35.39116],[143.75158,-35.39246],[143.75202,-35.3926],[143.75308,-35.39237],[143.75374,-35.39239],[143.75415,-35.39252],[143.75517,-35.39303],[143.75637,-35.39406],[143.75721,-35.39452],[143.75769,-35.39458],[143.75877,-35.39406],[143.76026,-35.3933],[143.76231,-35.39201],[143.76349,-35.39211],[143.76439,-35.39258],[143.76464,-35.39281],[143.76472,-35.39337],[143.76349,-35.39641],[143.76357,-35.39834],[143.76307,-35.39927],[143.76286,-35.40002],[143.76289,-35.40059],[143.76321,-35.40088],[143.76378,-35.40109],[143.76524,-35.40078],[143.76574,-35.40078],[143.76791,-35.40118],[143.76846,-35.40141],[143.76882,-35.40181],[143.76883,-35.40248],[143.76861,-35.40282],[143.76739,-35.40353],[143.76697,-35.40405],[143.76716,-35.40674],[143.76751,-35.40714],[143.76773,-35.40724],[143.76821,-35.40701],[143.76865,-35.40739],[143.76881,-35.40794],[143.7686,-35.40842],[143.76834,-35.40863],[143.76694,-35.40873],[143.76606,-35.409],[143.76577,-35.40915],[143.76538,-35.4098],[143.765,-35.41005],[143.76335,-35.40965],[143.76259,-35.40975],[143.76155,-35.41028],[143.76096,-35.4108],[143.76028,-35.41174],[143.75974,-35.41382],[143.75893,-35.41501],[143.75877,-35.41567],[143.75891,-35.41671],[143.75952,-35.41728],[143.76022,-35.41749],[143.76084,-35.41751],[143.76139,-35.41737],[143.76442,-35.41563],[143.76543,-35.41559],[143.76596,-35.41586],[143.76604,-35.41727],[143.76567,-35.41817],[143.76318,-35.42012],[143.76245,-35.42137],[143.76237,-35.42227],[143.76285,-35.42307],[143.76384,-35.42358],[143.7648,-35.42362],[143.76537,-35.4235],[143.76746,-35.42222],[143.76825,-35.42189],[143.76889,-35.4218],[143.76974,-35.42205],[143.77045,-35.42269],[143.77089,-35.42344],[143.77139,-35.42378],[143.77196,-35.42395],[143.7737,-35.42372],[143.77668,-35.42406],[143.77886,-35.42362],[143.77998,-35.42381],[143.78098,-35.42377],[143.7814,-35.42358],[143.782,-35.42295],[143.78272,-35.42274],[143.78406,-35.42333],[143.78535,-35.42344],[143.78711,-35.4225],[143.78922,-35.42233],[143.79012,-35.42248],[143.79036,-35.4229],[143.79021,-35.42387],[143.79029,-35.42483],[143.79047,-35.42508],[143.7922,-35.42563],[143.7926,-35.42601],[143.79304,-35.42677],[143.79336,-35.42851],[143.79365,-35.42935],[143.79422,-35.42971],[143.79476,-35.42981],[143.79604,-35.42952],[143.79646,-35.42952],[143.79689,-35.42967],[143.79865,-35.43144],[143.79943,-35.43284],[143.80016,-35.43345],[143.80259,-35.43432],[143.80312,-35.43446],[143.80378,-35.43446],[143.80431,-35.43428],[143.80519,-35.43365],[143.80585,-35.43334],[143.80859,-35.43328],[143.80966,-35.43376],[143.81047,-35.43439],[143.81127,-35.43477],[143.81293,-35.43478],[143.81359,-35.43495],[143.81462,-35.43566],[143.81539,-35.43663],[143.81802,-35.43754],[143.81879,-35.43812],[143.81905,-35.43852],[143.81907,-35.43961],[143.8185,-35.44022],[143.81676,-35.44125],[143.81566,-35.44223],[143.81395,-35.44279],[143.81336,-35.44309],[143.81303,-35.44344],[143.81247,-35.44437],[143.81236,-35.44508],[143.81243,-35.4455],[143.81302,-35.44626],[143.81361,-35.44661],[143.81506,-35.44705],[143.81555,-35.44691],[143.81678,-35.44609],[143.81787,-35.44616],[143.81937,-35.44648],[143.82013,-35.44639],[143.82152,-35.44589],[143.82215,-35.44594],[143.82251,-35.44627],[143.82255,-35.44678],[143.82173,-35.44818],[143.8218,-35.44934],[143.82243,-35.4502],[143.8256,-35.45371],[143.82703,-35.4551],[143.82797,-35.45558],[143.82907,-35.45592],[143.83061,-35.45612],[143.83357,-35.45619],[143.83394,-35.45629],[143.83541,-35.45732],[143.8371,-35.45785],[143.838,-35.45787],[143.8396,-35.45765],[143.83998,-35.45771],[143.84055,-35.45796],[143.84147,-35.45862],[143.84311,-35.46085],[143.84433,-35.46217],[143.84536,-35.46299],[143.84604,-35.46329],[143.8476,-35.46344],[143.84969,-35.46332],[143.85145,-35.46274],[143.85294,-35.46181],[143.85393,-35.46158],[143.85465,-35.46157],[143.85544,-35.46184],[143.85603,-35.46308],[143.8561,-35.46434],[143.85565,-35.46551],[143.85438,-35.4669],[143.85394,-35.46761],[143.85382,-35.46805],[143.85385,-35.46878],[143.85435,-35.46975],[143.85498,-35.4703],[143.85683,-35.4714],[143.85871,-35.47333],[143.85985,-35.47386],[143.86042,-35.47455],[143.86043,-35.4752],[143.86022,-35.47554],[143.85978,-35.4761],[143.85874,-35.47673],[143.85825,-35.47732],[143.85817,-35.47893],[143.85827,-35.47937],[143.85878,-35.47998],[143.85939,-35.48028],[143.86009,-35.48039],[143.86112,-35.48011],[143.8617,-35.47938],[143.86203,-35.47839],[143.86269,-35.47756],[143.86333,-35.47722],[143.86387,-35.47723],[143.86482,-35.47761],[143.86506,-35.47786],[143.86613,-35.47973],[143.8672,-35.48093],[143.8684,-35.48169],[143.86878,-35.48179],[143.8697,-35.48173],[143.87023,-35.48142],[143.87027,-35.48119],[143.86975,-35.47953],[143.86975,-35.47875],[143.87,-35.47827],[143.87055,-35.47779],[143.87081,-35.47772],[143.87138,-35.47783],[143.87179,-35.47825],[143.87236,-35.48016],[143.87369,-35.48141],[143.87507,-35.48231],[143.87566,-35.48542],[143.87618,-35.48598],[143.87658,-35.48617],[143.87817,-35.48666],[143.8796,-35.48727],[143.88058,-35.48729],[143.88166,-35.487],[143.88303,-35.48598],[143.88384,-35.48573],[143.88606,-35.48523],[143.8875,-35.4853],[143.88833,-35.4857],[143.89006,-35.48755],[143.89153,-35.48883],[143.89301,-35.4908],[143.89467,-35.49239],[143.89498,-35.49241],[143.89648,-35.4931],[143.89764,-35.49378],[143.89847,-35.49474],[143.89939,-35.49526],[143.89996,-35.49541],[143.90077,-35.49539],[143.90141,-35.49524],[143.90348,-35.49401],[143.90505,-35.49351],[143.90659,-35.49372],[143.90773,-35.49416],[143.90795,-35.49456],[143.90768,-35.49499],[143.90724,-35.495],[143.90575,-35.49453],[143.90505,-35.49453],[143.90415,-35.49482],[143.90388,-35.49526],[143.90397,-35.49635],[143.9044,-35.49721],[143.90486,-35.49889],[143.90545,-35.49969],[143.90618,-35.49996],[143.90675,-35.49992],[143.90753,-35.49961],[143.90826,-35.49874],[143.90878,-35.49852],[143.90905,-35.49852],[143.91014,-35.49925],[143.91076,-35.49952],[143.91177,-35.49961],[143.91236,-35.49935],[143.91254,-35.49912],[143.91256,-35.49879],[143.91241,-35.49837],[143.91142,-35.49684],[143.91147,-35.49542],[143.91169,-35.49502],[143.91222,-35.49489],[143.91259,-35.49496],[143.91403,-35.49602],[143.91508,-35.49659],[143.91692,-35.49686],[143.91727,-35.49703],[143.91736,-35.49738],[143.91652,-35.49854],[143.91652,-35.49914],[143.91703,-35.49988],[143.91769,-35.50049],[143.91826,-35.50076],[143.91879,-35.50076],[143.92107,-35.49979],[143.92205,-35.49963],[143.92247,-35.49996],[143.92284,-35.50074],[143.92313,-35.50105],[143.92405,-35.50162],[143.92455,-35.50166],[143.92718,-35.50137],[143.9283,-35.50158],[143.9299,-35.50164],[143.93135,-35.50107],[143.9322,-35.50042],[143.93273,-35.49971],[143.93317,-35.49938],[143.93433,-35.49914],[143.93505,-35.49929],[143.93558,-35.49978],[143.93565,-35.50097],[143.93547,-35.50116],[143.93475,-35.50135],[143.93367,-35.50114],[143.93313,-35.50112],[143.9328,-35.50124],[143.93256,-35.50149],[143.93225,-35.50223],[143.93225,-35.50256],[143.93255,-35.50292],[143.93282,-35.50374],[143.93266,-35.50441],[143.93271,-35.50569],[143.93335,-35.50661],[143.93438,-35.50669],[143.93486,-35.50655],[143.93586,-35.50586],[143.93615,-35.50374],[143.93676,-35.5029],[143.9374,-35.50269],[143.93938,-35.50279],[143.93988,-35.50263],[143.94133,-35.50183],[143.94192,-35.50166],[143.94258,-35.5016],[143.9444,-35.50215],[143.94584,-35.50219],[143.94681,-35.50192],[143.94742,-35.50154],[143.9481,-35.50083],[143.94883,-35.50083],[143.94995,-35.50133],[143.95054,-35.50181],[143.95177,-35.5025],[143.95207,-35.50276],[143.95233,-35.50335],[143.95306,-35.50383],[143.95444,-35.5041],[143.9569,-35.50408],[143.95898,-35.50448],[143.95999,-35.50435],[143.96073,-35.50385],[143.961,-35.50341],[143.96097,-35.50255],[143.96064,-35.5015],[143.96001,-35.50043],[143.96012,-35.49968],[143.961,-35.49899],[143.96176,-35.49894],[143.9635,-35.49974],[143.96549,-35.50218],[143.96613,-35.50264],[143.96688,-35.50289],[143.96758,-35.50283],[143.96804,-35.50264],[143.96832,-35.5023],[143.96826,-35.50188],[143.96762,-35.50123],[143.96749,-35.5009],[143.96755,-35.50048],[143.96782,-35.50029],[143.96872,-35.50002],[143.96981,-35.49998],[143.9701,-35.50008],[143.97034,-35.5005],[143.97029,-35.50275],[143.96895,-35.50425],[143.96865,-35.50528],[143.96922,-35.50644],[143.97018,-35.50772],[143.97233,-35.50899],[143.97257,-35.50923],[143.97253,-35.50958],[143.97235,-35.50977],[143.97046,-35.51055],[143.96921,-35.5108],[143.96814,-35.51046],[143.9677,-35.50929],[143.96726,-35.50868],[143.96608,-35.5083],[143.96555,-35.50828],[143.96468,-35.50851],[143.96426,-35.50878],[143.96363,-35.5096],[143.96255,-35.51272],[143.96244,-35.51398],[143.96283,-35.51478],[143.96318,-35.51519],[143.9645,-35.51643],[143.96583,-35.51713],[143.96645,-35.51782],[143.96748,-35.51834],[143.96873,-35.5186],[143.96965,-35.51906],[143.97094,-35.52002],[143.97098,-35.52076],[143.96965,-35.5221],[143.96932,-35.52308],[143.9694,-35.52327],[143.96995,-35.52369],[143.97074,-35.52403],[143.97151,-35.52474],[143.97221,-35.52627],[143.9726,-35.52766],[143.97383,-35.53015],[143.97378,-35.5307],[143.97402,-35.53093],[143.97407,-35.53137],[143.97466,-35.53256],[143.97587,-35.53351],[143.97694,-35.53399],[143.97788,-35.53414],[143.98178,-35.53404],[143.98628,-35.53435],[143.98674,-35.53444],[143.98794,-35.53503],[143.98926,-35.53536],[143.98958,-35.53538],[143.99018,-35.53507],[143.99105,-35.53427],[143.99138,-35.53413],[143.99243,-35.53409],[143.99581,-35.53499],[143.99673,-35.53594],[143.99693,-35.53677],[143.99688,-35.53944],[143.99633,-35.54063],[143.9957,-35.54136],[143.99563,-35.5422],[143.99589,-35.54271],[143.99644,-35.54327],[143.99845,-35.54405],[143.99894,-35.54435],[143.99922,-35.54476],[143.99922,-35.54537],[143.99906,-35.54577],[143.99799,-35.54722],[143.99714,-35.54797],[143.99635,-35.54927],[143.99363,-35.55049],[143.99242,-35.55057],[143.99113,-35.55151],[143.98959,-35.55296],[143.98939,-35.55319],[143.98928,-35.55371],[143.98952,-35.5543],[143.98987,-35.55466],[143.99156,-35.55533],[143.99229,-35.55608],[143.99299,-35.55644],[143.99397,-35.55632],[143.99454,-35.55594],[143.99496,-35.55588],[143.99641,-35.55588],[143.99671,-35.55598],[143.99789,-35.55716],[144.00076,-35.55869],[144.00177,-35.55979],[144.00242,-35.56016],[144.00307,-35.56081],[144.0045,-35.56144],[144.00677,-35.56196],[144.0086,-35.56315],[144.00965,-35.56331],[144.01161,-35.56306],[144.01203,-35.56274],[144.0123,-35.5623],[144.01233,-35.56123],[144.01214,-35.56067],[144.01157,-35.56016],[144.00967,-35.55924],[144.00942,-35.55878],[144.00941,-35.55806],[144.01129,-35.55531],[144.0127,-35.55407],[144.01324,-35.55402],[144.01435,-35.55455],[144.01516,-35.55468],[144.01594,-35.5544],[144.01728,-35.55335],[144.01823,-35.55299],[144.01889,-35.55295],[144.02154,-35.55373],[144.02343,-35.55404],[144.02662,-35.5551],[144.0276,-35.55533],[144.0285,-35.5562],[144.02884,-35.55632],[144.0294,-35.55632],[144.03002,-35.55617],[144.03025,-35.55586],[144.03061,-35.55443],[144.03081,-35.5542],[144.0312,-35.55391],[144.03183,-35.55383],[144.03232,-35.55404],[144.03243,-35.55477],[144.03273,-35.55531],[144.03324,-35.55568],[144.03408,-35.55597],[144.03456,-35.55572],[144.03589,-35.55458],[144.03664,-35.55363],[144.0369,-35.55275],[144.03692,-35.55146],[144.03729,-35.55046],[144.03765,-35.54991],[144.03826,-35.54941],[144.03922,-35.54926],[144.03978,-35.5497],[144.04001,-35.55029],[144.03971,-35.55113],[144.03891,-35.55192],[144.03865,-35.55243],[144.03876,-35.55344],[144.03949,-35.55437],[144.04063,-35.55532],[144.04148,-35.5558],[144.04242,-35.5558],[144.0432,-35.55539],[144.04373,-35.55448],[144.0439,-35.5535],[144.04386,-35.55283],[144.044,-35.55258],[144.04499,-35.55217],[144.04527,-35.55216],[144.04593,-35.55234],[144.04611,-35.55257],[144.04589,-35.55367],[144.0459,-35.5544],[144.04745,-35.55563],[144.04788,-35.55629],[144.04779,-35.55679],[144.04723,-35.55773],[144.04659,-35.56005],[144.04664,-35.56115],[144.04646,-35.56232],[144.0468,-35.56314],[144.04727,-35.56335],[144.04869,-35.56364],[144.05035,-35.56484],[144.05341,-35.56501],[144.05373,-35.56511],[144.05552,-35.56638],[144.05756,-35.567],[144.05842,-35.56813],[144.0598,-35.5687],[144.0625,-35.56934],[144.06287,-35.56951],[144.06396,-35.57055],[144.0642,-35.57092],[144.06417,-35.57119],[144.0625,-35.57261],[144.06217,-35.57353],[144.06199,-35.57632],[144.06229,-35.57677],[144.06289,-35.57677],[144.06357,-35.57705],[144.06383,-35.57697],[144.06441,-35.57704],[144.06608,-35.57766],[144.06762,-35.57867],[144.06819,-35.58002],[144.06851,-35.58022],[144.06964,-35.58025],[144.06999,-35.5799],[144.07064,-35.57838],[144.07132,-35.57822],[144.07185,-35.57831],[144.07208,-35.57862],[144.07213,-35.57981],[144.07258,-35.58056],[144.07338,-35.5808],[144.07549,-35.58093],[144.07585,-35.58104],[144.07703,-35.58213],[144.07812,-35.58338],[144.07904,-35.58407],[144.07963,-35.58434],[144.08057,-35.58453],[144.08135,-35.58453],[144.08257,-35.58434],[144.08358,-35.5845],[144.08584,-35.58433],[144.08695,-35.58475],[144.0884,-35.58559],[144.0897,-35.58614],[144.09107,-35.5871],[144.09205,-35.58754],[144.09365,-35.58766],[144.09555,-35.58716],[144.09632,-35.58707],[144.09674,-35.58726],[144.0974,-35.58821],[144.09817,-35.58884],[144.09909,-35.58885],[144.09987,-35.58865],[144.10057,-35.58881],[144.10073,-35.58896],[144.10089,-35.5897],[144.10144,-35.59091],[144.10203,-35.59156],[144.10261,-35.5917],[144.10324,-35.5916],[144.10376,-35.59138],[144.10443,-35.59077],[144.10472,-35.59067],[144.10502,-35.59078],[144.10577,-35.59169],[144.10546,-35.5937],[144.1061,-35.59476],[144.1062,-35.59539],[144.10488,-35.59597],[144.10377,-35.59667],[144.10336,-35.59725],[144.10334,-35.59806],[144.10393,-35.59836],[144.10423,-35.59837],[144.10512,-35.59802],[144.10607,-35.59787],[144.10691,-35.59805],[144.10745,-35.59832],[144.10846,-35.59851],[144.10951,-35.59831],[144.10983,-35.59836],[144.11109,-35.59894],[144.11068,-35.59933],[144.10956,-35.59939],[144.1092,-35.59965],[144.1089,-35.60023],[144.10883,-35.60074],[144.10897,-35.60125],[144.1097,-35.60213],[144.11045,-35.6025],[144.11295,-35.60189],[144.11328,-35.60194],[144.11351,-35.60216],[144.11327,-35.60384],[144.11339,-35.6044],[144.1135,-35.60475],[144.11407,-35.60503],[144.11416,-35.60534],[144.11349,-35.6056],[144.11262,-35.60567],[144.11199,-35.60593],[144.11112,-35.60666],[144.11097,-35.6071],[144.11102,-35.60744],[144.11139,-35.60834],[144.11188,-35.60893],[144.11451,-35.61041],[144.11589,-35.61286],[144.11603,-35.61369],[144.11593,-35.61461],[144.11499,-35.61502],[144.11428,-35.61556],[144.11375,-35.61615],[144.11357,-35.61672],[144.11362,-35.61776],[144.11446,-35.6188],[144.11482,-35.61971],[144.11541,-35.62015],[144.11622,-35.62039],[144.11681,-35.62034],[144.11786,-35.61985],[144.11817,-35.61984],[144.11864,-35.61998],[144.11938,-35.62045],[144.11989,-35.62102],[144.11977,-35.62144],[144.11893,-35.62217],[144.11824,-35.62327],[144.1173,-35.62439],[144.11722,-35.62476],[144.11755,-35.62593],[144.11912,-35.62741],[144.12056,-35.62776],[144.1213,-35.62818],[144.12365,-35.63054],[144.12562,-35.63125],[144.12636,-35.63164],[144.1268,-35.63212],[144.12677,-35.63308],[144.12696,-35.63372],[144.12776,-35.63457],[144.12816,-35.63473],[144.12877,-35.63465],[144.13006,-35.63346],[144.13048,-35.63325],[144.13091,-35.63328],[144.13145,-35.63351],[144.13136,-35.63397],[144.13067,-35.63492],[144.13047,-35.63558],[144.13076,-35.63654],[144.13141,-35.63776],[144.13167,-35.63858],[144.13112,-35.63987],[144.13115,-35.6402],[144.13149,-35.64076],[144.13195,-35.64106],[144.13296,-35.64134],[144.13335,-35.64121],[144.13418,-35.6406],[144.13506,-35.64019],[144.13572,-35.64003],[144.1372,-35.64034],[144.13799,-35.64074],[144.13864,-35.64123],[144.13928,-35.64195],[144.13962,-35.64346],[144.14036,-35.64479],[144.14046,-35.64609],[144.1407,-35.64661],[144.14111,-35.6469],[144.14293,-35.64725],[144.14408,-35.64711],[144.14668,-35.64726],[144.14742,-35.64715],[144.14788,-35.64676],[144.1481,-35.64631],[144.1481,-35.64553],[144.14757,-35.64511],[144.14664,-35.64502],[144.14649,-35.64485],[144.14657,-35.64451],[144.14687,-35.64435],[144.14823,-35.64413],[144.14997,-35.6429],[144.15061,-35.64263],[144.15212,-35.64245],[144.15263,-35.64268],[144.15259,-35.64304],[144.15221,-35.64338],[144.14975,-35.64473],[144.14949,-35.64516],[144.14945,-35.64574],[144.14957,-35.64604],[144.15022,-35.64657],[144.15053,-35.64668],[144.15122,-35.64664],[144.15234,-35.64625],[144.15326,-35.64607],[144.15355,-35.64615],[144.15392,-35.64724],[144.15435,-35.64772],[144.15535,-35.64837],[144.15601,-35.64912],[144.15672,-35.65026],[144.15702,-35.65108],[144.15682,-35.65152],[144.15651,-35.65176],[144.15595,-35.65067],[144.15549,-35.65015],[144.15483,-35.64994],[144.154,-35.65007],[144.15368,-35.65032],[144.153,-35.65165],[144.15168,-35.65253],[144.15145,-35.65284],[144.15146,-35.65335],[144.15168,-35.65374],[144.15282,-35.65441],[144.15324,-35.65489],[144.15363,-35.65558],[144.15365,-35.65658],[144.15379,-35.65689],[144.15443,-35.65748],[144.15479,-35.65765],[144.15779,-35.65774],[144.15818,-35.65791],[144.15845,-35.65819],[144.15857,-35.65857],[144.15828,-35.65936],[144.15816,-35.66045],[144.1583,-35.66135],[144.15882,-35.66196],[144.16042,-35.66315],[144.16093,-35.66375],[144.16113,-35.66611],[144.16162,-35.6669],[144.16237,-35.66752],[144.1626,-35.66798],[144.16206,-35.6692],[144.16185,-35.6701],[144.16192,-35.67099],[144.16235,-35.67153],[144.16334,-35.67189],[144.16437,-35.67189],[144.16624,-35.67099],[144.1668,-35.67083],[144.1673,-35.67093],[144.16764,-35.67132],[144.16868,-35.67195],[144.17013,-35.67202],[144.17182,-35.67185],[144.17211,-35.672],[144.17299,-35.67403],[144.17344,-35.67433],[144.17443,-35.67456],[144.17492,-35.67441],[144.17601,-35.67291],[144.17679,-35.6724],[144.17756,-35.67243],[144.17874,-35.67321],[144.1803,-35.67347],[144.18119,-35.6732],[144.18195,-35.67268],[144.18357,-35.6721],[144.18547,-35.67049],[144.18614,-35.67033],[144.18679,-35.67043],[144.1872,-35.67075],[144.18723,-35.67099],[144.1866,-35.67209],[144.18656,-35.67242],[144.18674,-35.67287],[144.18712,-35.67315],[144.18766,-35.67334],[144.18888,-35.67315],[144.18924,-35.67321],[144.18994,-35.6739],[144.18983,-35.67411],[144.18793,-35.67405],[144.1868,-35.67457],[144.18645,-35.67523],[144.18648,-35.6758],[144.18722,-35.67632],[144.18806,-35.67659],[144.18912,-35.67623],[144.18966,-35.67675],[144.1883,-35.67857],[144.18813,-35.67932],[144.18835,-35.68058],[144.18879,-35.68096],[144.19013,-35.6813],[144.19051,-35.68122],[144.19133,-35.68072],[144.19154,-35.68077],[144.19234,-35.68185],[144.19386,-35.68277],[144.194,-35.68315],[144.19428,-35.68331],[144.19432,-35.68461],[144.19454,-35.68516],[144.19514,-35.68586],[144.19581,-35.68604],[144.1969,-35.68601],[144.19874,-35.6865],[144.19936,-35.6865],[144.20022,-35.68613],[144.20111,-35.68502],[144.20159,-35.68465],[144.20278,-35.68439],[144.2034,-35.68472],[144.20343,-35.68506],[144.20289,-35.68639],[144.20291,-35.68698],[144.20314,-35.68729],[144.20389,-35.68776],[144.2045,-35.68776],[144.20519,-35.68742],[144.20641,-35.68588],[144.20662,-35.68578],[144.207,-35.68584],[144.20754,-35.68696],[144.20829,-35.68742],[144.21048,-35.68749],[144.21194,-35.68711],[144.2129,-35.68657],[144.21323,-35.68653],[144.21348,-35.68667],[144.21383,-35.68709],[144.21399,-35.68795],[144.21443,-35.68893],[144.2143,-35.69049],[144.21469,-35.69158],[144.21514,-35.69213],[144.21579,-35.69247],[144.21647,-35.69257],[144.21776,-35.69233],[144.21956,-35.6924],[144.22057,-35.69276],[144.22118,-35.69313],[144.22151,-35.69346],[144.22165,-35.69395],[144.22148,-35.69435],[144.22038,-35.69481],[144.21839,-35.69495],[144.21744,-35.6952],[144.21682,-35.69558],[144.21621,-35.6963],[144.21607,-35.69674],[144.21616,-35.69708],[144.21667,-35.69776],[144.21712,-35.698],[144.2181,-35.69783],[144.21888,-35.69787],[144.21949,-35.69832],[144.2197,-35.69888],[144.2196,-35.69907],[144.21914,-35.69936],[144.21669,-35.70015],[144.21616,-35.70058],[144.21574,-35.70115],[144.21505,-35.70449],[144.21595,-35.70648],[144.217,-35.70732],[144.21746,-35.70756],[144.21846,-35.70789],[144.22006,-35.70809],[144.22142,-35.70848],[144.2231,-35.70983],[144.22564,-35.71026],[144.22779,-35.71245],[144.2286,-35.71303],[144.22902,-35.71407],[144.22953,-35.71469],[144.23057,-35.71545],[144.2333,-35.71619],[144.23769,-35.71859],[144.23891,-35.71872],[144.24152,-35.71861],[144.24289,-35.71883],[144.24348,-35.71919],[144.24411,-35.72002],[144.24518,-35.72071],[144.24598,-35.72083],[144.24758,-35.72069],[144.24815,-35.72103],[144.24841,-35.7215],[144.2473,-35.72292],[144.24707,-35.72354],[144.24708,-35.72457],[144.24796,-35.72626],[144.24744,-35.72908],[144.24757,-35.72939],[144.24798,-35.72996],[144.24948,-35.73058],[144.24992,-35.73056],[144.25128,-35.72987],[144.25236,-35.72957],[144.2528,-35.72962],[144.2533,-35.72999],[144.25327,-35.73016],[144.25252,-35.73088],[144.25187,-35.73173],[144.25162,-35.73258],[144.25193,-35.73332],[144.25275,-35.7339],[144.25391,-35.7344],[144.2544,-35.73479],[144.25475,-35.73528],[144.25476,-35.7356],[144.25403,-35.73681],[144.25381,-35.73746],[144.25394,-35.73836],[144.2545,-35.739],[144.25525,-35.73946],[144.25633,-35.7399],[144.25892,-35.74178],[144.25969,-35.7435],[144.26006,-35.74404],[144.26204,-35.746],[144.26164,-35.74716],[144.26111,-35.74796],[144.26108,-35.7486],[144.26135,-35.74913],[144.26265,-35.74974],[144.2645,-35.7514],[144.26543,-35.75202],[144.26623,-35.75236],[144.26725,-35.75331],[144.26827,-35.75396],[144.26891,-35.75418],[144.26966,-35.75423],[144.27026,-35.75409],[144.27082,-35.75381],[144.27136,-35.75297],[144.27133,-35.751],[144.27144,-35.7507],[144.27228,-35.74923],[144.27344,-35.74778],[144.27435,-35.74637],[144.27489,-35.746],[144.27663,-35.74557],[144.27734,-35.74526],[144.27785,-35.74494],[144.27829,-35.74441],[144.27858,-35.74372],[144.27834,-35.74285],[144.27778,-35.74179],[144.27767,-35.74102],[144.27784,-35.74075],[144.27854,-35.74054],[144.27983,-35.74067],[144.28046,-35.74061],[144.28134,-35.74037],[144.2823,-35.73994],[144.28356,-35.73893],[144.28499,-35.73726],[144.28554,-35.73695],[144.28613,-35.73691],[144.28643,-35.73702],[144.28834,-35.73827],[144.28939,-35.73855],[144.29019,-35.73851],[144.29147,-35.73818],[144.2928,-35.738],[144.2951,-35.73717],[144.29606,-35.73709],[144.29648,-35.73723],[144.29669,-35.73748],[144.29675,-35.73836],[144.29698,-35.739],[144.29742,-35.73965],[144.29836,-35.74014],[144.30036,-35.74068],[144.30091,-35.74112],[144.30119,-35.74176],[144.30128,-35.74299],[144.30098,-35.74433],[144.3001,-35.74559],[144.29702,-35.7485],[144.29532,-35.74962],[144.29452,-35.75071],[144.29432,-35.75127],[144.2943,-35.753],[144.29462,-35.75382],[144.29528,-35.75438],[144.29592,-35.75461],[144.29704,-35.75454],[144.2975,-35.7541],[144.298,-35.75208],[144.29883,-35.75174],[144.29999,-35.75179],[144.30066,-35.75225],[144.30172,-35.75335],[144.30243,-35.75435],[144.30301,-35.75564],[144.30342,-35.7562],[144.30487,-35.75723],[144.30578,-35.75735],[144.30676,-35.75724],[144.3074,-35.75695],[144.30799,-35.75638],[144.30827,-35.75562],[144.30853,-35.75359],[144.30925,-35.75145],[144.3099,-35.75031],[144.31066,-35.74969],[144.31171,-35.74944],[144.3128,-35.74959],[144.31377,-35.75014],[144.31386,-35.7503],[144.31386,-35.75078],[144.31284,-35.75336],[144.31279,-35.7545],[144.31297,-35.75541],[144.31335,-35.75607],[144.31397,-35.75673],[144.31467,-35.75701],[144.31578,-35.75691],[144.31646,-35.75652],[144.31664,-35.75576],[144.31647,-35.75336],[144.31666,-35.75289],[144.31702,-35.75249],[144.31778,-35.75213],[144.31914,-35.75223],[144.32053,-35.75271],[144.32315,-35.75327],[144.32429,-35.75322],[144.32587,-35.75276],[144.32667,-35.75265],[144.32783,-35.75265],[144.32873,-35.75311],[144.32912,-35.75374],[144.32885,-35.75491],[144.32796,-35.75575],[144.32714,-35.75628],[144.32657,-35.75645],[144.32453,-35.75649],[144.32343,-35.7567],[144.32247,-35.7572],[144.32164,-35.75789],[144.32138,-35.75844],[144.32147,-35.75924],[144.32238,-35.76083],[144.32269,-35.76166],[144.32273,-35.76275],[144.32257,-35.76344],[144.32233,-35.76402],[144.32207,-35.76425],[144.32022,-35.76426],[144.31941,-35.76442],[144.31882,-35.76477],[144.31839,-35.76523],[144.31832,-35.76564],[144.31837,-35.76608],[144.31865,-35.76658],[144.3205,-35.76723],[144.32262,-35.76857],[144.32333,-35.76868],[144.32447,-35.76862],[144.32501,-35.76828],[144.3264,-35.7664],[144.32755,-35.76553],[144.3288,-35.76506],[144.32984,-35.76483],[144.33102,-35.76498],[144.33153,-35.76519],[144.33245,-35.76598],[144.33285,-35.76667],[144.33338,-35.76823],[144.33403,-35.76938],[144.33489,-35.77014],[144.33587,-35.77042],[144.3364,-35.77039],[144.3369,-35.77022],[144.33751,-35.76972],[144.33837,-35.76837],[144.33865,-35.76753],[144.33892,-35.76573],[144.33931,-35.76497],[144.33995,-35.76436],[144.34045,-35.76408],[144.34118,-35.76387],[144.34152,-35.7639],[144.34219,-35.76412],[144.34231,-35.76463],[144.34075,-35.76806],[144.34057,-35.7693],[144.34062,-35.76995],[144.34096,-35.77063],[144.34157,-35.77124],[144.34194,-35.77142],[144.34295,-35.77155],[144.34332,-35.77155],[144.34394,-35.77133],[144.34483,-35.7707],[144.34651,-35.76794],[144.34698,-35.76741],[144.34831,-35.76692],[144.34892,-35.76698],[144.34911,-35.76714],[144.34937,-35.76792],[144.34928,-35.76931],[144.34955,-35.77046],[144.34952,-35.77151],[144.34923,-35.77209],[144.34826,-35.77269],[144.34718,-35.77363],[144.34688,-35.77418],[144.34684,-35.77464],[144.34725,-35.77549],[144.34764,-35.77585],[144.348,-35.776],[144.34906,-35.77591],[144.35036,-35.77552],[144.35223,-35.77523],[144.35281,-35.77532],[144.35326,-35.77572],[144.35335,-35.77716],[144.35315,-35.77821],[144.35196,-35.78098],[144.35144,-35.78261],[144.35143,-35.78453],[144.35155,-35.78507],[144.35198,-35.78569],[144.35218,-35.78625],[144.35241,-35.78644],[144.35363,-35.78704],[144.35451,-35.78718],[144.35502,-35.78711],[144.35712,-35.7857],[144.35889,-35.78483],[144.35997,-35.7846],[144.36028,-35.78481],[144.36031,-35.78542],[144.35941,-35.78603],[144.35881,-35.78626],[144.35742,-35.78641],[144.35618,-35.78689],[144.35538,-35.788],[144.35534,-35.78848],[144.35565,-35.78907],[144.35618,-35.78946],[144.35987,-35.79088],[144.36184,-35.7921],[144.36222,-35.79276],[144.36184,-35.79395],[144.3618,-35.7947],[144.36191,-35.7952],[144.36233,-35.79583],[144.36286,-35.79615],[144.3635,-35.79633],[144.36435,-35.79628],[144.36525,-35.79583],[144.36604,-35.79506],[144.36703,-35.79287],[144.36774,-35.79172],[144.36852,-35.79104],[144.37016,-35.79043],[144.37243,-35.79023],[144.37441,-35.79077],[144.37529,-35.79122],[144.3759,-35.7917],[144.37654,-35.7924],[144.37685,-35.79298],[144.37718,-35.7945],[144.37685,-35.79559],[144.37628,-35.79608],[144.37451,-35.79654],[144.37382,-35.79691],[144.37322,-35.79758],[144.37298,-35.79842],[144.37313,-35.79898],[144.37429,-35.79969],[144.37515,-35.80045],[144.37573,-35.80121],[144.37581,-35.8016],[144.37571,-35.80214],[144.37472,-35.8036],[144.37238,-35.80554],[144.37243,-35.80764],[144.37221,-35.80834],[144.37153,-35.80883],[144.37059,-35.80916],[144.36869,-35.80935],[144.36731,-35.8099],[144.36687,-35.81053],[144.36671,-35.81125],[144.36681,-35.81189],[144.36707,-35.81225],[144.36784,-35.81246],[144.37356,-35.81186],[144.37625,-35.81108],[144.37717,-35.81102],[144.37747,-35.8111],[144.37784,-35.81141],[144.378,-35.81201],[144.37796,-35.81292],[144.37749,-35.81435],[144.37729,-35.81458],[144.37671,-35.81471],[144.37423,-35.81313],[144.37365,-35.81284],[144.37309,-35.81274],[144.37043,-35.81286],[144.36887,-35.81323],[144.36813,-35.81367],[144.36701,-35.81477],[144.36614,-35.81599],[144.36538,-35.8177],[144.36521,-35.81855],[144.36476,-35.81965],[144.36481,-35.82094],[144.36532,-35.8226],[144.3666,-35.82418],[144.36746,-35.82474],[144.36871,-35.8248],[144.37079,-35.8243],[144.37126,-35.82403],[144.37183,-35.82336],[144.37212,-35.82234],[144.37106,-35.81985],[144.37097,-35.81862],[144.37113,-35.81792],[144.37155,-35.81726],[144.37182,-35.81697],[144.37244,-35.81669],[144.37307,-35.81664],[144.37363,-35.81695],[144.37379,-35.81733],[144.37381,-35.81911],[144.37425,-35.82002],[144.37524,-35.82062],[144.37601,-35.82068],[144.37845,-35.81951],[144.38023,-35.8189],[144.38148,-35.81863],[144.38233,-35.81857],[144.38286,-35.8187],[144.38371,-35.81912],[144.38412,-35.81956],[144.38437,-35.82014],[144.38431,-35.8207],[144.38391,-35.82147],[144.3835,-35.82181],[144.38305,-35.82193],[144.38224,-35.8219],[144.38133,-35.82163],[144.38042,-35.82154],[144.3795,-35.82151],[144.37899,-35.82163],[144.37846,-35.82189],[144.37771,-35.82274],[144.37554,-35.82438],[144.37482,-35.82532],[144.37436,-35.82635],[144.37427,-35.8269],[144.37496,-35.82808],[144.37585,-35.82843],[144.37892,-35.82863],[144.37943,-35.82885],[144.37939,-35.82936],[144.37909,-35.82956],[144.37872,-35.82962],[144.37777,-35.82958],[144.37724,-35.82941],[144.37643,-35.82934],[144.37487,-35.82944],[144.374,-35.8297],[144.37326,-35.83007],[144.37282,-35.83051],[144.37239,-35.83122],[144.37219,-35.83195],[144.3724,-35.83309],[144.37273,-35.83363],[144.37411,-35.83435],[144.37511,-35.83464],[144.37561,-35.83457],[144.37762,-35.83301],[144.37845,-35.83256],[144.3802,-35.8325],[144.38144,-35.83268],[144.38506,-35.83432],[144.38579,-35.8348],[144.38661,-35.83612],[144.38651,-35.83684],[144.38591,-35.83774],[144.38529,-35.83784],[144.38494,-35.83774],[144.38454,-35.83714],[144.38433,-35.83577],[144.38367,-35.83434],[144.38341,-35.83409],[144.383,-35.83397],[144.3817,-35.83383],[144.38139,-35.83445],[144.38177,-35.83672],[144.38145,-35.83708],[144.38104,-35.83709],[144.38035,-35.83691],[144.37871,-35.83588],[144.37772,-35.83551],[144.37619,-35.83526],[144.37523,-35.83535],[144.37419,-35.83578],[144.37354,-35.83643],[144.37308,-35.83728],[144.37294,-35.83815],[144.3731,-35.83882],[144.37415,-35.84009],[144.37511,-35.84071],[144.37785,-35.84157],[144.3792,-35.84166],[144.3816,-35.84151],[144.38327,-35.8416],[144.38431,-35.84192],[144.3844,-35.84228],[144.38417,-35.8425],[144.38126,-35.84245],[144.38059,-35.8435],[144.38074,-35.84395],[144.38108,-35.8442],[144.38307,-35.84494],[144.38398,-35.84541],[144.38431,-35.84578],[144.38449,-35.84656],[144.38427,-35.84708],[144.38371,-35.84771],[144.38287,-35.84907],[144.38172,-35.85021],[144.38126,-35.85145],[144.38124,-35.85194],[144.38143,-35.85242],[144.38195,-35.85276],[144.38301,-35.85292],[144.38451,-35.85375],[144.38594,-35.8548],[144.38654,-35.85509],[144.38696,-35.85509],[144.38795,-35.85466],[144.38828,-35.85426],[144.38824,-35.8519],[144.38859,-35.85091],[144.38894,-35.8506],[144.38946,-35.8504],[144.39032,-35.85055],[144.39065,-35.85092],[144.39088,-35.85163],[144.39094,-35.85237],[144.3908,-35.85339],[144.39024,-35.85544],[144.38878,-35.85735],[144.38888,-35.85848],[144.38981,-35.85922],[144.39229,-35.85988],[144.39371,-35.86051],[144.39445,-35.86066],[144.39478,-35.86063],[144.39544,-35.86031],[144.39656,-35.85937],[144.39725,-35.8594],[144.39748,-35.85964],[144.39778,-35.86185],[144.39813,-35.86241],[144.39864,-35.86267],[144.39932,-35.86278],[144.40004,-35.86228],[144.40033,-35.86104],[144.40072,-35.86044],[144.40215,-35.86041],[144.40427,-35.85995],[144.40712,-35.85846],[144.40767,-35.85832],[144.40941,-35.85826],[144.41084,-35.8585],[144.41117,-35.85867],[144.41139,-35.859],[144.41145,-35.85966],[144.41132,-35.86013],[144.41109,-35.86038],[144.41069,-35.86052],[144.41015,-35.86057],[144.40762,-35.85969],[144.40697,-35.8596],[144.4056,-35.85997],[144.40519,-35.86032],[144.40499,-35.86069],[144.40511,-35.86115],[144.40583,-35.8622],[144.40763,-35.86407],[144.40812,-35.86508],[144.4081,-35.86568],[144.40795,-35.86589],[144.40744,-35.86611],[144.40487,-35.86645],[144.40331,-35.86695],[144.4024,-35.86743],[144.40193,-35.86802],[144.40188,-35.86865],[144.40256,-35.8699],[144.40307,-35.87054],[144.40367,-35.87085],[144.40553,-35.87134],[144.40617,-35.87133],[144.40686,-35.871],[144.40818,-35.87005],[144.40904,-35.86994],[144.40978,-35.87005],[144.4102,-35.87024],[144.41072,-35.87076],[144.41094,-35.87119],[144.41088,-35.87162],[144.41059,-35.87211],[144.40976,-35.87264],[144.40895,-35.87279],[144.4079,-35.8732],[144.40668,-35.87323],[144.40539,-35.8735],[144.40488,-35.87367],[144.40405,-35.87418],[144.40374,-35.87485],[144.40367,-35.87558],[144.40384,-35.87594],[144.40423,-35.87615],[144.40471,-35.8761],[144.40756,-35.87477],[144.40835,-35.87474],[144.40865,-35.87516],[144.40835,-35.87579],[144.40738,-35.87683],[144.40621,-35.87753],[144.40513,-35.87799],[144.40431,-35.87871],[144.40383,-35.87941],[144.40363,-35.88067],[144.40425,-35.88164],[144.40504,-35.88224],[144.40583,-35.88207],[144.40656,-35.88174],[144.40756,-35.88159],[144.41032,-35.88066],[144.41151,-35.88112],[144.41167,-35.88145],[144.41144,-35.88186],[144.41016,-35.88224],[144.40892,-35.88247],[144.40825,-35.88247],[144.40769,-35.88264],[144.40704,-35.88329],[144.40688,-35.88383],[144.40747,-35.88417],[144.409,-35.88461],[144.41017,-35.88515],[144.41141,-35.8859],[144.41222,-35.88657],[144.41252,-35.88768],[144.41285,-35.89108],[144.41308,-35.89178],[144.41355,-35.89242],[144.41428,-35.89268],[144.41647,-35.89263],[144.41741,-35.89273],[144.41806,-35.89294],[144.41818,-35.89322],[144.41807,-35.89348],[144.4177,-35.89369],[144.41709,-35.89378],[144.41606,-35.89373],[144.41527,-35.89396],[144.41503,-35.89419],[144.41465,-35.895],[144.41479,-35.8954],[144.41561,-35.89561],[144.41717,-35.89671],[144.41716,-35.89704],[144.41664,-35.89804],[144.41643,-35.89814],[144.41611,-35.89803],[144.41489,-35.89718],[144.41377,-35.89674],[144.41218,-35.89671],[144.41156,-35.89686],[144.41002,-35.8976],[144.40861,-35.89881],[144.40773,-35.90001],[144.40733,-35.90163],[144.40753,-35.903],[144.40793,-35.90401],[144.40881,-35.90455],[144.40972,-35.90479],[144.41088,-35.90473],[144.41202,-35.90436],[144.41242,-35.90446],[144.41289,-35.90481],[144.41338,-35.90492],[144.41462,-35.9049],[144.41578,-35.90448],[144.41618,-35.90387],[144.41656,-35.9026],[144.41705,-35.90182],[144.41776,-35.90099],[144.41893,-35.90018],[144.42013,-35.89982],[144.42263,-35.89971],[144.4236,-35.89983],[144.42438,-35.90019],[144.42519,-35.90112],[144.42518,-35.90201],[144.42496,-35.90236],[144.42456,-35.9025],[144.42302,-35.9023],[144.42101,-35.90268],[144.41779,-35.90489],[144.41695,-35.90572],[144.41587,-35.90778],[144.41571,-35.90867],[144.41577,-35.90906],[144.41615,-35.90962],[144.41698,-35.91047],[144.41767,-35.91096],[144.41836,-35.91118],[144.42023,-35.91106],[144.4208,-35.91084],[144.42093,-35.9105],[144.42089,-35.90994],[144.42021,-35.90797],[144.42013,-35.90732],[144.42011,-35.90691],[144.42035,-35.90625],[144.42064,-35.9059],[144.42132,-35.90557],[144.42248,-35.90556],[144.42343,-35.906],[144.42377,-35.90651],[144.42383,-35.90699],[144.42314,-35.90881],[144.4228,-35.91015],[144.42276,-35.9107],[144.42298,-35.91125],[144.42295,-35.91163],[144.42356,-35.91263],[144.42383,-35.91285],[144.42449,-35.91297],[144.42592,-35.91297],[144.42632,-35.9131],[144.42675,-35.9135],[144.4269,-35.91397],[144.42686,-35.91442],[144.42608,-35.91555],[144.4259,-35.91663],[144.426,-35.9177],[144.42651,-35.91874],[144.42681,-35.91907],[144.42764,-35.91944],[144.43105,-35.91945],[144.43206,-35.91972],[144.43285,-35.92014],[144.43338,-35.92069],[144.43351,-35.92256],[144.43396,-35.92357],[144.43454,-35.92419],[144.43566,-35.92486],[144.4362,-35.92499],[144.43736,-35.925],[144.43852,-35.92468],[144.43935,-35.92465],[144.43989,-35.9252],[144.44012,-35.92588],[144.43891,-35.92813],[144.43866,-35.92915],[144.43883,-35.93045],[144.43914,-35.93116],[144.44004,-35.93199],[144.44102,-35.93265],[144.44241,-35.93294],[144.44449,-35.93237],[144.44466,-35.93212],[144.44457,-35.93175],[144.4456,-35.93114],[144.44547,-35.93344],[144.44613,-35.93487],[144.44697,-35.93553],[144.44776,-35.93567],[144.4489,-35.93538],[144.44951,-35.93538],[144.45187,-35.93697],[144.45328,-35.93715],[144.45481,-35.93664],[144.4555,-35.93654],[144.4568,-35.93594],[144.45759,-35.93574],[144.45849,-35.93649],[144.4586,-35.93696],[144.45844,-35.9384],[144.45855,-35.93881],[144.45952,-35.93947],[144.46055,-35.9396],[144.46125,-35.93919],[144.46182,-35.93841],[144.4618,-35.9375],[144.46141,-35.93573],[144.46152,-35.93498],[144.46183,-35.93442],[144.46256,-35.93391],[144.46388,-35.93336],[144.46506,-35.93317],[144.46553,-35.9332],[144.46621,-35.93334],[144.46655,-35.9336],[144.4674,-35.93443],[144.4676,-35.93507],[144.46749,-35.93547],[144.46724,-35.93573],[144.46617,-35.93623],[144.46387,-35.93803],[144.46325,-35.93924],[144.46385,-35.94058],[144.46443,-35.94117],[144.46595,-35.941],[144.46727,-35.94016],[144.46803,-35.94015],[144.46915,-35.9397],[144.47024,-35.93951],[144.4711,-35.93967],[144.47195,-35.94023],[144.47223,-35.94073],[144.4721,-35.94155],[144.47183,-35.9418],[144.46829,-35.94285],[144.46755,-35.94328],[144.46655,-35.9444],[144.46641,-35.94545],[144.46669,-35.94593],[144.46722,-35.94642],[144.46848,-35.94686],[144.46884,-35.9468],[144.47046,-35.94584],[144.47176,-35.94582],[144.47196,-35.94588],[144.47228,-35.94644],[144.47309,-35.94733],[144.47397,-35.94778],[144.47496,-35.94789],[144.4756,-35.94769],[144.47644,-35.94571],[144.4778,-35.94518],[144.4786,-35.94511],[144.47941,-35.94527],[144.48085,-35.94682],[144.4809,-35.94739],[144.48062,-35.94779],[144.47978,-35.94841],[144.47825,-35.95008],[144.47768,-35.95144],[144.47804,-35.95221],[144.47861,-35.95283],[144.47976,-35.9533],[144.48138,-35.95275],[144.48174,-35.95216],[144.48206,-35.95059],[144.48264,-35.94979],[144.48303,-35.94949],[144.48422,-35.94895],[144.48464,-35.94887],[144.48619,-35.94907],[144.48758,-35.94951],[144.48809,-35.95055],[144.48806,-35.95099],[144.48788,-35.9512],[144.48721,-35.95141],[144.4855,-35.95132],[144.48482,-35.9514],[144.48327,-35.95118],[144.48259,-35.95152],[144.48238,-35.95175],[144.48183,-35.9536],[144.48201,-35.95381],[144.48256,-35.95375],[144.48309,-35.95387],[144.48355,-35.95493],[144.48336,-35.95532],[144.4826,-35.95571],[144.48134,-35.95702],[144.48106,-35.95778],[144.48123,-35.95861],[144.48181,-35.95945],[144.48293,-35.96001],[144.48338,-35.96],[144.4853,-35.95881],[144.48717,-35.95716],[144.48796,-35.95694],[144.48837,-35.95696],[144.48864,-35.95712],[144.48878,-35.9573],[144.48883,-35.95782],[144.48816,-35.96066],[144.48737,-35.96259],[144.48723,-35.9635],[144.48739,-35.96398],[144.48787,-35.96457],[144.48877,-35.96502],[144.4894,-35.96505],[144.48946,-35.96519],[144.48902,-35.96547],[144.48945,-35.96568],[144.49071,-35.96581],[144.49048,-35.96494],[144.49111,-35.96496],[144.49158,-35.96521],[144.49308,-35.96788],[144.49335,-35.96822],[144.49396,-35.96859],[144.49559,-35.96909],[144.4964,-35.96908],[144.49671,-35.96898],[144.49733,-35.96845],[144.49857,-35.96627],[144.49978,-35.96518],[144.50011,-35.9645],[144.50024,-35.96404],[144.49993,-35.96325],[144.49976,-35.96174],[144.49983,-35.96067],[144.5002,-35.95955],[144.501,-35.95817],[144.50231,-35.95805],[144.50281,-35.95821],[144.50312,-35.95846],[144.50338,-35.95899],[144.50284,-35.9602],[144.50296,-35.96263],[144.50237,-35.96411],[144.50209,-35.96448],[144.50129,-35.965],[144.50031,-35.96608],[144.49929,-35.96764],[144.49923,-35.96796],[144.49961,-35.96942],[144.50024,-35.9701],[144.50129,-35.97068],[144.50316,-35.97123],[144.50476,-35.97139],[144.50572,-35.97134],[144.50735,-35.97093],[144.50935,-35.96972],[144.51013,-35.96782],[144.51111,-35.96636],[144.5121,-35.96542],[144.51283,-35.96512],[144.51426,-35.96512],[144.51471,-35.96524],[144.51544,-35.96569],[144.51558,-35.96645],[144.51541,-35.96679],[144.51491,-35.96716],[144.5139,-35.96762],[144.51275,-35.96782],[144.51171,-35.96855],[144.51086,-35.96951],[144.5098,-35.97205],[144.50985,-35.97276],[144.51081,-35.97388],[144.5118,-35.97439],[144.51345,-35.97457],[144.51424,-35.97418],[144.51559,-35.9715],[144.51646,-35.97036],[144.51738,-35.96945],[144.51789,-35.96915],[144.51837,-35.96915],[144.51907,-35.96926],[144.52023,-35.9697],[144.52104,-35.97041],[144.52138,-35.97089],[144.52169,-35.97203],[144.52169,-35.97258],[144.52124,-35.97363],[144.5202,-35.97484],[144.51871,-35.97599],[144.51753,-35.97722],[144.5168,-35.97869],[144.51636,-35.9805],[144.51608,-35.98253],[144.51695,-35.98454],[144.51695,-35.98582],[144.51667,-35.98628],[144.51605,-35.98676],[144.51479,-35.9872],[144.51394,-35.98727],[144.51304,-35.9877],[144.51265,-35.98807],[144.5124,-35.98866],[144.51237,-35.98921],[144.51262,-35.98971],[144.51302,-35.99008],[144.51448,-35.99084],[144.5149,-35.9912],[144.51527,-35.9918],[144.51504,-35.99269],[144.51536,-35.99365],[144.51579,-35.99444],[144.51792,-35.99594],[144.51974,-35.99601],[144.52236,-35.99555],[144.52691,-35.99392],[144.52888,-35.99413],[144.52975,-35.9944],[144.5308,-35.99498],[144.53324,-35.99678],[144.53378,-35.99738],[144.53444,-35.99856],[144.53543,-35.99915],[144.53575,-35.99946],[144.53677,-36.00009],[144.53823,-36.00056],[144.5397,-36.00127],[144.54109,-36.00167],[144.54217,-36.00179],[144.54378,-36.00146],[144.54497,-36.001],[144.54679,-36.00051],[144.54717,-36.0005],[144.54746,-36.00062],[144.54759,-36.0011],[144.54728,-36.00195],[144.54675,-36.00276],[144.54682,-36.00302],[144.54664,-36.00408],[144.54674,-36.00465],[144.54719,-36.00495],[144.54775,-36.00512],[144.54846,-36.00523],[144.54925,-36.00517],[144.5507,-36.00405],[144.55177,-36.00342],[144.55315,-36.00289],[144.55366,-36.00298],[144.55413,-36.00359],[144.55496,-36.00598],[144.55533,-36.00755],[144.55525,-36.00883],[144.55544,-36.01009],[144.55616,-36.01154],[144.55612,-36.01196],[144.55644,-36.01295],[144.55677,-36.01365],[144.55716,-36.01394],[144.55766,-36.01411],[144.55865,-36.01419],[144.55896,-36.01411],[144.56049,-36.01351],[144.56104,-36.01306],[144.56155,-36.01228],[144.56167,-36.01124],[144.56165,-36.01069],[144.56119,-36.00895],[144.5612,-36.00796],[144.56159,-36.00762],[144.5623,-36.00737],[144.56339,-36.00781],[144.5641,-36.00842],[144.56478,-36.00929],[144.56522,-36.01081],[144.56508,-36.01317],[144.56469,-36.01375],[144.56406,-36.01413],[144.56448,-36.01431],[144.56405,-36.01464],[144.56387,-36.01577],[144.56383,-36.0162],[144.56417,-36.017],[144.56538,-36.01792],[144.5664,-36.01826],[144.56722,-36.01774],[144.56849,-36.01738],[144.56974,-36.01688],[144.56996,-36.01685],[144.5705,-36.0171],[144.57082,-36.01802],[144.5707,-36.02011],[144.5708,-36.02077],[144.57072,-36.02178],[144.57056,-36.02209],[144.57067,-36.02315],[144.57113,-36.02408],[144.57224,-36.02458],[144.57314,-36.02461],[144.57366,-36.02435],[144.57619,-36.02216],[144.57709,-36.02155],[144.57805,-36.02113],[144.57933,-36.02103],[144.58121,-36.02195],[144.58211,-36.02252],[144.58278,-36.02339],[144.58355,-36.02487],[144.58436,-36.02575],[144.58645,-36.02718],[144.58659,-36.02747],[144.58651,-36.02825],[144.58626,-36.02864],[144.58581,-36.02897],[144.58519,-36.02909],[144.5839,-36.02879],[144.5833,-36.02877],[144.58167,-36.02936],[144.58129,-36.02994],[144.58134,-36.03037],[144.58168,-36.03093],[144.58341,-36.03303],[144.58338,-36.03375],[144.58258,-36.03577],[144.58243,-36.03668],[144.58238,-36.03725],[144.58256,-36.03829],[144.58327,-36.03902],[144.5839,-36.03919],[144.58506,-36.03927],[144.5864,-36.03906],[144.58803,-36.03825],[144.58881,-36.03835],[144.58909,-36.03878],[144.58976,-36.04193],[144.59027,-36.04287],[144.59099,-36.04332],[144.59205,-36.04339],[144.59351,-36.04254],[144.59406,-36.04206],[144.5958,-36.03991],[144.59792,-36.03776],[144.59906,-36.03741],[144.59968,-36.03782],[144.60035,-36.03905],[144.60195,-36.0411],[144.60304,-36.042],[144.6039,-36.0425],[144.60477,-36.04271],[144.6057,-36.04277],[144.60747,-36.04236],[144.60899,-36.04169],[144.6096,-36.04124],[144.61006,-36.04039],[144.6102,-36.03986],[144.61014,-36.03934],[144.6096,-36.03891],[144.60751,-36.03841],[144.6064,-36.03796],[144.6058,-36.03706],[144.60607,-36.03637],[144.6068,-36.03583],[144.60894,-36.03476],[144.61076,-36.03298],[144.61141,-36.03268],[144.6127,-36.03243],[144.61493,-36.03156],[144.61547,-36.03159],[144.61579,-36.03197],[144.61594,-36.03268],[144.61587,-36.03297],[144.61533,-36.03376],[144.61519,-36.03429],[144.6152,-36.03522],[144.61536,-36.03569],[144.61584,-36.03628],[144.61674,-36.03672],[144.61844,-36.03793],[144.61883,-36.03859],[144.6189,-36.03909],[144.61862,-36.03971],[144.61718,-36.04042],[144.61612,-36.04072],[144.61452,-36.04095],[144.61361,-36.04135],[144.61333,-36.04159],[144.61305,-36.0428],[144.61383,-36.04324],[144.61501,-36.04369],[144.617,-36.04484],[144.61757,-36.04561],[144.61755,-36.0469],[144.61738,-36.04759],[144.61692,-36.0484],[144.61437,-36.05033],[144.6137,-36.05107],[144.61353,-36.05152],[144.61355,-36.05299],[144.61342,-36.0533],[144.61146,-36.05546],[144.61099,-36.05644],[144.61082,-36.05704],[144.61097,-36.05852],[144.61082,-36.05979],[144.60978,-36.06138],[144.6092,-36.06188],[144.60843,-36.06364],[144.60848,-36.06415],[144.60891,-36.06495],[144.60967,-36.06551],[144.6115,-36.06642],[144.61276,-36.06672],[144.61402,-36.06637],[144.61524,-36.06623],[144.6157,-36.06641],[144.61583,-36.06658],[144.61575,-36.06703],[144.61544,-36.06739],[144.61091,-36.0702],[144.61046,-36.07101],[144.61045,-36.0715],[144.61087,-36.07195],[144.6139,-36.07354],[144.61483,-36.07426],[144.61555,-36.07504],[144.61602,-36.07591],[144.61657,-36.07648],[144.61767,-36.07719],[144.61819,-36.07734],[144.61978,-36.07747],[144.62162,-36.07661],[144.62215,-36.07621],[144.62237,-36.07573],[144.62233,-36.07511],[144.62108,-36.07233],[144.62098,-36.07102],[144.62157,-36.07035],[144.62457,-36.06794],[144.62589,-36.06751],[144.62764,-36.06662],[144.62807,-36.06588],[144.62822,-36.06526],[144.62808,-36.06465],[144.62785,-36.06432],[144.62508,-36.0633],[144.62298,-36.06318],[144.6215,-36.06335],[144.61972,-36.06317],[144.61904,-36.06248],[144.61828,-36.06047],[144.6183,-36.05971],[144.61855,-36.05941],[144.61912,-36.05929],[144.6211,-36.05968],[144.6226,-36.06028],[144.62342,-36.06087],[144.62417,-36.06168],[144.62457,-36.06189],[144.62548,-36.0621],[144.62581,-36.06207],[144.62629,-36.0618],[144.62717,-36.06089],[144.62741,-36.06036],[144.62746,-36.05854],[144.62723,-36.0579],[144.62647,-36.05686],[144.62573,-36.05548],[144.62548,-36.05406],[144.62504,-36.05274],[144.625,-36.05208],[144.62527,-36.05177],[144.62611,-36.05147],[144.62808,-36.0515],[144.62936,-36.05104],[144.63053,-36.05015],[144.63169,-36.04876],[144.63274,-36.0481],[144.63563,-36.04796],[144.6369,-36.04749],[144.63754,-36.04743],[144.63762,-36.0475],[144.63748,-36.0477],[144.63782,-36.04828],[144.63885,-36.05096],[144.64033,-36.053],[144.64085,-36.05402],[144.64132,-36.05544],[144.64194,-36.05594],[144.64253,-36.05605],[144.64296,-36.05635],[144.64392,-36.05666],[144.64447,-36.05676],[144.64538,-36.05671],[144.64602,-36.05649],[144.64641,-36.05612],[144.64658,-36.0553],[144.64634,-36.05473],[144.64618,-36.05344],[144.64615,-36.05176],[144.64646,-36.05122],[144.64689,-36.05095],[144.64815,-36.05082],[144.64975,-36.05111],[144.65128,-36.05183],[144.65319,-36.05324],[144.65345,-36.05372],[144.65357,-36.05456],[144.6529,-36.05668],[144.65294,-36.05722],[144.65343,-36.05854],[144.65347,-36.05945],[144.6522,-36.06305],[144.65244,-36.06385],[144.65373,-36.06553],[144.65409,-36.06634],[144.65415,-36.06702],[144.6538,-36.06975],[144.6533,-36.07183],[144.65284,-36.07305],[144.6528,-36.0736],[144.65368,-36.07488],[144.65497,-36.07535],[144.6556,-36.0754],[144.65612,-36.0751],[144.6564,-36.07458],[144.65631,-36.07397],[144.65666,-36.07203],[144.65722,-36.07075],[144.65767,-36.07038],[144.65802,-36.07038],[144.65853,-36.07065],[144.65955,-36.072],[144.66004,-36.07246],[144.66027,-36.07493],[144.66051,-36.0755],[144.66087,-36.07584],[144.66158,-36.07634],[144.66254,-36.0767],[144.66326,-36.07673],[144.66473,-36.07653],[144.66595,-36.07556],[144.66635,-36.07509],[144.66636,-36.07407],[144.66574,-36.07241],[144.6657,-36.07163],[144.66711,-36.07002],[144.66786,-36.0686],[144.66812,-36.06872],[144.66835,-36.06904],[144.66845,-36.07028],[144.66882,-36.07108],[144.66941,-36.07144],[144.66994,-36.07159],[144.67088,-36.07149],[144.6716,-36.071],[144.67209,-36.07044],[144.67288,-36.06904],[144.67365,-36.06822],[144.67411,-36.06796],[144.67472,-36.06798],[144.67583,-36.06875],[144.67695,-36.06926],[144.6781,-36.06936],[144.67854,-36.06927],[144.67919,-36.06856],[144.67894,-36.06822],[144.6789,-36.06733],[144.67948,-36.06581],[144.6794,-36.06461],[144.67889,-36.06405],[144.67882,-36.06368],[144.67839,-36.06313],[144.67843,-36.06273],[144.67865,-36.06248],[144.67957,-36.0623],[144.68133,-36.06255],[144.68299,-36.06252],[144.68421,-36.06227],[144.68535,-36.06224],[144.6862,-36.06207],[144.6879,-36.06126],[144.68838,-36.06121],[144.68901,-36.06142],[144.68959,-36.06218],[144.68964,-36.06286],[144.68887,-36.06377],[144.68802,-36.06524],[144.68789,-36.0659],[144.68795,-36.06638],[144.68884,-36.06786],[144.68966,-36.06827],[144.69177,-36.06876],[144.69239,-36.06935],[144.69244,-36.06984],[144.69212,-36.07083],[144.69185,-36.07257],[144.69154,-36.07312],[144.69104,-36.07339],[144.68976,-36.07364],[144.68866,-36.07406],[144.68693,-36.0749],[144.68633,-36.07535],[144.68578,-36.07673],[144.68633,-36.07964],[144.68601,-36.08105],[144.68578,-36.08154],[144.6855,-36.0818],[144.68407,-36.08233],[144.68319,-36.08286],[144.68238,-36.08398],[144.6825,-36.08496],[144.68378,-36.08673],[144.68424,-36.08777],[144.68478,-36.09027],[144.68478,-36.09149],[144.6842,-36.09238],[144.68369,-36.09395],[144.68382,-36.09497],[144.68424,-36.09553],[144.68537,-36.09604],[144.68687,-36.09627],[144.68778,-36.09608],[144.68898,-36.09552],[144.69049,-36.09425],[144.69121,-36.09352],[144.69226,-36.09164],[144.69256,-36.0913],[144.6929,-36.09119],[144.69359,-36.0914],[144.6945,-36.09288],[144.69572,-36.09389],[144.69692,-36.09415],[144.69752,-36.09405],[144.6979,-36.09372],[144.6981,-36.09321],[144.69844,-36.09001],[144.69835,-36.08803],[144.69859,-36.08741],[144.69889,-36.08726],[144.6992,-36.08727],[144.70015,-36.08763],[144.7011,-36.08817],[144.70203,-36.08915],[144.70256,-36.09039],[144.70318,-36.09134],[144.70441,-36.0923],[144.70614,-36.09291],[144.70709,-36.09293],[144.70809,-36.09272],[144.71164,-36.09142],[144.71263,-36.09061],[144.71375,-36.08939],[144.7142,-36.08841],[144.7146,-36.08679],[144.71513,-36.08629],[144.71853,-36.08584],[144.71902,-36.0859],[144.71947,-36.08617],[144.71969,-36.08668],[144.71967,-36.08749],[144.71916,-36.08881],[144.71916,-36.08922],[144.71955,-36.09025],[144.71986,-36.09061],[144.72071,-36.09097],[144.72145,-36.0909],[144.72451,-36.08952],[144.72519,-36.08931],[144.72568,-36.08944],[144.72581,-36.0896],[144.72603,-36.09063],[144.72556,-36.09128],[144.7243,-36.09203],[144.72384,-36.09259],[144.72335,-36.09459],[144.72368,-36.09638],[144.72386,-36.09676],[144.7254,-36.09832],[144.72538,-36.09891],[144.72322,-36.0998],[144.72236,-36.1],[144.72094,-36.09993],[144.72017,-36.10026],[144.71983,-36.10026],[144.71913,-36.10068],[144.71894,-36.10198],[144.7196,-36.10427],[144.71969,-36.10622],[144.7176,-36.11009],[144.71742,-36.11097],[144.71751,-36.11247],[144.71794,-36.11314],[144.71936,-36.11415],[144.72117,-36.11464],[144.72254,-36.11441],[144.72329,-36.11413],[144.72519,-36.11237],[144.72539,-36.11232],[144.72557,-36.11244],[144.72556,-36.11268],[144.72519,-36.1138],[144.72512,-36.11583],[144.72568,-36.11698],[144.72625,-36.11761],[144.72711,-36.11791],[144.72844,-36.11769],[144.72986,-36.11708],[144.73258,-36.11717],[144.73369,-36.11704],[144.73478,-36.11642],[144.73518,-36.11588],[144.7352,-36.11546],[144.73369,-36.11386],[144.73216,-36.11301],[144.73137,-36.11241],[144.73127,-36.11195],[144.73151,-36.11171],[144.73203,-36.1115],[144.73309,-36.11141],[144.73377,-36.11119],[144.73512,-36.11021],[144.73943,-36.10792],[144.74035,-36.10757],[144.74066,-36.10759],[144.74277,-36.10848],[144.74347,-36.109],[144.74357,-36.10999],[144.74332,-36.1111],[144.74333,-36.112],[144.7441,-36.11306],[144.7445,-36.1154],[144.74479,-36.11636],[144.74551,-36.11746],[144.74658,-36.11844],[144.74731,-36.11985],[144.74759,-36.12123],[144.74782,-36.12154],[144.74824,-36.12175],[144.74877,-36.12186],[144.75001,-36.12157],[144.75081,-36.12162],[144.75218,-36.12204],[144.75293,-36.12241],[144.75339,-36.12246],[144.75421,-36.12235],[144.75449,-36.12224],[144.755,-36.1217],[144.75535,-36.12107],[144.75583,-36.11963],[144.75687,-36.11878],[144.75743,-36.11868],[144.7602,-36.11874],[144.76155,-36.11908],[144.76256,-36.11949],[144.76331,-36.11965],[144.76413,-36.11961],[144.76564,-36.11903],[144.76633,-36.11854],[144.76739,-36.11754],[144.76764,-36.11719],[144.76797,-36.11618],[144.76842,-36.11585],[144.76904,-36.11574],[144.77156,-36.11602],[144.77199,-36.11621],[144.77217,-36.11664],[144.77206,-36.11695],[144.77131,-36.11778],[144.77114,-36.1192],[144.77136,-36.11971],[144.77167,-36.12003],[144.77262,-36.12027],[144.77362,-36.1209],[144.77363,-36.12134],[144.77303,-36.12349],[144.77345,-36.12544],[144.77417,-36.12606],[144.77465,-36.12689],[144.77516,-36.12723],[144.77582,-36.12887],[144.77706,-36.12984],[144.77797,-36.12992],[144.77857,-36.12944],[144.78077,-36.12832],[144.78571,-36.12793],[144.78687,-36.12768],[144.78761,-36.12708],[144.78821,-36.12638],[144.78826,-36.12561],[144.78811,-36.12497],[144.78725,-36.12404],[144.7855,-36.12301],[144.78522,-36.12263],[144.78527,-36.1223],[144.78639,-36.12179],[144.78804,-36.12126],[144.7885,-36.12137],[144.78893,-36.12165],[144.79029,-36.12302],[144.79102,-36.12305],[144.79192,-36.12265],[144.79225,-36.12192],[144.79252,-36.12049],[144.79299,-36.11944],[144.79375,-36.11819],[144.79461,-36.11741],[144.79559,-36.11622],[144.79664,-36.11406],[144.79729,-36.11354],[144.79855,-36.1132],[144.79944,-36.11318],[144.80037,-36.11369],[144.80057,-36.11415],[144.80045,-36.11507],[144.80019,-36.11571],[144.79954,-36.11612],[144.79833,-36.11632],[144.7972,-36.11634],[144.79649,-36.11652],[144.7962,-36.11673],[144.79553,-36.11782],[144.79658,-36.11987],[144.79693,-36.12008],[144.7977,-36.12022],[144.80035,-36.11978],[144.80114,-36.11985],[144.80236,-36.12043],[144.80328,-36.12237],[144.80404,-36.12303],[144.80579,-36.12384],[144.80711,-36.12381],[144.80787,-36.12363],[144.80849,-36.12328],[144.80902,-36.12261],[144.80928,-36.1202],[144.8098,-36.11816],[144.81021,-36.11755],[144.81125,-36.11687],[144.81301,-36.11539],[144.81335,-36.1148],[144.81336,-36.11391],[144.81325,-36.11341],[144.81287,-36.11291],[144.81264,-36.11275],[144.81214,-36.11266],[144.81055,-36.11282],[144.80877,-36.11322],[144.80783,-36.11356],[144.80713,-36.11342],[144.80703,-36.11308],[144.80771,-36.11161],[144.80787,-36.11014],[144.8074,-36.10942],[144.80665,-36.10876],[144.80635,-36.10809],[144.8064,-36.10746],[144.80655,-36.10724],[144.80682,-36.10717],[144.80746,-36.10724],[144.80916,-36.10831],[144.81164,-36.10936],[144.8128,-36.1103],[144.81345,-36.11062],[144.81471,-36.11082],[144.81513,-36.11074],[144.81609,-36.11023],[144.81636,-36.10969],[144.81614,-36.10892],[144.81536,-36.1085],[144.81456,-36.10762],[144.81388,-36.10713],[144.81038,-36.10381],[144.80982,-36.10272],[144.80989,-36.10243],[144.8105,-36.10219],[144.81143,-36.10226],[144.81308,-36.10294],[144.8141,-36.10357],[144.8161,-36.10439],[144.81721,-36.10499],[144.81767,-36.10628],[144.81847,-36.10735],[144.81893,-36.10775],[144.8199,-36.10795],[144.82041,-36.1078],[144.8209,-36.10742],[144.82127,-36.10601],[144.82274,-36.10449],[144.8233,-36.10313],[144.82361,-36.10272],[144.82415,-36.10256],[144.82631,-36.10274],[144.82755,-36.10267],[144.82835,-36.10281],[144.83022,-36.10279],[144.83091,-36.10235],[144.83191,-36.10146],[144.83411,-36.10045],[144.83459,-36.09986],[144.83481,-36.09896],[144.83535,-36.09852],[144.83574,-36.09845],[144.8363,-36.09866],[144.83734,-36.09974],[144.83874,-36.10032],[144.84081,-36.10075],[144.84192,-36.10058],[144.84273,-36.09971],[144.84308,-36.09853],[144.84337,-36.09674],[144.84314,-36.09577],[144.84258,-36.09529],[144.84098,-36.09504],[144.83997,-36.09472],[144.83979,-36.09443],[144.84026,-36.09407],[144.84131,-36.09389],[144.84268,-36.09343],[144.84369,-36.09273],[144.84392,-36.09227],[144.8437,-36.0915],[144.84276,-36.09034],[144.84264,-36.08904],[144.84171,-36.08757],[144.84156,-36.08695],[144.84252,-36.08512],[144.84252,-36.08471],[144.84193,-36.08358],[144.84196,-36.08297],[144.84222,-36.08278],[144.84252,-36.08278],[144.84385,-36.08314],[144.84494,-36.08313],[144.84569,-36.08256],[144.84607,-36.08187],[144.84613,-36.08128],[144.84653,-36.08097],[144.84688,-36.08102],[144.8484,-36.08182],[144.84916,-36.08199],[144.84998,-36.0818],[144.85061,-36.08134],[144.85086,-36.08045],[144.85075,-36.08015],[144.84983,-36.07916],[144.84977,-36.07668],[144.84912,-36.0758],[144.8475,-36.07446],[144.84712,-36.07368],[144.84718,-36.07288],[144.84838,-36.07158],[144.84915,-36.07122],[144.84957,-36.0712],[144.8507,-36.07141],[144.85145,-36.07179],[144.85162,-36.0721],[144.8517,-36.07309],[144.85203,-36.07359],[144.85259,-36.07397],[144.85318,-36.0741],[144.85505,-36.07404],[144.8555,-36.07382],[144.85612,-36.07375],[144.85647,-36.07355],[144.85678,-36.07309],[144.85669,-36.07247],[144.85457,-36.07099],[144.85387,-36.06952],[144.85467,-36.06731],[144.85507,-36.06672],[144.85631,-36.06563],[144.85736,-36.0652],[144.85801,-36.06521],[144.85894,-36.0655],[144.86054,-36.06646],[144.8607,-36.06678],[144.8604,-36.06706],[144.85886,-36.0673],[144.85796,-36.06773],[144.85753,-36.06833],[144.8576,-36.06898],[144.85856,-36.07062],[144.85965,-36.0718],[144.86005,-36.07197],[144.86096,-36.072],[144.86149,-36.07173],[144.86134,-36.07112],[144.86054,-36.06981],[144.86061,-36.06921],[144.86128,-36.06898],[144.86238,-36.0691],[144.86314,-36.06886],[144.86355,-36.06855],[144.86391,-36.068],[144.864,-36.06665],[144.86433,-36.06552],[144.86427,-36.0644],[144.86365,-36.06332],[144.86371,-36.06113],[144.86265,-36.05976],[144.86279,-36.05934],[144.86326,-36.05915],[144.86385,-36.05914],[144.86501,-36.05947],[144.86658,-36.05962],[144.86913,-36.05871],[144.87079,-36.05892],[144.87145,-36.05882],[144.87195,-36.05859],[144.87249,-36.05804],[144.87323,-36.05773],[144.87389,-36.05762],[144.87501,-36.05765],[144.87649,-36.05817],[144.87767,-36.05912],[144.87851,-36.05957],[144.88103,-36.06001],[144.88139,-36.06018],[144.88182,-36.06042],[144.88286,-36.06139],[144.88361,-36.06183],[144.88455,-36.06189],[144.88594,-36.06157],[144.88669,-36.06171],[144.88696,-36.06193],[144.88726,-36.06256],[144.88779,-36.06306],[144.88858,-36.06357],[144.88905,-36.06364],[144.89081,-36.06317],[144.89166,-36.06311],[144.89273,-36.06316],[144.89478,-36.0636],[144.89553,-36.06362],[144.89673,-36.06304],[144.89741,-36.06257],[144.89798,-36.06238],[144.89868,-36.06258],[144.89948,-36.06315],[144.90043,-36.06361],[144.90096,-36.06372],[144.90161,-36.06363],[144.90243,-36.0633],[144.9027,-36.06295],[144.90255,-36.06193],[144.90276,-36.06138],[144.90314,-36.06102],[144.90387,-36.06087],[144.905,-36.06122],[144.90733,-36.06344],[144.90853,-36.06404],[144.90952,-36.06414],[144.91017,-36.06406],[144.91223,-36.06324],[144.9135,-36.06302],[144.91519,-36.06369],[144.91635,-36.064],[144.9176,-36.06386],[144.91902,-36.06413],[144.9221,-36.06559],[144.92301,-36.0658],[144.92592,-36.06593],[144.92746,-36.06631],[144.9293,-36.06701],[144.92998,-36.06712],[144.93099,-36.067],[144.93261,-36.06705],[144.93291,-36.06732],[144.93341,-36.06862],[144.93397,-36.06909],[144.93467,-36.06924],[144.93664,-36.06908],[144.93729,-36.06945],[144.93771,-36.06999],[144.93821,-36.07294],[144.93792,-36.07343],[144.937,-36.07386],[144.93677,-36.07408],[144.93639,-36.07504],[144.93646,-36.07581],[144.9377,-36.0764],[144.93872,-36.07742],[144.9401,-36.07833],[144.94056,-36.0785],[144.94173,-36.07863],[144.94361,-36.07924],[144.94507,-36.08033],[144.94662,-36.08247],[144.94727,-36.08274],[144.94829,-36.0829],[144.95019,-36.08291],[144.95178,-36.08246],[144.95295,-36.08144],[144.95384,-36.07943],[144.9542,-36.0792],[144.95505,-36.07934],[144.95658,-36.07991],[144.95788,-36.08005],[144.95988,-36.07965],[144.96093,-36.07895],[144.96175,-36.07869],[144.96236,-36.07906],[144.96347,-36.07931],[144.96522,-36.07924],[144.96724,-36.07851],[144.9698,-36.07691],[144.97052,-36.07658],[144.97288,-36.07634],[144.97389,-36.07613],[144.97463,-36.07563],[144.9754,-36.07418],[144.97609,-36.0737],[144.9769,-36.07351],[144.97923,-36.07355],[144.9803,-36.07332],[144.98164,-36.07257],[144.98241,-36.07156],[144.98266,-36.07084],[144.98289,-36.06901],[144.98327,-36.06816],[144.98418,-36.06731],[144.98499,-36.06681],[144.98554,-36.06605],[144.98595,-36.06573],[144.98604,-36.06532],[144.98688,-36.0643],[144.98709,-36.06342],[144.98702,-36.06247],[144.98638,-36.06061],[144.98593,-36.05651],[144.98505,-36.05562],[144.98428,-36.05508],[144.98392,-36.05456],[144.98389,-36.05368],[144.98405,-36.05287],[144.98334,-36.05006],[144.98309,-36.04943],[144.98206,-36.04828],[144.98097,-36.04812],[144.97866,-36.0473],[144.97662,-36.04688],[144.97557,-36.04644],[144.97409,-36.0455],[144.9726,-36.04531],[144.97185,-36.04505],[144.97117,-36.04462],[144.97,-36.04354],[144.96857,-36.043],[144.96809,-36.0425],[144.96773,-36.04185],[144.96722,-36.03963],[144.96678,-36.03904],[144.96584,-36.0382],[144.96552,-36.03748],[144.96566,-36.03643],[144.96664,-36.03343],[144.96668,-36.0309],[144.96656,-36.02992],[144.96623,-36.02912],[144.96571,-36.02857],[144.96304,-36.02766],[144.96232,-36.02691],[144.96228,-36.02443],[144.96184,-36.02258],[144.96201,-36.02152],[144.96205,-36.01915],[144.96194,-36.0184],[144.96171,-36.01806],[144.96115,-36.0178],[144.96033,-36.01774],[144.95909,-36.01915],[144.95839,-36.01962],[144.95766,-36.01978],[144.9571,-36.01966],[144.95598,-36.01894],[144.95509,-36.01878],[144.95457,-36.01882],[144.95417,-36.01838],[144.95414,-36.01769],[144.95453,-36.01682],[144.95416,-36.01633],[144.95333,-36.01605],[144.95266,-36.01597],[144.95085,-36.01531],[144.9481,-36.01387],[144.9455,-36.01219],[144.94508,-36.0116],[144.94522,-36.01102],[144.94672,-36.00957],[144.94709,-36.00873],[144.94716,-36.008],[144.94704,-36.00695],[144.9464,-36.00541],[144.94645,-36.00512],[144.94576,-36.00431],[144.94493,-36.00359],[144.94255,-36.00193],[144.93834,-36.00067],[144.93622,-35.99954],[144.93515,-35.9983],[144.93453,-35.99731],[144.9321,-35.99517],[144.93173,-35.99424],[144.93162,-35.99301],[144.93138,-35.99222],[144.93113,-35.99185],[144.92969,-35.9906],[144.92852,-35.98996],[144.9271,-35.98953],[144.9264,-35.98952],[144.92517,-35.98987],[144.92454,-35.98988],[144.92401,-35.98962],[144.92361,-35.98887],[144.92386,-35.98756],[144.92385,-35.98615],[144.92408,-35.98525],[144.92419,-35.98363],[144.92404,-35.9814],[144.92549,-35.97823],[144.92556,-35.97628],[144.92589,-35.97468],[144.92626,-35.97377],[144.92665,-35.97334],[144.92749,-35.97285],[144.92861,-35.97265],[144.92928,-35.97213],[144.92958,-35.97139],[144.92995,-35.96973],[144.93101,-35.96847],[144.93234,-35.96782],[144.9332,-35.96772],[144.93354,-35.96785],[144.9339,-35.96782],[144.93477,-35.96741],[144.9355,-35.96674],[144.93668,-35.9662],[144.93783,-35.96622],[144.93838,-35.96649],[144.93876,-35.96685],[144.93926,-35.967],[144.94038,-35.96701],[144.94153,-35.96679],[144.94258,-35.96593],[144.94424,-35.96368],[144.94491,-35.96331],[144.94584,-35.9631],[144.9469,-35.96311],[144.94984,-35.96345],[144.95286,-35.96257],[144.95503,-35.96252],[144.95625,-35.96209],[144.95682,-35.96176],[144.95742,-35.9609],[144.95775,-35.95956],[144.95774,-35.95896],[144.95746,-35.95783],[144.95562,-35.95446],[144.95467,-35.9539],[144.95399,-35.95249],[144.95408,-35.951],[144.9546,-35.94976],[144.9549,-35.94807],[144.95517,-35.94745],[144.95527,-35.94646],[144.9551,-35.94599],[144.9548,-35.94568],[144.95391,-35.94529],[144.95289,-35.94513],[144.95264,-35.94493],[144.95227,-35.94434],[144.95227,-35.94362],[144.95205,-35.94318],[144.9517,-35.94281],[144.95058,-35.94215],[144.95047,-35.94198],[144.95008,-35.94017],[144.95038,-35.93757],[144.95069,-35.93676],[144.95136,-35.9358],[144.9515,-35.93515],[144.95029,-35.93339],[144.94901,-35.932],[144.94891,-35.93168],[144.94964,-35.93032],[144.95001,-35.92637],[144.95033,-35.92583],[144.95165,-35.92496],[144.95194,-35.92459],[144.95202,-35.92407],[144.95175,-35.92254],[144.95196,-35.9221],[144.95269,-35.92158],[144.95292,-35.92122],[144.95299,-35.92069],[144.95234,-35.91951],[144.95219,-35.91897],[144.9528,-35.91664],[144.95385,-35.91617],[144.95478,-35.91564],[144.95508,-35.91533],[144.95529,-35.91532],[144.95644,-35.91405],[144.95713,-35.9126],[144.95866,-35.91151],[144.95905,-35.91132],[144.95956,-35.9113],[144.96089,-35.91187],[144.96166,-35.91168],[144.96191,-35.91152],[144.96219,-35.91107],[144.96232,-35.91002],[144.96404,-35.90797],[144.96476,-35.9064],[144.96495,-35.90562],[144.96681,-35.90532],[144.96698,-35.90519],[144.96732,-35.904],[144.96726,-35.90109],[144.96697,-35.90025],[144.96547,-35.89846],[144.96505,-35.8977],[144.96469,-35.89654],[144.96475,-35.8959],[144.9652,-35.89522],[144.96599,-35.89458],[144.96659,-35.89388],[144.96835,-35.89142],[144.97039,-35.89016],[144.97092,-35.8897],[144.97185,-35.88921],[144.97272,-35.88834],[144.97315,-35.88777],[144.97369,-35.88658],[144.97407,-35.88479],[144.97428,-35.88441],[144.97496,-35.88384],[144.975,-35.88343],[144.97485,-35.88317],[144.97331,-35.88174],[144.97266,-35.88063],[144.97098,-35.87981],[144.97013,-35.87919],[144.96972,-35.87869],[144.9697,-35.87842],[144.96988,-35.87818],[144.971,-35.87719],[144.97074,-35.87605],[144.97104,-35.87574],[144.9722,-35.87505],[144.97244,-35.87462],[144.97245,-35.87406],[144.9723,-35.87324],[144.97205,-35.87286],[144.97152,-35.87243],[144.96946,-35.87161],[144.96895,-35.87112],[144.9689,-35.87054],[144.96949,-35.86909],[144.96969,-35.86788],[144.96923,-35.86687],[144.96818,-35.86584],[144.96819,-35.86553],[144.96869,-35.86499],[144.97079,-35.8636],[144.97091,-35.8634],[144.97112,-35.86225],[144.97071,-35.86134],[144.9708,-35.86105],[144.97155,-35.86089],[144.97391,-35.86112],[144.97549,-35.86078],[144.97746,-35.85976],[144.97868,-35.85856],[144.97915,-35.85839],[144.97974,-35.85842],[144.981,-35.85946],[144.98199,-35.85993],[144.98249,-35.85948],[144.98347,-35.85804],[144.98381,-35.85781],[144.98499,-35.85752],[144.98777,-35.85756],[144.98851,-35.85787],[144.99045,-35.85905],[144.99074,-35.85915],[144.99144,-35.85898],[144.99183,-35.85873],[144.99174,-35.85831],[144.9907,-35.85669],[144.99006,-35.85603],[144.98972,-35.8552],[144.9897,-35.85482],[144.98981,-35.85464],[144.99008,-35.85472],[144.99045,-35.85548],[144.99126,-35.8564],[144.9927,-35.85627],[144.99337,-35.8559],[144.99382,-35.85522],[144.99388,-35.85423],[144.99311,-35.85343],[144.99203,-35.85276],[144.99205,-35.85248],[144.99226,-35.85234],[144.99327,-35.85222],[144.99475,-35.85239],[144.99565,-35.85279],[144.99858,-35.85498],[144.99938,-35.85498],[144.99986,-35.85484],[145.00016,-35.85437],[145.00033,-35.85363],[145.00015,-35.85034],[145.00031,-35.84952],[145.00058,-35.84933],[145.00105,-35.84941],[145.00145,-35.84966],[145.00367,-35.8514],[145.00427,-35.85247],[145.00478,-35.85472],[145.00569,-35.85557],[145.00697,-35.85624],[145.00709,-35.85601],[145.01006,-35.85633],[145.01142,-35.8568],[145.01271,-35.85754],[145.0132,-35.85767],[145.01355,-35.85764],[145.01527,-35.85688],[145.01608,-35.85668],[145.01737,-35.85658],[145.01858,-35.85669],[145.01933,-35.85654],[145.02068,-35.85572],[145.02186,-35.85423],[145.02276,-35.85352],[145.024,-35.85091],[145.02421,-35.84999],[145.02439,-35.84777],[145.02458,-35.84713],[145.02489,-35.84707],[145.0257,-35.84735],[145.02761,-35.84876],[145.02873,-35.84933],[145.02941,-35.84954],[145.03004,-35.84956],[145.03125,-35.84926],[145.03354,-35.8479],[145.03619,-35.84696],[145.03749,-35.84592],[145.03782,-35.84519],[145.03787,-35.84452],[145.03709,-35.84271],[145.03703,-35.84202],[145.03779,-35.83976],[145.03829,-35.83893],[145.03891,-35.83829],[145.03935,-35.83829],[145.03952,-35.83865],[145.03924,-35.84025],[145.03926,-35.84093],[145.03982,-35.84146],[145.04083,-35.84168],[145.04111,-35.84159],[145.04284,-35.84061],[145.04467,-35.83937],[145.04486,-35.83909],[145.04621,-35.83798],[145.0471,-35.83709],[145.04845,-35.83444],[145.04876,-35.83413],[145.04971,-35.83367],[145.05107,-35.83371],[145.0514,-35.83383],[145.05163,-35.83409],[145.05139,-35.83481],[145.0496,-35.83644],[145.04945,-35.83672],[145.04937,-35.83715],[145.04961,-35.838],[145.0507,-35.83866],[145.05121,-35.83882],[145.05221,-35.83886],[145.05304,-35.83865],[145.05381,-35.83825],[145.05439,-35.83771],[145.05467,-35.83688],[145.05445,-35.83589],[145.05421,-35.83572],[145.05402,-35.83573],[145.05379,-35.83627],[145.05344,-35.83627],[145.05331,-35.83604],[145.05337,-35.83549],[145.05384,-35.83517],[145.05586,-35.83565],[145.05735,-35.83556],[145.05771,-35.83563],[145.0581,-35.83585],[145.05935,-35.83706],[145.05997,-35.83727],[145.06106,-35.83731],[145.06234,-35.83696],[145.06329,-35.83638],[145.06474,-35.83587],[145.0664,-35.83577],[145.06809,-35.83539],[145.06901,-35.83503],[145.07167,-35.83335],[145.07217,-35.83291],[145.07291,-35.83184],[145.07323,-35.83091],[145.07312,-35.82884],[145.07286,-35.82776],[145.07314,-35.82731],[145.07412,-35.82673],[145.07496,-35.82677],[145.07549,-35.82726],[145.07545,-35.82882],[145.07512,-35.8298],[145.07521,-35.83082],[145.07549,-35.83147],[145.07592,-35.83173],[145.07648,-35.83182],[145.07697,-35.8317],[145.07745,-35.83135],[145.07798,-35.83056],[145.07803,-35.82972],[145.07726,-35.82788],[145.07742,-35.82741],[145.08227,-35.82768],[145.08353,-35.8281],[145.08414,-35.82807],[145.08486,-35.82792],[145.0856,-35.8275],[145.08717,-35.82595],[145.08758,-35.82576],[145.08855,-35.82555],[145.09,-35.82546],[145.09089,-35.82561],[145.09175,-35.82595],[145.09249,-35.82642],[145.09332,-35.82767],[145.09342,-35.82804],[145.09332,-35.82855],[145.09309,-35.8288],[145.09265,-35.82904],[145.09088,-35.82958],[145.09007,-35.8302],[145.08917,-35.83115],[145.08922,-35.83146],[145.08941,-35.83155],[145.08952,-35.83274],[145.09091,-35.83562],[145.09144,-35.83596],[145.09192,-35.83596],[145.09249,-35.83582],[145.09303,-35.83545],[145.09343,-35.83484],[145.09379,-35.83306],[145.09443,-35.83177],[145.09495,-35.83122],[145.09714,-35.83004],[145.0984,-35.82876],[145.09868,-35.82814],[145.09882,-35.82677],[145.09943,-35.82579],[145.09989,-35.82564],[145.10023,-35.82578],[145.10083,-35.82748],[145.10201,-35.82848],[145.10278,-35.8287],[145.10399,-35.82855],[145.10478,-35.82805],[145.10623,-35.82649],[145.10818,-35.82545],[145.11031,-35.82402],[145.11231,-35.82173],[145.11331,-35.82086],[145.11423,-35.82053],[145.11496,-35.82059],[145.11537,-35.8209],[145.11553,-35.82125],[145.11524,-35.82254],[145.11407,-35.82395],[145.11389,-35.8245],[145.11403,-35.82516],[145.11431,-35.82564],[145.1147,-35.82589],[145.11534,-35.82604],[145.1168,-35.82559],[145.11771,-35.82495],[145.11926,-35.8232],[145.12018,-35.82146],[145.12075,-35.82082],[145.12153,-35.82057],[145.12203,-35.82064],[145.12232,-35.8208],[145.12253,-35.82103],[145.1226,-35.82146],[145.12196,-35.8239],[145.12262,-35.82726],[145.12295,-35.82807],[145.12332,-35.82872],[145.12419,-35.82945],[145.12512,-35.82976],[145.12627,-35.82974],[145.12682,-35.82945],[145.12744,-35.82842],[145.12727,-35.82755],[145.12683,-35.82699],[145.12595,-35.82524],[145.12619,-35.82168],[145.12653,-35.82123],[145.12703,-35.82086],[145.12768,-35.82072],[145.12819,-35.82103],[145.12828,-35.82133],[145.12828,-35.82257],[145.12792,-35.82432],[145.12799,-35.82524],[145.12863,-35.82686],[145.12957,-35.82782],[145.13003,-35.82806],[145.13055,-35.82816],[145.13129,-35.82817],[145.13324,-35.82737],[145.13403,-35.82738],[145.13423,-35.82761],[145.13436,-35.8282],[145.1341,-35.83032],[145.13434,-35.83204],[145.13527,-35.83356],[145.13588,-35.83401],[145.13664,-35.83427],[145.13728,-35.83429],[145.13783,-35.83402],[145.13836,-35.83362],[145.13872,-35.83312],[145.13886,-35.82932],[145.13912,-35.82879],[145.13958,-35.82854],[145.14037,-35.82858],[145.14077,-35.82882],[145.14127,-35.82958],[145.14304,-35.83157],[145.14385,-35.83219],[145.14602,-35.83292],[145.1468,-35.83334],[145.14781,-35.83354],[145.14865,-35.83354],[145.1499,-35.83322],[145.15291,-35.83116],[145.1542,-35.83043],[145.15489,-35.8302],[145.15683,-35.8302],[145.15881,-35.83078],[145.15938,-35.8313],[145.15942,-35.83174],[145.15923,-35.83226],[145.1583,-35.8337],[145.15775,-35.83592],[145.15772,-35.83736],[145.1575,-35.83811],[145.15679,-35.83912],[145.15583,-35.83996],[145.15436,-35.84058],[145.15366,-35.84072],[145.15305,-35.84114],[145.15265,-35.8417],[145.15284,-35.84186],[145.15308,-35.84282],[145.15364,-35.84308],[145.15483,-35.84304],[145.15733,-35.84204],[145.16159,-35.84219],[145.16286,-35.84263],[145.16312,-35.84286],[145.16361,-35.84294],[145.16604,-35.84289],[145.16809,-35.84254],[145.16896,-35.84217],[145.16944,-35.84172],[145.17053,-35.83961],[145.17127,-35.8389],[145.17175,-35.83872],[145.17265,-35.83884],[145.1753,-35.83986],[145.17922,-35.84176],[145.17983,-35.84198],[145.18101,-35.84203],[145.18189,-35.8416],[145.18235,-35.84078],[145.18228,-35.84032],[145.18183,-35.83933],[145.18172,-35.83813],[145.18204,-35.83645],[145.18263,-35.83525],[145.18282,-35.8351],[145.18328,-35.83502],[145.18622,-35.83528],[145.18816,-35.83473],[145.18894,-35.83438],[145.18981,-35.83427],[145.19036,-35.83434],[145.1909,-35.8347],[145.19183,-35.83664],[145.19221,-35.83715],[145.19278,-35.83753],[145.19339,-35.83764],[145.19443,-35.83756],[145.19484,-35.83739],[145.19567,-35.83636],[145.19597,-35.83576],[145.19651,-35.83521],[145.19697,-35.83498],[145.19781,-35.8348],[145.19872,-35.83481],[145.19969,-35.83507],[145.20173,-35.83654],[145.20477,-35.83762],[145.20738,-35.83797],[145.20793,-35.83794],[145.20913,-35.83756],[145.21018,-35.8371],[145.21152,-35.83618],[145.21228,-35.83585],[145.21311,-35.8358],[145.21522,-35.83625],[145.2167,-35.83695],[145.21702,-35.83726],[145.21714,-35.83764],[145.21685,-35.83858],[145.21552,-35.84036],[145.2155,-35.84071],[145.21593,-35.84142],[145.21725,-35.84211],[145.21864,-35.8424],[145.22278,-35.84245],[145.22308,-35.8424],[145.22314,-35.84226],[145.22379,-35.84191],[145.22408,-35.84154],[145.22448,-35.84047],[145.22437,-35.8396],[145.22344,-35.83866],[145.22161,-35.83763],[145.2206,-35.83727],[145.22009,-35.83687],[145.22009,-35.83671],[145.22069,-35.83634],[145.22157,-35.83627],[145.22282,-35.83594],[145.22306,-35.83576],[145.22382,-35.83455],[145.22438,-35.83281],[145.22503,-35.83218],[145.22549,-35.8321],[145.22591,-35.83222],[145.22757,-35.83322],[145.22843,-35.83339],[145.22914,-35.83335],[145.23089,-35.83272],[145.2324,-35.83167],[145.23421,-35.8301],[145.23477,-35.82976],[145.23527,-35.82968],[145.23558,-35.82996],[145.23626,-35.83182],[145.23692,-35.83243],[145.23792,-35.83308],[145.23868,-35.83342],[145.2394,-35.8336],[145.24049,-35.83367],[145.24137,-35.83348],[145.24277,-35.83288],[145.24564,-35.8305],[145.24635,-35.83034],[145.24767,-35.83125],[145.24875,-35.83224],[145.25143,-35.83398],[145.25218,-35.83467],[145.25296,-35.83502],[145.25563,-35.83581],[145.25694,-35.83586],[145.25808,-35.83574],[145.26015,-35.83519],[145.26072,-35.83543],[145.26078,-35.83573],[145.26053,-35.83623],[145.25971,-35.83726],[145.25965,-35.83944],[145.26033,-35.84001],[145.26316,-35.84115],[145.26407,-35.84187],[145.26418,-35.84224],[145.26407,-35.84253],[145.26347,-35.84316],[145.26267,-35.84372],[145.26138,-35.84497],[145.25907,-35.84687],[145.25805,-35.84803],[145.25768,-35.84872],[145.25769,-35.84914],[145.25783,-35.84996],[145.25835,-35.85064],[145.25977,-35.85053],[145.2604,-35.85004],[145.26114,-35.84984],[145.26202,-35.8499],[145.26244,-35.85015],[145.26294,-35.85121],[145.26326,-35.85154],[145.26589,-35.85255],[145.26707,-35.85245],[145.26761,-35.8522],[145.26794,-35.85189],[145.26887,-35.85006],[145.26952,-35.84857],[145.27004,-35.84685],[145.27056,-35.84593],[145.27152,-35.84527],[145.2727,-35.8452],[145.27315,-35.84538],[145.27369,-35.84625],[145.27425,-35.84659],[145.27495,-35.84735],[145.27689,-35.84876],[145.27723,-35.84918],[145.27779,-35.85065],[145.27761,-35.85169],[145.27767,-35.85222],[145.27792,-35.85263],[145.27866,-35.85336],[145.27975,-35.85364],[145.28054,-35.85344],[145.28132,-35.85276],[145.28213,-35.85158],[145.2825,-35.85126],[145.28394,-35.85062],[145.28502,-35.85065],[145.28516,-35.85072],[145.28522,-35.85105],[145.28492,-35.85184],[145.28367,-35.85331],[145.28305,-35.85478],[145.28318,-35.8555],[145.28401,-35.85647],[145.28465,-35.85675],[145.28523,-35.8567],[145.28637,-35.85617],[145.28788,-35.85508],[145.28865,-35.85477],[145.29174,-35.85384],[145.29266,-35.85382],[145.29303,-35.85417],[145.29306,-35.85444],[145.29254,-35.85637],[145.29273,-35.85797],[145.29322,-35.85876],[145.29433,-35.85982],[145.29535,-35.86038],[145.29654,-35.86057],[145.29846,-35.85995],[145.30087,-35.85868],[145.30167,-35.85848],[145.3028,-35.85875],[145.30375,-35.85924],[145.30527,-35.85964],[145.30747,-35.86046],[145.30904,-35.86046],[145.31,-35.85987],[145.31067,-35.85858],[145.31084,-35.85781],[145.3116,-35.85629],[145.31219,-35.85568],[145.31262,-35.85547],[145.31355,-35.85529],[145.31493,-35.85526],[145.31598,-35.85512],[145.31666,-35.85516],[145.31822,-35.85496],[145.32015,-35.85356],[145.32228,-35.85156],[145.32349,-35.85087],[145.32445,-35.85069],[145.32485,-35.85088],[145.3255,-35.8523],[145.32747,-35.85362],[145.32957,-35.85432],[145.33274,-35.85477],[145.33323,-35.85493],[145.33377,-35.85533],[145.33541,-35.85807],[145.33592,-35.8586],[145.3388,-35.8608],[145.34149,-35.86239],[145.34301,-35.86278],[145.34401,-35.86268],[145.34454,-35.86247],[145.3479,-35.86031],[145.34906,-35.86015],[145.35007,-35.86046],[145.35067,-35.86115],[145.35102,-35.8618],[145.35169,-35.8641],[145.3524,-35.86579],[145.35358,-35.86668],[145.35518,-35.86708],[145.35676,-35.86681],[145.35804,-35.86612],[145.35882,-35.86542],[145.35946,-35.86437],[145.36027,-35.86158],[145.36066,-35.8612],[145.36156,-35.86091],[145.36608,-35.86017],[145.36721,-35.85936],[145.36944,-35.85834],[145.36981,-35.85829],[145.37055,-35.85842],[145.37117,-35.85877],[145.37194,-35.859],[145.37424,-35.85951],[145.37578,-35.8594],[145.37736,-35.85878],[145.37831,-35.858],[145.3795,-35.85557],[145.37997,-35.85501],[145.38158,-35.85392],[145.38301,-35.85331],[145.38438,-35.85248],[145.38611,-35.8508],[145.38715,-35.85014],[145.38792,-35.85005],[145.38842,-35.85025],[145.39205,-35.85071],[145.39473,-35.85038],[145.39795,-35.84967],[145.399,-35.84964],[145.39993,-35.84981],[145.40229,-35.85052],[145.40482,-35.85088],[145.40581,-35.8508],[145.40694,-35.85054],[145.40859,-35.84955],[145.41063,-35.84861],[145.41153,-35.84779],[145.41195,-35.84641],[145.41158,-35.84549],[145.41023,-35.84411],[145.40991,-35.84343],[145.41008,-35.84258],[145.41091,-35.84134],[145.41111,-35.83998],[145.41091,-35.83925],[145.40974,-35.83749],[145.40972,-35.83656],[145.41023,-35.83606],[145.41124,-35.83546],[145.41348,-35.83702],[145.41551,-35.83775],[145.41677,-35.83794],[145.41861,-35.83796],[145.41968,-35.83767],[145.42048,-35.83728],[145.4208,-35.83675],[145.42091,-35.83616],[145.42067,-35.83553],[145.4196,-35.83501],[145.41798,-35.8348],[145.41641,-35.83425],[145.4152,-35.83346],[145.41505,-35.83296],[145.41396,-35.83208],[145.41363,-35.83135],[145.41385,-35.83056],[145.41429,-35.83069],[145.41509,-35.83123],[145.41576,-35.83143],[145.41673,-35.83137],[145.41768,-35.83105],[145.418,-35.83073],[145.41878,-35.82874],[145.41987,-35.82817],[145.42056,-35.8282],[145.42266,-35.82871],[145.4247,-35.82872],[145.42547,-35.82893],[145.42632,-35.83034],[145.42668,-35.83241],[145.42689,-35.83292],[145.428,-35.83402],[145.42855,-35.83431],[145.42915,-35.83444],[145.43085,-35.83427],[145.43156,-35.83381],[145.4326,-35.83243],[145.43369,-35.83058],[145.43442,-35.82985],[145.43532,-35.82955],[145.43636,-35.82973],[145.43679,-35.82995],[145.437,-35.83027],[145.43737,-35.83163],[145.43902,-35.83472],[145.43972,-35.83523],[145.43989,-35.83553],[145.44179,-35.83566],[145.44246,-35.83557],[145.44346,-35.8349],[145.44406,-35.83398],[145.44439,-35.83269],[145.44499,-35.83202],[145.44533,-35.83183],[145.44591,-35.832],[145.44708,-35.8316],[145.44756,-35.83126],[145.44813,-35.83043],[145.44848,-35.82942],[145.44841,-35.82844],[145.44813,-35.8281],[145.44793,-35.82737],[145.44796,-35.82668],[145.44905,-35.8246],[145.4501,-35.82205],[145.45066,-35.82142],[145.45218,-35.82111],[145.4528,-35.82118],[145.45339,-35.82141],[145.45397,-35.82226],[145.45429,-35.82351],[145.45487,-35.82456],[145.45562,-35.82532],[145.45678,-35.82599],[145.45917,-35.82655],[145.46036,-35.82724],[145.46159,-35.82719],[145.46253,-35.82687],[145.46344,-35.82628],[145.4644,-35.82511],[145.46429,-35.82463],[145.46402,-35.82441],[145.46381,-35.82318],[145.46403,-35.8219],[145.46454,-35.82135],[145.4661,-35.82083],[145.46687,-35.82042],[145.46851,-35.81896],[145.46909,-35.81817],[145.46916,-35.81743],[145.46902,-35.81679],[145.46851,-35.81562],[145.46774,-35.81449],[145.46782,-35.81363],[145.46868,-35.81277],[145.46994,-35.81248],[145.47067,-35.81207],[145.47152,-35.81132],[145.47179,-35.80953],[145.47213,-35.80923],[145.47258,-35.80932],[145.47272,-35.80949],[145.473,-35.81092],[145.47346,-35.81178],[145.47454,-35.81239],[145.47554,-35.81249],[145.47636,-35.81231],[145.47684,-35.81196],[145.47728,-35.8111],[145.47766,-35.81084],[145.47794,-35.81084],[145.47933,-35.81132],[145.48036,-35.81261],[145.48138,-35.81317],[145.48221,-35.81347],[145.48376,-35.81379],[145.48434,-35.81354],[145.4854,-35.81275],[145.48599,-35.81246],[145.48652,-35.81239],[145.48765,-35.81254],[145.48807,-35.81284],[145.48876,-35.8139],[145.48913,-35.8142],[145.4902,-35.81472],[145.49198,-35.81508],[145.49268,-35.81505],[145.49326,-35.81483],[145.49373,-35.81456],[145.4943,-35.81398],[145.49473,-35.81233],[145.49448,-35.811],[145.49452,-35.81034],[145.49499,-35.80945],[145.49554,-35.80901],[145.4963,-35.8088],[145.4966,-35.80894],[145.49709,-35.80892],[145.49798,-35.80936],[145.49893,-35.81008],[145.50031,-35.81034],[145.50063,-35.81027],[145.50098,-35.8097],[145.50142,-35.80948],[145.50256,-35.80945],[145.50354,-35.80989],[145.50455,-35.81094],[145.50676,-35.8121],[145.50728,-35.81212],[145.5097,-35.81161],[145.51076,-35.81168],[145.51164,-35.81191],[145.51208,-35.81219],[145.51235,-35.81256],[145.51244,-35.81456],[145.51275,-35.81538],[145.51325,-35.81585],[145.51577,-35.81718],[145.51867,-35.81778],[145.52024,-35.81835],[145.52165,-35.81865],[145.5232,-35.81826],[145.52447,-35.81763],[145.52533,-35.81699],[145.52485,-35.81579],[145.52427,-35.81566],[145.5241,-35.81576],[145.52462,-35.8166],[145.52443,-35.81684],[145.52401,-35.81671],[145.52346,-35.81583],[145.52326,-35.81508],[145.52335,-35.81441],[145.52367,-35.81384],[145.52439,-35.81354],[145.52489,-35.81349],[145.52655,-35.81284],[145.52784,-35.812],[145.52815,-35.81153],[145.52844,-35.81046],[145.52831,-35.80986],[145.52762,-35.8095],[145.52749,-35.80924],[145.52661,-35.80843],[145.52658,-35.8078],[145.52679,-35.80709],[145.52709,-35.80676],[145.52819,-35.80616],[145.52934,-35.80583],[145.53087,-35.80566],[145.53182,-35.80522],[145.5325,-35.80475],[145.53464,-35.80227],[145.53524,-35.802],[145.5357,-35.802],[145.53599,-35.80224],[145.53579,-35.80295],[145.5342,-35.80511],[145.53387,-35.80583],[145.534,-35.80638],[145.53472,-35.80713],[145.53488,-35.80768],[145.53524,-35.80818],[145.53623,-35.80851],[145.53794,-35.8082],[145.53873,-35.80794],[145.53968,-35.80789],[145.54124,-35.80826],[145.54178,-35.80867],[145.54189,-35.80891],[145.54146,-35.81014],[145.54006,-35.8123],[145.53906,-35.81349],[145.53814,-35.8143],[145.5374,-35.81526],[145.5369,-35.81614],[145.53654,-35.81738],[145.53639,-35.81843],[145.53667,-35.81991],[145.53742,-35.82099],[145.53876,-35.82181],[145.53957,-35.82207],[145.54111,-35.82225],[145.54156,-35.82219],[145.54242,-35.82165],[145.54299,-35.82052],[145.54359,-35.81869],[145.54366,-35.81809],[145.5448,-35.81512],[145.54558,-35.81376],[145.54611,-35.81327],[145.54674,-35.81289],[145.54742,-35.81276],[145.5486,-35.81284],[145.55142,-35.81422],[145.55425,-35.81466],[145.55584,-35.81455],[145.55793,-35.81411],[145.56093,-35.8129],[145.56215,-35.81297],[145.56284,-35.81345],[145.56356,-35.81449],[145.56364,-35.81495],[145.56352,-35.81557],[145.56294,-35.81615],[145.56231,-35.81638],[145.56055,-35.8166],[145.55848,-35.81719],[145.55799,-35.81742],[145.5578,-35.81764],[145.55706,-35.81886],[145.55705,-35.81952],[145.55722,-35.82019],[145.55915,-35.82156],[145.55967,-35.82216],[145.55989,-35.82269],[145.55949,-35.82361],[145.5584,-35.82476],[145.55797,-35.825],[145.55732,-35.82579],[145.55718,-35.82653],[145.558,-35.82823],[145.5587,-35.82863],[145.55962,-35.82875],[145.56111,-35.82832],[145.56216,-35.82768],[145.56273,-35.82673],[145.56309,-35.82638],[145.56421,-35.82585],[145.56523,-35.82573],[145.56684,-35.8265],[145.56732,-35.82699],[145.56753,-35.82767],[145.56708,-35.8287],[145.5667,-35.82922],[145.5657,-35.83012],[145.56441,-35.83089],[145.5637,-35.83163],[145.56348,-35.83235],[145.56349,-35.83316],[145.56401,-35.83419],[145.56453,-35.83447],[145.56494,-35.83449],[145.56605,-35.83384],[145.56682,-35.8336],[145.56774,-35.83364],[145.5685,-35.83386],[145.56937,-35.83426],[145.5703,-35.83652],[145.57099,-35.83713],[145.57228,-35.83739],[145.57362,-35.83743],[145.57466,-35.8378],[145.57642,-35.83985],[145.5765,-35.84151],[145.57707,-35.84277],[145.57791,-35.84366],[145.57907,-35.84427],[145.57943,-35.84461],[145.5798,-35.8453],[145.58001,-35.84641],[145.58052,-35.84739],[145.58156,-35.84825],[145.58303,-35.84855],[145.58408,-35.8486],[145.58456,-35.84851],[145.58782,-35.84872],[145.5888,-35.84866],[145.5902,-35.84912],[145.59179,-35.84907],[145.59246,-35.84886],[145.59323,-35.84908],[145.59369,-35.84981],[145.59373,-35.85106],[145.5931,-35.85387],[145.59284,-35.85478],[145.59246,-35.85551],[145.592,-35.85617],[145.59133,-35.85656],[145.59051,-35.8569],[145.58963,-35.85696],[145.58815,-35.85774],[145.58691,-35.8601],[145.58674,-35.86061],[145.58679,-35.86124],[145.58732,-35.862],[145.58797,-35.86238],[145.5887,-35.86256],[145.59081,-35.86243],[145.59222,-35.86161],[145.59412,-35.86094],[145.59653,-35.86101],[145.59803,-35.86146],[145.59825,-35.86186],[145.59805,-35.86297],[145.59659,-35.86452],[145.59611,-35.86521],[145.59523,-35.86738],[145.59518,-35.86811],[145.59549,-35.86911],[145.59547,-35.8697],[145.59568,-35.87027],[145.59689,-35.87151],[145.59985,-35.87353],[145.59992,-35.87384],[145.60026,-35.87429],[145.60114,-35.87501],[145.60252,-35.87541],[145.60359,-35.87548],[145.605,-35.87512],[145.6053,-35.87489],[145.60543,-35.87446],[145.6054,-35.87427],[145.60488,-35.87384],[145.6042,-35.87278],[145.60239,-35.87119],[145.60165,-35.87024],[145.60137,-35.86965],[145.60129,-35.86884],[145.60144,-35.86822],[145.60175,-35.86786],[145.60243,-35.86763],[145.60313,-35.86778],[145.60527,-35.86929],[145.60706,-35.87014],[145.60849,-35.87043],[145.60965,-35.87031],[145.61073,-35.87006],[145.61115,-35.86985],[145.61175,-35.86924],[145.61262,-35.86745],[145.61342,-35.86636],[145.61402,-35.86588],[145.61599,-35.86487],[145.61735,-35.86439],[145.62018,-35.86369],[145.62167,-35.86319],[145.62275,-35.86307],[145.62498,-35.86217],[145.62552,-35.86221],[145.62635,-35.86276],[145.62696,-35.8634],[145.6277,-35.86455],[145.62862,-35.86566],[145.62883,-35.86639],[145.62878,-35.86697],[145.62832,-35.86777],[145.62733,-35.86824],[145.6249,-35.86844],[145.62388,-35.86841],[145.62269,-35.86861],[145.62183,-35.86855],[145.61915,-35.86914],[145.61806,-35.86958],[145.61651,-35.87061],[145.61544,-35.87174],[145.61486,-35.87257],[145.6149,-35.87312],[145.61568,-35.87476],[145.61646,-35.8753],[145.61712,-35.87552],[145.61799,-35.87562],[145.61895,-35.87557],[145.6198,-35.87526],[145.62028,-35.87496],[145.62142,-35.87379],[145.62245,-35.87319],[145.62301,-35.87307],[145.6239,-35.87317],[145.62455,-35.87309],[145.62601,-35.87348],[145.62626,-35.87393],[145.6272,-35.87424],[145.62787,-35.87493],[145.62813,-35.87541],[145.62825,-35.87611],[145.62786,-35.8766],[145.62711,-35.87693],[145.62547,-35.87729],[145.62458,-35.87838],[145.62215,-35.8795],[145.6209,-35.88036],[145.62053,-35.88093],[145.62003,-35.88233],[145.61999,-35.88304],[145.62032,-35.88388],[145.62121,-35.88459],[145.6227,-35.88468],[145.62342,-35.88453],[145.62451,-35.88386],[145.62532,-35.8831],[145.62583,-35.88201],[145.62638,-35.88135],[145.62659,-35.88069],[145.6273,-35.87989],[145.62751,-35.87977],[145.62826,-35.87976],[145.62957,-35.8801],[145.63,-35.8805],[145.63061,-35.88166],[145.63146,-35.88434],[145.63155,-35.88484],[145.63131,-35.8858],[145.63132,-35.88704],[145.63174,-35.88807],[145.63222,-35.88865],[145.63326,-35.88913],[145.63417,-35.88916],[145.63527,-35.88891],[145.63619,-35.88903],[145.63678,-35.88931],[145.63749,-35.89008],[145.63803,-35.89178],[145.63887,-35.89332],[145.63973,-35.89424],[145.64047,-35.89462],[145.6416,-35.8949],[145.6431,-35.89475],[145.64378,-35.8945],[145.64476,-35.89368],[145.64552,-35.89324],[145.64635,-35.89302],[145.64728,-35.89309],[145.64771,-35.89334],[145.64856,-35.89436],[145.64898,-35.89603],[145.6499,-35.8981],[145.65037,-35.8989],[145.65118,-35.89969],[145.65196,-35.90001],[145.65258,-35.90013],[145.65375,-35.90011],[145.65433,-35.89994],[145.6556,-35.9],[145.65745,-35.90069],[145.65816,-35.90146],[145.65892,-35.90285],[145.66002,-35.90723],[145.66056,-35.90851],[145.66066,-35.90956],[145.66101,-35.9101],[145.66108,-35.91154],[145.66153,-35.91242],[145.66223,-35.91305],[145.663,-35.91339],[145.66346,-35.91342],[145.66716,-35.91233],[145.66821,-35.91251],[145.66856,-35.91289],[145.6688,-35.91355],[145.66891,-35.91472],[145.66861,-35.91665],[145.66863,-35.9173],[145.66834,-35.91832],[145.66873,-35.91923],[145.66912,-35.91959],[145.67046,-35.91993],[145.6712,-35.91985],[145.67282,-35.91912],[145.67469,-35.91851],[145.67524,-35.91803],[145.67577,-35.91731],[145.6763,-35.91686],[145.67675,-35.91668],[145.67797,-35.91644],[145.67859,-35.91656],[145.67905,-35.91683],[145.67933,-35.91715],[145.67948,-35.91779],[145.67924,-35.91869],[145.6788,-35.91944],[145.67768,-35.9205],[145.67661,-35.92085],[145.67458,-35.92193],[145.67425,-35.92252],[145.67351,-35.92318],[145.67329,-35.92455],[145.67387,-35.92589],[145.67513,-35.92619],[145.67693,-35.92608],[145.67833,-35.92618],[145.67878,-35.92638],[145.6792,-35.92682],[145.68046,-35.92883],[145.68204,-35.92984],[145.68279,-35.93021],[145.684,-35.93054],[145.68536,-35.93069],[145.68585,-35.93062],[145.68625,-35.93048],[145.68726,-35.9298],[145.68756,-35.92946],[145.68767,-35.92906],[145.68742,-35.92796],[145.68652,-35.92658],[145.68625,-35.9256],[145.68664,-35.92463],[145.68731,-35.92393],[145.68871,-35.92297],[145.69002,-35.92263],[145.69103,-35.92221],[145.69195,-35.92205],[145.69514,-35.92059],[145.69585,-35.92046],[145.69674,-35.92056],[145.69818,-35.92098],[145.70158,-35.92304],[145.70276,-35.92404],[145.70319,-35.92484],[145.70327,-35.9257],[145.70312,-35.92621],[145.70283,-35.92656],[145.70255,-35.92673],[145.70214,-35.92678],[145.70151,-35.92656],[145.70088,-35.92589],[145.69986,-35.92535],[145.69771,-35.92474],[145.69686,-35.92489],[145.69651,-35.92508],[145.69601,-35.92543],[145.69576,-35.92579],[145.6955,-35.92677],[145.6957,-35.92741],[145.69589,-35.92771],[145.69726,-35.92896],[145.69765,-35.92992],[145.69675,-35.93237],[145.69667,-35.93315],[145.69634,-35.93333],[145.69617,-35.93408],[145.69639,-35.93517],[145.69733,-35.9365],[145.69773,-35.93678],[145.69889,-35.93711],[145.69977,-35.93711],[145.7003,-35.93697],[145.70131,-35.93629],[145.70253,-35.93506],[145.70443,-35.93367],[145.70542,-35.93255],[145.70669,-35.93205],[145.70797,-35.93223],[145.70927,-35.93295],[145.70989,-35.93354],[145.70995,-35.9342],[145.71084,-35.93566],[145.71194,-35.93642],[145.71303,-35.93699],[145.71442,-35.93739],[145.71578,-35.93744],[145.71786,-35.93679],[145.71872,-35.93607],[145.71966,-35.93467],[145.72027,-35.93445],[145.72084,-35.93474],[145.72146,-35.93538],[145.72178,-35.93611],[145.72197,-35.9371],[145.72271,-35.93864],[145.72423,-35.94036],[145.72579,-35.9417],[145.7263,-35.94231],[145.72724,-35.94516],[145.72701,-35.94587],[145.72646,-35.94635],[145.72606,-35.94643],[145.72503,-35.94627],[145.7222,-35.94445],[145.72107,-35.9441],[145.71867,-35.94426],[145.71729,-35.94505],[145.71567,-35.94781],[145.71567,-35.94852],[145.71613,-35.95017],[145.71677,-35.95059],[145.71836,-35.95123],[145.72053,-35.95122],[145.72145,-35.95152],[145.72168,-35.95166],[145.72266,-35.95305],[145.72319,-35.95348],[145.72384,-35.95393],[145.72476,-35.9541],[145.72551,-35.95405],[145.72618,-35.95383],[145.72727,-35.953],[145.72785,-35.95233],[145.73003,-35.95109],[145.73166,-35.95089],[145.7335,-35.9511],[145.73414,-35.9513],[145.73483,-35.95184],[145.73566,-35.95332],[145.73665,-35.95443],[145.7368,-35.95482],[145.73649,-35.95528],[145.73602,-35.9555],[145.7354,-35.95559],[145.73436,-35.9555],[145.73195,-35.95605],[145.73153,-35.95634],[145.73095,-35.95738],[145.73066,-35.95766],[145.73071,-35.95849],[145.73214,-35.9598],[145.73378,-35.96035],[145.73455,-35.9602],[145.73539,-35.95974],[145.73902,-35.95907],[145.74224,-35.95928],[145.74381,-35.95906],[145.74432,-35.95914],[145.74469,-35.95936],[145.74477,-35.95971],[145.74391,-35.96079],[145.74359,-35.96141],[145.74351,-35.96232],[145.74396,-35.96313],[145.74462,-35.96373],[145.74611,-35.96424],[145.74696,-35.96416],[145.74869,-35.96308],[145.75084,-35.96255],[145.75265,-35.96177],[145.75417,-35.96135],[145.75564,-35.96018],[145.75644,-35.95919],[145.75687,-35.95835],[145.75735,-35.95811],[145.7579,-35.95809],[145.75811,-35.95816],[145.759,-35.95907],[145.76114,-35.96038],[145.76243,-35.96102],[145.76296,-35.96145],[145.76337,-35.96227],[145.76361,-35.96413],[145.76425,-35.96592],[145.76483,-35.96639],[145.76565,-35.96666],[145.76611,-35.96669],[145.76691,-35.96643],[145.76735,-35.96604],[145.76754,-35.96565],[145.7677,-35.96378],[145.76831,-35.96309],[145.7691,-35.96294],[145.77105,-35.96309],[145.77184,-35.96304],[145.77327,-35.96269],[145.7743,-35.9623],[145.77541,-35.96143],[145.77718,-35.96036],[145.77767,-35.9602],[145.77821,-35.96024],[145.78077,-35.96217],[145.7812,-35.96273],[145.78139,-35.96379],[145.78114,-35.96447],[145.78054,-35.96523],[145.77879,-35.9668],[145.77839,-35.96825],[145.77839,-35.9694],[145.77719,-35.97036],[145.77701,-35.97072],[145.77674,-35.97176],[145.77688,-35.97244],[145.77782,-35.97293],[145.77878,-35.97301],[145.77972,-35.97285],[145.78153,-35.9723],[145.78455,-35.97199],[145.78511,-35.97233],[145.78623,-35.97409],[145.78686,-35.97482],[145.7874,-35.9751],[145.78802,-35.97525],[145.78896,-35.97513],[145.78971,-35.97483],[145.79024,-35.97437],[145.79127,-35.97307],[145.79177,-35.97273],[145.79234,-35.97265],[145.79273,-35.9728],[145.79315,-35.97328],[145.7932,-35.97363],[145.79264,-35.9753],[145.7925,-35.97667],[145.79313,-35.97912],[145.79278,-35.98117],[145.79292,-35.98203],[145.79345,-35.98282],[145.7953,-35.98363],[145.79631,-35.98361],[145.79782,-35.9831],[145.79868,-35.98297],[145.7998,-35.98315],[145.80107,-35.9836],[145.80279,-35.98372],[145.8033,-35.98364],[145.80519,-35.98291],[145.80584,-35.98281],[145.80798,-35.98376],[145.80828,-35.98398],[145.80844,-35.98442],[145.80702,-35.98702],[145.8068,-35.98769],[145.80673,-35.98855],[145.80684,-35.98894],[145.80748,-35.98985],[145.80828,-35.99052],[145.81004,-35.99137],[145.81108,-35.99153],[145.81137,-35.9917],[145.81216,-35.99184],[145.81327,-35.99171],[145.81391,-35.99157],[145.81501,-35.99102],[145.81566,-35.99043],[145.81628,-35.98941],[145.81667,-35.98841],[145.81664,-35.98797],[145.81638,-35.98748],[145.81549,-35.98662],[145.81368,-35.98607],[145.81257,-35.98598],[145.81148,-35.98552],[145.81126,-35.98519],[145.81116,-35.98467],[145.81115,-35.98437],[145.81135,-35.9841],[145.81339,-35.98357],[145.814,-35.98354],[145.8151,-35.98293],[145.8182,-35.98231],[145.81891,-35.98249],[145.82218,-35.98426],[145.82354,-35.98465],[145.82459,-35.9847],[145.82569,-35.98443],[145.82733,-35.98361],[145.82825,-35.98298],[145.82897,-35.98205],[145.82904,-35.98076],[145.82875,-35.9802],[145.8282,-35.98001],[145.82543,-35.9799],[145.82493,-35.97977],[145.82444,-35.97931],[145.82491,-35.9781],[145.82631,-35.97688],[145.82729,-35.97555],[145.82755,-35.97544],[145.82801,-35.97542],[145.82841,-35.97557],[145.83054,-35.97679],[145.83119,-35.97699],[145.83191,-35.97699],[145.83312,-35.9767],[145.83419,-35.9766],[145.83519,-35.97666],[145.83581,-35.97685],[145.83611,-35.97707],[145.83636,-35.97759],[145.83583,-35.9807],[145.83608,-35.98211],[145.83665,-35.98286],[145.83701,-35.98309],[145.83763,-35.98319],[145.84002,-35.98324],[145.8406,-35.98317],[145.84204,-35.98268],[145.84377,-35.983],[145.84462,-35.98294],[145.84722,-35.98203],[145.84782,-35.98166],[145.84859,-35.9809],[145.84897,-35.97989],[145.84894,-35.97935],[145.84855,-35.97856],[145.84813,-35.97808],[145.8474,-35.97755],[145.84568,-35.97672],[145.84517,-35.97623],[145.84444,-35.97503],[145.84432,-35.97452],[145.8444,-35.97423],[145.84484,-35.97381],[145.84555,-35.97346],[145.84727,-35.97289],[145.84792,-35.97286],[145.84827,-35.97296],[145.84892,-35.97338],[145.8512,-35.97553],[145.85223,-35.97609],[145.8538,-35.97661],[145.85502,-35.97648],[145.85722,-35.97569],[145.858,-35.97528],[145.85908,-35.97438],[145.85971,-35.97336],[145.8598,-35.97238],[145.85971,-35.97204],[145.85931,-35.97156],[145.85846,-35.97114],[145.85704,-35.97066],[145.85556,-35.97031],[145.849,-35.96926],[145.84843,-35.9691],[145.84814,-35.96889],[145.84791,-35.96844],[145.84805,-35.96809],[145.8488,-35.96768],[145.85056,-35.96743],[145.85218,-35.96698],[145.85287,-35.96662],[145.85367,-35.96594],[145.85403,-35.96531],[145.85403,-35.96462],[145.85357,-35.96313],[145.85299,-35.96248],[145.8526,-35.96148],[145.853,-35.96067],[145.85404,-35.95993],[145.85501,-35.95964],[145.85637,-35.95979],[145.85678,-35.95989],[145.85832,-35.96065],[145.85896,-35.96079],[145.86059,-35.96054],[145.86231,-35.95974],[145.86328,-35.95866],[145.86397,-35.95847],[145.86506,-35.95856],[145.86789,-35.95751],[145.86863,-35.95704],[145.86958,-35.95592],[145.86988,-35.9557],[145.87056,-35.95548],[145.87351,-35.95551],[145.87547,-35.95527],[145.87637,-35.95534],[145.87867,-35.95723],[145.87965,-35.95768],[145.88054,-35.95777],[145.88328,-35.95721],[145.88375,-35.95679],[145.88402,-35.95613],[145.88527,-35.95536],[145.88629,-35.9557],[145.88841,-35.9571],[145.88999,-35.95732],[145.89074,-35.95706],[145.89141,-35.95648],[145.89178,-35.95576],[145.89192,-35.9549],[145.89234,-35.95427],[145.89443,-35.95325],[145.89804,-35.95314],[145.89903,-35.95299],[145.90086,-35.95248],[145.90269,-35.9525],[145.90599,-35.95336],[145.90756,-35.95347],[145.90841,-35.95374],[145.90987,-35.9548],[145.91028,-35.95555],[145.91032,-35.95596],[145.91024,-35.95644],[145.90994,-35.95703],[145.90879,-35.9584],[145.9065,-35.95947],[145.90481,-35.95947],[145.90375,-35.95973],[145.90171,-35.96067],[145.90076,-35.96153],[145.90017,-35.96318],[145.90006,-35.96397],[145.90014,-35.96445],[145.90055,-35.96539],[145.90174,-35.96735],[145.90293,-35.96886],[145.90392,-35.96941],[145.90456,-35.9693],[145.90496,-35.96901],[145.90498,-35.9686],[145.90455,-35.96784],[145.9045,-35.9669],[145.90477,-35.9645],[145.90513,-35.96375],[145.90557,-35.96343],[145.90608,-35.96326],[145.90649,-35.96324],[145.90692,-35.96346],[145.9077,-35.96522],[145.90856,-35.96606],[145.9091,-35.96635],[145.91074,-35.96676],[145.91111,-35.96702],[145.91213,-35.9683],[145.91242,-35.96908],[145.91307,-35.96942],[145.91382,-35.96956],[145.91465,-35.96944],[145.91507,-35.96879],[145.91509,-35.968],[145.91418,-35.96554],[145.91432,-35.96503],[145.91489,-35.96454],[145.91554,-35.96446],[145.91915,-35.96479],[145.92318,-35.96423],[145.92434,-35.96429],[145.92582,-35.96456],[145.92691,-35.96509],[145.92777,-35.96588],[145.92815,-35.96647],[145.92826,-35.96734],[145.92795,-35.96815],[145.92727,-35.96864],[145.92611,-35.96917],[145.92535,-35.96997],[145.92502,-35.97057],[145.925,-35.97156],[145.92534,-35.97242],[145.92602,-35.97312],[145.92699,-35.97369],[145.928,-35.97395],[145.9287,-35.97389],[145.92999,-35.97292],[145.93052,-35.97276],[145.93113,-35.97277],[145.93303,-35.97314],[145.93368,-35.97285],[145.93416,-35.97286],[145.93463,-35.97269],[145.93513,-35.97204],[145.93528,-35.97055],[145.93574,-35.96962],[145.93632,-35.96919],[145.93873,-35.96854],[145.93905,-35.96834],[145.93979,-35.96684],[145.94017,-35.96658],[145.9411,-35.96635],[145.94172,-35.96575],[145.9429,-35.96415],[145.94358,-35.96282],[145.94415,-35.96236],[145.94607,-35.96133],[145.94706,-35.96123],[145.94846,-35.9614],[145.95054,-35.96138],[145.95239,-35.96099],[145.95309,-35.96113],[145.95372,-35.96156],[145.955,-35.96291],[145.95478,-35.96417],[145.95421,-35.96477],[145.95353,-35.96506],[145.95196,-35.96523],[145.95073,-35.96508],[145.94928,-35.96459],[145.94733,-35.9649],[145.94611,-35.96524],[145.94516,-35.96572],[145.94456,-35.96624],[145.94417,-35.96687],[145.94415,-35.96806],[145.94475,-35.96937],[145.94469,-35.96954],[145.94667,-35.97034],[145.94864,-35.97218],[145.95039,-35.97437],[145.95092,-35.9756],[145.95107,-35.97663],[145.95091,-35.97804],[145.95066,-35.97844],[145.95008,-35.97886],[145.94876,-35.97918],[145.94727,-35.97885],[145.94643,-35.9789],[145.94599,-35.97915],[145.94592,-35.97971],[145.94561,-35.98016],[145.94496,-35.98065],[145.9449,-35.98112],[145.9452,-35.9818],[145.94569,-35.98238],[145.94559,-35.98326],[145.94574,-35.98381],[145.94668,-35.98482],[145.94722,-35.98505],[145.94795,-35.98508],[145.94864,-35.98486],[145.94975,-35.9835],[145.95011,-35.9833],[145.95092,-35.98326],[145.95173,-35.98346],[145.95218,-35.98388],[145.95238,-35.98451],[145.95233,-35.98541],[145.95256,-35.98802],[145.95215,-35.99154],[145.95226,-35.99211],[145.95252,-35.99249],[145.95305,-35.9927],[145.95439,-35.99243],[145.95584,-35.99267],[145.95686,-35.99334],[145.95823,-35.99501],[145.95935,-35.99573],[145.96049,-35.99602],[145.96182,-35.99613],[145.96366,-35.99602],[145.9643,-35.99623],[145.96482,-35.99677],[145.96487,-35.99733],[145.9645,-35.9979],[145.96187,-35.99992],[145.9613,-36.00054],[145.96072,-36.00156],[145.95993,-36.00245],[145.95933,-36.00291],[145.95844,-36.00416],[145.9582,-36.00481],[145.95834,-36.00697],[145.95893,-36.00798],[145.96,-36.00882],[145.96121,-36.00937],[145.96219,-36.00937],[145.96283,-36.00925],[145.96335,-36.009],[145.96529,-36.00725],[145.96659,-36.00642],[145.96777,-36.00584],[145.97002,-36.00534],[145.97065,-36.00539],[145.97131,-36.00565],[145.97317,-36.00743],[145.97347,-36.00793],[145.97347,-36.00842],[145.97319,-36.00895],[145.9728,-36.00931],[145.97129,-36.00993],[145.97081,-36.01034],[145.96957,-36.01233],[145.96934,-36.01321],[145.9696,-36.01382],[145.97033,-36.01467],[145.97102,-36.01523],[145.97182,-36.01567],[145.9727,-36.01584],[145.97339,-36.01582],[145.9743,-36.01513],[145.97466,-36.01457],[145.97495,-36.01362],[145.9753,-36.01104],[145.97592,-36.0102],[145.97648,-36.00978],[145.97745,-36.00934],[145.97868,-36.00937],[145.98036,-36.01085],[145.98171,-36.01173],[145.98463,-36.01273],[145.98576,-36.0129],[145.9867,-36.01326],[145.98945,-36.01302],[145.99134,-36.01246],[145.99654,-36.01053],[145.99811,-36.00985],[145.9997,-36.00889],[146.0005,-36.00878],[146.00182,-36.00826],[146.00253,-36.00781],[146.00318,-36.00711],[146.00383,-36.00503],[146.00449,-36.00423],[146.00501,-36.00387],[146.00587,-36.00357],[146.00676,-36.00339],[146.00757,-36.00343],[146.00849,-36.00368],[146.00936,-36.00409],[146.01051,-36.00478],[146.01259,-36.00668],[146.01312,-36.00695],[146.01557,-36.00712],[146.01614,-36.00696],[146.01732,-36.00636],[146.01766,-36.00585],[146.01796,-36.00511],[146.01879,-36.00378],[146.01977,-36.00153],[146.02038,-36.0006],[146.02095,-36.00017],[146.02241,-35.99956],[146.02337,-35.99877],[146.02375,-35.99821],[146.02435,-35.99791],[146.02615,-35.99765],[146.02786,-35.99714],[146.02836,-35.99682],[146.02977,-35.9953],[146.03059,-35.99489],[146.03149,-35.99471],[146.0328,-35.99477],[146.03355,-35.99517],[146.03513,-35.99729],[146.03617,-35.99817],[146.0381,-36.00098],[146.03907,-36.00181],[146.03977,-36.00187],[146.04049,-36.0015],[146.04148,-36.00049],[146.04225,-35.99999],[146.04353,-35.99971],[146.0442,-36.00004],[146.04472,-36.00056],[146.04555,-36.00178],[146.04673,-36.00288],[146.04842,-36.00316],[146.04918,-36.00317],[146.05029,-36.00291],[146.05097,-36.00248],[146.05128,-36.00212],[146.0516,-36.00133],[146.0518,-36.00022],[146.05118,-35.99756],[146.05137,-35.99581],[146.05178,-35.99536],[146.05235,-35.99547],[146.05349,-35.99622],[146.05521,-35.99802],[146.05602,-35.99867],[146.05636,-35.99924],[146.05671,-36.00079],[146.05672,-36.00146],[146.05652,-36.00183],[146.05649,-36.00248],[146.05744,-36.00792],[146.05745,-36.0087],[146.05716,-36.01033],[146.0573,-36.01169],[146.05772,-36.01304],[146.0593,-36.01455],[146.0608,-36.01539],[146.06169,-36.01558],[146.06324,-36.01534],[146.06467,-36.01484],[146.06558,-36.01481],[146.06751,-36.0153],[146.06867,-36.0154],[146.0701,-36.01576],[146.07138,-36.01566],[146.07196,-36.01537],[146.07281,-36.01432],[146.07334,-36.01306],[146.07339,-36.01265],[146.07153,-36.00983],[146.07277,-36.00993],[146.07334,-36.00963],[146.07355,-36.00964],[146.0737,-36.00974],[146.07371,-36.01194],[146.07441,-36.01418],[146.07424,-36.01538],[146.07436,-36.01666],[146.07497,-36.01776],[146.07564,-36.01818],[146.07631,-36.01835],[146.07707,-36.01835],[146.07956,-36.01785],[146.08053,-36.01753],[146.08124,-36.01763],[146.08169,-36.01782],[146.08249,-36.01839],[146.08461,-36.01941],[146.08599,-36.01945],[146.08657,-36.0193],[146.08721,-36.01893],[146.088,-36.01873],[146.08875,-36.01885],[146.0893,-36.0192],[146.08964,-36.02],[146.09007,-36.02038],[146.0908,-36.02082],[146.0922,-36.02127],[146.09443,-36.02088],[146.09554,-36.02029],[146.09652,-36.01793],[146.09663,-36.0173],[146.09611,-36.01615],[146.09555,-36.01561],[146.09097,-36.01344],[146.08958,-36.01316],[146.08922,-36.01255],[146.08913,-36.01185],[146.08955,-36.01069],[146.09064,-36.00987],[146.09147,-36.00948],[146.0923,-36.00932],[146.09294,-36.00936],[146.09345,-36.00955],[146.09423,-36.01027],[146.09478,-36.01131],[146.09528,-36.01179],[146.09605,-36.01221],[146.09784,-36.01283],[146.09996,-36.01309],[146.10077,-36.01305],[146.10162,-36.01271],[146.1029,-36.01177],[146.10376,-36.01049],[146.10426,-36.00907],[146.10461,-36.00847],[146.10547,-36.00791],[146.10698,-36.00742],[146.11009,-36.00699],[146.11155,-36.00664],[146.11238,-36.00681],[146.11275,-36.00722],[146.1129,-36.00761],[146.11233,-36.00903],[146.11187,-36.00948],[146.11147,-36.00965],[146.11011,-36.00979],[146.10961,-36.01004],[146.10758,-36.01203],[146.10731,-36.0129],[146.10746,-36.01388],[146.10768,-36.01437],[146.10828,-36.01499],[146.10872,-36.0152],[146.10943,-36.01533],[146.11131,-36.01532],[146.11316,-36.01551],[146.11614,-36.01707],[146.11719,-36.01781],[146.11791,-36.01807],[146.11872,-36.01801],[146.11938,-36.01788],[146.11989,-36.01743],[146.11923,-36.01496],[146.11933,-36.01408],[146.11979,-36.01408],[146.12111,-36.01486],[146.12209,-36.01512],[146.12242,-36.01511],[146.12447,-36.0143],[146.12467,-36.01386],[146.12524,-36.01009],[146.12806,-36.00955],[146.12878,-36.00915],[146.12991,-36.00823],[146.13037,-36.00755],[146.13063,-36.00676],[146.13084,-36.00445],[146.13122,-36.00374],[146.13202,-36.00312],[146.13278,-36.00281],[146.13361,-36.00258],[146.13476,-36.00255],[146.136,-36.00298],[146.13768,-36.00434],[146.1389,-36.00606],[146.14017,-36.00753],[146.14065,-36.00852],[146.14065,-36.00895],[146.1403,-36.00977],[146.13992,-36.01003],[146.13879,-36.00995],[146.1378,-36.0096],[146.137,-36.00957],[146.13657,-36.00937],[146.13576,-36.00927],[146.13328,-36.00948],[146.13257,-36.00974],[146.13196,-36.01023],[146.13169,-36.01054],[146.13165,-36.01126],[146.13199,-36.0124],[146.13252,-36.01321],[146.13309,-36.01483],[146.13196,-36.01624],[146.13157,-36.01634],[146.13115,-36.01733],[146.13101,-36.0183],[146.13124,-36.01932],[146.13153,-36.01954],[146.1327,-36.01995],[146.13329,-36.02001],[146.13408,-36.01983],[146.13508,-36.01931],[146.13588,-36.01833],[146.13702,-36.01778],[146.13964,-36.01747],[146.14099,-36.01702],[146.14234,-36.016],[146.14372,-36.01443],[146.1447,-36.01397],[146.14586,-36.01378],[146.14645,-36.01421],[146.14586,-36.01627],[146.14565,-36.0176],[146.14583,-36.01812],[146.14581,-36.01894],[146.14638,-36.02044],[146.14745,-36.02157],[146.14801,-36.02198],[146.15088,-36.02351],[146.152,-36.02431],[146.15362,-36.02496],[146.15468,-36.02516],[146.15569,-36.02493],[146.15581,-36.02474],[146.15587,-36.02446],[146.15549,-36.02332],[146.15552,-36.02296],[146.15614,-36.02174],[146.15678,-36.02133],[146.15716,-36.02131],[146.15817,-36.022],[146.15933,-36.02333],[146.15954,-36.02374],[146.16022,-36.02412],[146.16314,-36.02425],[146.16381,-36.02402],[146.16557,-36.023],[146.1684,-36.02221],[146.16939,-36.02175],[146.17069,-36.02095],[146.17098,-36.02053],[146.17188,-36.01974],[146.17278,-36.01931],[146.1731,-36.01929],[146.17387,-36.01973],[146.17435,-36.02053],[146.1745,-36.02135],[146.17429,-36.02253],[146.17455,-36.02354],[146.17508,-36.02457],[146.17585,-36.02539],[146.17654,-36.02639],[146.17782,-36.0274],[146.17823,-36.02827],[146.17832,-36.02932],[146.17814,-36.02987],[146.17681,-36.03205],[146.17687,-36.03257],[146.17646,-36.03356],[146.17695,-36.03397],[146.17765,-36.03405],[146.17899,-36.03341],[146.18041,-36.03323],[146.18097,-36.03338],[146.1818,-36.03397],[146.18206,-36.0344],[146.18207,-36.03509],[146.18153,-36.03569],[146.18124,-36.03581],[146.1805,-36.03577],[146.17927,-36.03596],[146.17809,-36.03683],[146.17806,-36.03707],[146.17831,-36.03763],[146.17893,-36.03826],[146.17992,-36.03865],[146.1822,-36.03927],[146.18335,-36.04007],[146.18406,-36.04131],[146.18495,-36.04192],[146.18598,-36.04207],[146.18658,-36.04177],[146.18828,-36.04151],[146.18985,-36.0403],[146.19031,-36.03973],[146.19048,-36.03929],[146.19027,-36.03924],[146.18947,-36.03953],[146.18944,-36.03941],[146.18994,-36.03903],[146.19166,-36.03627],[146.19209,-36.03599],[146.19297,-36.03592],[146.19369,-36.03545],[146.19497,-36.03359],[146.19472,-36.03309],[146.19508,-36.03225],[146.19528,-36.03202],[146.19663,-36.03136],[146.19712,-36.0307],[146.19858,-36.02798],[146.19924,-36.02745],[146.19981,-36.02738],[146.2012,-36.02747],[146.20286,-36.02777],[146.20364,-36.02817],[146.20406,-36.02821],[146.20411,-36.02848],[146.20388,-36.02879],[146.20331,-36.02888],[146.20149,-36.02825],[146.20059,-36.02817],[146.19976,-36.02829],[146.19922,-36.02858],[146.19808,-36.02993],[146.19866,-36.03133],[146.19894,-36.03288],[146.19918,-36.03298],[146.19949,-36.03273],[146.19937,-36.03242],[146.19949,-36.03219],[146.19993,-36.03275],[146.2001,-36.03332],[146.19983,-36.0341],[146.19897,-36.03473],[146.19878,-36.0351],[146.19855,-36.03616],[146.19875,-36.037],[146.1993,-36.03748],[146.20042,-36.0379],[146.202,-36.0383],[146.20379,-36.03899],[146.20475,-36.03916],[146.20518,-36.03908],[146.2054,-36.03881],[146.20546,-36.03702],[146.20504,-36.03587],[146.20529,-36.03501],[146.20683,-36.03425],[146.20774,-36.03354],[146.20918,-36.0319],[146.21012,-36.03059],[146.21105,-36.02892],[146.21158,-36.02856],[146.21204,-36.02852],[146.21266,-36.02867],[146.21336,-36.02922],[146.21402,-36.03023],[146.21453,-36.03139],[146.21585,-36.03283],[146.21596,-36.03324],[146.21557,-36.03375],[146.21474,-36.03385],[146.21353,-36.03379],[146.21234,-36.03409],[146.21164,-36.03451],[146.21057,-36.03544],[146.20992,-36.0367],[146.20987,-36.03789],[146.21025,-36.03862],[146.21115,-36.03886],[146.21201,-36.03869],[146.21312,-36.03742],[146.21307,-36.03719],[146.21331,-36.03678],[146.21429,-36.03601],[146.21463,-36.03592],[146.21556,-36.03598],[146.21724,-36.03665],[146.21882,-36.0369],[146.21973,-36.03687],[146.22047,-36.03651],[146.221,-36.03608],[146.22122,-36.03566],[146.22104,-36.03417],[146.22049,-36.03258],[146.22045,-36.03179],[146.2209,-36.03048],[146.22133,-36.0302],[146.22217,-36.02992],[146.22374,-36.02955],[146.22758,-36.02889],[146.22799,-36.02892],[146.22847,-36.02931],[146.22861,-36.02986],[146.22805,-36.03262],[146.22823,-36.03298],[146.22861,-36.03326],[146.22986,-36.03395],[146.23105,-36.0336],[146.23174,-36.03294],[146.23225,-36.03173],[146.23222,-36.03028],[146.2324,-36.02957],[146.23279,-36.02907],[146.23429,-36.02819],[146.23515,-36.02795],[146.23797,-36.02787],[146.23989,-36.02814],[146.24196,-36.02907],[146.24298,-36.02878],[146.24391,-36.02794],[146.244,-36.02729],[146.24373,-36.02663],[146.24309,-36.02579],[146.24136,-36.02439],[146.24126,-36.02379],[146.24143,-36.02352],[146.24238,-36.02349],[146.2433,-36.02368],[146.24541,-36.02387],[146.24887,-36.02455],[146.24967,-36.02427],[146.25069,-36.02346],[146.25089,-36.02313],[146.2504,-36.02204],[146.24987,-36.02159],[146.24895,-36.02151],[146.2479,-36.0216],[146.24652,-36.02146],[146.24618,-36.0214],[146.2455,-36.02096],[146.24465,-36.02008],[146.24445,-36.01926],[146.24459,-36.01834],[146.24508,-36.01787],[146.24568,-36.01751],[146.24777,-36.0172],[146.24813,-36.01749],[146.24841,-36.01854],[146.24906,-36.01908],[146.24948,-36.01933],[146.25126,-36.01958],[146.25186,-36.01914],[146.25234,-36.01853],[146.25283,-36.01573],[146.25306,-36.01528],[146.25631,-36.01328],[146.25675,-36.01282],[146.25718,-36.01205],[146.25749,-36.01215],[146.2576,-36.01387],[146.25829,-36.01487],[146.25916,-36.01539],[146.26006,-36.01542],[146.26108,-36.01592],[146.26169,-36.01647],[146.26172,-36.01691],[146.2607,-36.01918],[146.26055,-36.0201],[146.26067,-36.02092],[146.26101,-36.02148],[146.2614,-36.02171],[146.26236,-36.02186],[146.263,-36.02172],[146.26396,-36.02172],[146.26548,-36.02102],[146.26665,-36.0209],[146.2671,-36.02098],[146.26779,-36.02147],[146.26803,-36.02218],[146.26792,-36.02272],[146.26741,-36.02372],[146.26741,-36.0245],[146.26768,-36.02506],[146.26815,-36.02534],[146.2699,-36.02579],[146.27038,-36.02626],[146.27074,-36.02642],[146.27286,-36.02663],[146.27382,-36.02604],[146.2747,-36.02522],[146.27712,-36.02404],[146.27799,-36.02284],[146.27805,-36.02246],[146.27803,-36.02201],[146.27669,-36.02148],[146.27607,-36.02137],[146.27506,-36.02092],[146.27463,-36.02048],[146.27427,-36.01987],[146.27439,-36.01944],[146.27534,-36.0186],[146.27581,-36.01838],[146.27605,-36.01868],[146.27617,-36.01862],[146.2762,-36.01816],[146.27669,-36.01709],[146.27666,-36.01654],[146.27639,-36.01584],[146.27503,-36.01316],[146.27503,-36.01244],[146.27532,-36.01205],[146.27574,-36.01178],[146.27709,-36.01153],[146.27965,-36.01133],[146.28085,-36.01138],[146.2829,-36.01105],[146.28322,-36.01115],[146.28342,-36.01138],[146.28342,-36.01164],[146.28316,-36.01187],[146.2826,-36.01208],[146.28081,-36.01232],[146.27987,-36.01262],[146.27929,-36.01293],[146.27863,-36.01352],[146.27833,-36.014],[146.27827,-36.01446],[146.27856,-36.01551],[146.2788,-36.01585],[146.27954,-36.0165],[146.27991,-36.01658],[146.28105,-36.01651],[146.28206,-36.01608],[146.28332,-36.01469],[146.28398,-36.01425],[146.28491,-36.01403],[146.28624,-36.01425],[146.28813,-36.01509],[146.2883,-36.01758],[146.28927,-36.01884],[146.2897,-36.01919],[146.2908,-36.01973],[146.29113,-36.02016],[146.29103,-36.02043],[146.29068,-36.02063],[146.28886,-36.02062],[146.28607,-36.02132],[146.28464,-36.02189],[146.28255,-36.02296],[146.28179,-36.02412],[146.28218,-36.02619],[146.2826,-36.02681],[146.28319,-36.02725],[146.28396,-36.02754],[146.28552,-36.02767],[146.28697,-36.02727],[146.28912,-36.02632],[146.29022,-36.02563],[146.29106,-36.02475],[146.29167,-36.02462],[146.29209,-36.02491],[146.29218,-36.02516],[146.292,-36.02687],[146.29289,-36.02839],[146.2931,-36.0295],[146.29293,-36.02986],[146.29219,-36.03021],[146.29156,-36.0302],[146.29024,-36.02987],[146.2876,-36.02979],[146.28678,-36.02998],[146.28611,-36.03045],[146.28597,-36.03148],[146.28609,-36.03286],[146.28636,-36.03346],[146.2874,-36.03401],[146.29003,-36.03482],[146.29106,-36.03545],[146.2913,-36.03594],[146.29108,-36.03625],[146.29047,-36.03643],[146.28774,-36.03618],[146.28645,-36.03634],[146.28585,-36.0366],[146.28409,-36.03777],[146.28338,-36.03841],[146.28256,-36.03986],[146.28272,-36.04117],[146.28302,-36.04149],[146.28423,-36.04199],[146.28486,-36.04203],[146.28542,-36.04169],[146.28693,-36.04014],[146.28798,-36.03935],[146.28918,-36.03901],[146.29024,-36.03884],[146.29095,-36.03883],[146.2914,-36.03895],[146.29168,-36.03913],[146.29179,-36.03956],[146.29119,-36.04081],[146.29101,-36.04256],[146.2913,-36.04389],[146.29192,-36.04495],[146.2926,-36.04552],[146.29434,-36.04627],[146.29654,-36.04692],[146.2983,-36.04776],[146.29901,-36.04786],[146.29999,-36.04768],[146.30095,-36.04694],[146.30204,-36.04559],[146.30214,-36.04482],[146.30171,-36.04432],[146.30042,-36.04374],[146.29801,-36.04475],[146.29746,-36.04482],[146.29686,-36.04464],[146.29692,-36.04401],[146.29753,-36.04334],[146.29789,-36.04271],[146.29719,-36.04056],[146.29711,-36.0397],[146.29747,-36.03899],[146.29814,-36.03828],[146.29949,-36.03732],[146.30096,-36.03659],[146.30124,-36.03664],[146.30144,-36.037],[146.30087,-36.03917],[146.30085,-36.04041],[146.30108,-36.0413],[146.30168,-36.04217],[146.30354,-36.04322],[146.30414,-36.04335],[146.30486,-36.04329],[146.30577,-36.04284],[146.30627,-36.0422],[146.30632,-36.04161],[146.30601,-36.04051],[146.30618,-36.04019],[146.30677,-36.03968],[146.30731,-36.03941],[146.30812,-36.03922],[146.30877,-36.03927],[146.30903,-36.03949],[146.31053,-36.04277],[146.31136,-36.04423],[146.31181,-36.04475],[146.31299,-36.04557],[146.31347,-36.04558],[146.31459,-36.04533],[146.31492,-36.04508],[146.31514,-36.0447],[146.31537,-36.04352],[146.31496,-36.04229],[146.31496,-36.03955],[146.3152,-36.03892],[146.31588,-36.03845],[146.31669,-36.0384],[146.3174,-36.03876],[146.31844,-36.04029],[146.31913,-36.042],[146.32033,-36.0426],[146.32086,-36.04261],[146.32156,-36.04244],[146.32162,-36.04228],[146.32235,-36.04176],[146.32364,-36.04137],[146.32428,-36.04157],[146.32558,-36.04234],[146.32722,-36.04309],[146.32794,-36.04323],[146.32907,-36.04314],[146.32959,-36.04289],[146.32999,-36.04209],[146.32934,-36.04027],[146.32938,-36.04002],[146.33086,-36.03881],[146.33149,-36.03772],[146.33159,-36.03724],[146.33126,-36.03601],[146.331,-36.03565],[146.33046,-36.03544],[146.3291,-36.03534],[146.32731,-36.03542],[146.32568,-36.03487],[146.32499,-36.03413],[146.32502,-36.03354],[146.32725,-36.03216],[146.32779,-36.03114],[146.32796,-36.03011],[146.32819,-36.02962],[146.33015,-36.02822],[146.33066,-36.02756],[146.33092,-36.02667],[146.33138,-36.02642],[146.33182,-36.02644],[146.33263,-36.02718],[146.3332,-36.02748],[146.33408,-36.02766],[146.33519,-36.02751],[146.33791,-36.02639],[146.33889,-36.02639],[146.33991,-36.02664],[146.34087,-36.02706],[146.34224,-36.02792],[146.34475,-36.02868],[146.34576,-36.02921],[146.34639,-36.03263],[146.34685,-36.03385],[146.34703,-36.03587],[146.34693,-36.03764],[146.34722,-36.03835],[146.34877,-36.03995],[146.34898,-36.04069],[146.35001,-36.04176],[146.35084,-36.04222],[146.35196,-36.04261],[146.35264,-36.04138],[146.35419,-36.04047],[146.35546,-36.04017],[146.35668,-36.0403],[146.35757,-36.04056],[146.36101,-36.04281],[146.36157,-36.0433],[146.36272,-36.04475],[146.36422,-36.04728],[146.3669,-36.0501],[146.36748,-36.0505],[146.36868,-36.05086],[146.36958,-36.05074],[146.37004,-36.0505],[146.37171,-36.04781],[146.37318,-36.04649],[146.3748,-36.04615],[146.3783,-36.04566],[146.37895,-36.04534],[146.37957,-36.04474],[146.37981,-36.04402],[146.37969,-36.04288],[146.37912,-36.04219],[146.37761,-36.04127],[146.37626,-36.03997],[146.37595,-36.03889],[146.37626,-36.03836],[146.37783,-36.03826],[146.3794,-36.03869],[146.38062,-36.03887],[146.38184,-36.03967],[146.38256,-36.03961],[146.38278,-36.03941],[146.38364,-36.0391],[146.38498,-36.03839],[146.38594,-36.03774],[146.38684,-36.03684],[146.38756,-36.03564],[146.38762,-36.03515],[146.38735,-36.03408],[146.38675,-36.03331],[146.38537,-36.03222],[146.38133,-36.0303],[146.38069,-36.02973],[146.37959,-36.02813],[146.37887,-36.02539],[146.37863,-36.02307],[146.37886,-36.02063],[146.37951,-36.01665],[146.37986,-36.01482],[146.38061,-36.01289],[146.38325,-36.01028],[146.38488,-36.00897],[146.38753,-36.00742],[146.38993,-36.00685],[146.39113,-36.00676],[146.39244,-36.00709],[146.39546,-36.00727],[146.396,-36.00752],[146.39665,-36.00809],[146.39717,-36.00825],[146.39832,-36.00802],[146.39857,-36.00759],[146.39913,-36.0072],[146.39982,-36.00615],[146.40002,-36.00488],[146.39979,-36.00359],[146.39817,-36.00054],[146.39794,-35.99947],[146.39803,-35.9981],[146.3985,-35.99606],[146.40087,-35.99301],[146.40296,-35.98878],[146.40357,-35.98822],[146.40441,-35.98771],[146.40727,-35.9872],[146.40917,-35.98649],[146.41295,-35.9854],[146.41585,-35.98397],[146.41595,-35.98326],[146.41569,-35.98276],[146.41517,-35.98227],[146.41427,-35.98186],[146.41356,-35.98171],[146.41263,-35.98172],[146.41243,-35.98161],[146.4124,-35.98138],[146.41273,-35.98101],[146.41421,-35.9804],[146.41499,-35.97975],[146.41526,-35.97915],[146.41524,-35.9781],[146.4142,-35.97614],[146.41422,-35.97582],[146.41486,-35.97524],[146.41537,-35.97535],[146.41559,-35.97553],[146.41646,-35.97703],[146.41682,-35.97799],[146.41702,-35.97817],[146.41854,-35.97866],[146.41975,-35.97851],[146.42036,-35.97816],[146.42083,-35.9774],[146.42076,-35.97669],[146.42053,-35.9763],[146.41899,-35.97531],[146.41893,-35.97476],[146.41916,-35.97362],[146.4193,-35.97345],[146.42003,-35.97313],[146.42062,-35.97314],[146.42192,-35.97402],[146.423,-35.97431],[146.42342,-35.97426],[146.42398,-35.974],[146.42464,-35.97356],[146.42517,-35.97303],[146.42504,-35.97197],[146.42478,-35.97156],[146.42324,-35.97016],[146.42185,-35.96819],[146.42141,-35.96712],[146.42138,-35.9667],[146.42167,-35.96583],[146.42441,-35.96496],[146.42528,-35.96453],[146.42606,-35.96386],[146.4272,-35.96476],[146.42912,-35.96552],[146.43321,-35.96628],[146.43637,-35.9667],[146.43761,-35.96726],[146.43859,-35.96833],[146.43923,-35.96949],[146.43927,-35.97049],[146.4389,-35.97185],[146.43895,-35.97297],[146.43939,-35.97431],[146.43991,-35.97486],[146.44113,-35.97569],[146.44235,-35.97623],[146.44331,-35.97624],[146.44389,-35.97601],[146.44464,-35.9754],[146.44517,-35.97476],[146.4453,-35.97423],[146.44595,-35.97305],[146.44656,-35.9708],[146.44689,-35.97007],[146.44713,-35.96819],[146.44707,-35.96782],[146.44743,-35.96558],[146.44767,-35.96502],[146.44896,-35.96458],[146.45097,-35.96426],[146.45198,-35.96358],[146.45317,-35.96249],[146.45383,-35.96216],[146.4546,-35.96225],[146.455,-35.96275],[146.45512,-35.96316],[146.45547,-35.96553],[146.45576,-35.9661],[146.45633,-35.96655],[146.45701,-35.96673],[146.45776,-35.96665],[146.45974,-35.96526],[146.46043,-35.96491],[146.46116,-35.96483],[146.46195,-35.965],[146.46235,-35.96534],[146.46336,-35.96666],[146.46342,-35.96691],[146.4634,-35.96742],[146.46219,-35.96896],[146.46206,-35.96947],[146.46219,-35.97059],[146.46285,-35.97115],[146.46447,-35.97212],[146.46729,-35.97454],[146.46846,-35.97521],[146.46925,-35.9755],[146.46971,-35.97586],[146.47008,-35.97645],[146.46995,-35.97712],[146.46935,-35.97797],[146.46863,-35.97841],[146.46717,-35.97884],[146.46628,-35.97954],[146.46593,-35.98007],[146.46578,-35.98101],[146.46632,-35.98309],[146.46681,-35.98377],[146.46741,-35.98424],[146.46798,-35.98455],[146.46868,-35.98455],[146.46937,-35.98399],[146.46953,-35.98346],[146.46928,-35.9817],[146.46938,-35.98129],[146.46999,-35.98092],[146.47044,-35.98098],[146.47064,-35.98118],[146.4708,-35.98228],[146.47175,-35.98318],[146.47316,-35.98376],[146.47443,-35.98384],[146.47496,-35.98322],[146.47612,-35.98249],[146.4771,-35.98228],[146.47739,-35.98246],[146.47751,-35.98287],[146.47746,-35.98351],[146.47778,-35.98415],[146.4783,-35.98455],[146.47943,-35.98509],[146.48163,-35.9852],[146.48407,-35.98483],[146.48559,-35.98486],[146.48643,-35.98501],[146.4872,-35.9853],[146.48774,-35.98587],[146.48783,-35.98616],[146.48772,-35.98772],[146.48797,-35.98914],[146.48843,-35.98996],[146.48934,-35.99056],[146.4913,-35.99116],[146.49271,-35.99135],[146.4942,-35.99138],[146.49563,-35.99116],[146.49973,-35.99087],[146.50094,-35.99068],[146.50206,-35.99032],[146.50299,-35.98972],[146.50363,-35.98912],[146.5041,-35.98825],[146.50424,-35.98712],[146.50382,-35.98536],[146.50285,-35.98378],[146.50213,-35.98319],[146.50064,-35.98421],[146.49854,-35.98593],[146.49798,-35.98612],[146.49666,-35.9862],[146.49458,-35.98611],[146.49351,-35.98621],[146.49275,-35.98588],[146.49255,-35.98563],[146.49248,-35.98501],[146.49259,-35.98476],[146.49306,-35.98439],[146.49468,-35.98352],[146.49611,-35.98213],[146.49678,-35.98169],[146.49796,-35.98154],[146.49941,-35.98084],[146.50018,-35.98016],[146.50067,-35.97924],[146.50043,-35.97824],[146.50009,-35.97781],[146.49729,-35.97539],[146.49645,-35.97394],[146.49632,-35.97327],[146.49766,-35.97079],[146.49781,-35.97017],[146.49749,-35.96818],[146.4976,-35.96749],[146.49842,-35.96652],[146.50018,-35.96565],[146.50062,-35.9653],[146.50103,-35.96477],[146.50139,-35.96388],[146.50158,-35.963],[146.5016,-35.96077],[146.50126,-35.9599],[146.50103,-35.95967],[146.50103,-35.95863],[146.50118,-35.95835],[146.50143,-35.95823],[146.50259,-35.95823],[146.50462,-35.95929],[146.5067,-35.96004],[146.50887,-35.96147],[146.51081,-35.96335],[146.51196,-35.96418],[146.51321,-35.96418],[146.51487,-35.96384],[146.51589,-35.96339],[146.5164,-35.96297],[146.51719,-35.96203],[146.51783,-35.96068],[146.51848,-35.96034],[146.51917,-35.96038],[146.51968,-35.9606],[146.52014,-35.96098],[146.52144,-35.96267],[146.5219,-35.96342],[146.52194,-35.96414],[146.52181,-35.96448],[146.51977,-35.96643],[146.51954,-35.96749],[146.51959,-35.96839],[146.51945,-35.96865],[146.5196,-35.96957],[146.52264,-35.97061],[146.52347,-35.97057],[146.52508,-35.97012],[146.52606,-35.97008],[146.52656,-35.97042],[146.52684,-35.97098],[146.52753,-35.97181],[146.528,-35.97271],[146.5292,-35.9738],[146.53044,-35.97459],[146.53137,-35.97501],[146.53243,-35.97584],[146.53276,-35.97651],[146.53276,-35.97704],[146.53211,-35.97847],[146.5316,-35.98215],[146.53169,-35.98313],[146.53197,-35.98392],[146.53229,-35.9843],[146.53294,-35.98456],[146.53354,-35.9846],[146.53451,-35.98437],[146.53507,-35.98404],[146.53705,-35.98234],[146.53738,-35.98215],[146.53779,-35.98223],[146.53812,-35.98245],[146.53826,-35.98283],[146.53816,-35.9846],[146.53895,-35.98471],[146.53978,-35.98535],[146.54071,-35.98561],[146.54191,-35.98637],[146.54265,-35.98697],[146.54366,-35.98821],[146.54445,-35.98892],[146.54611,-35.98979],[146.54736,-35.99061],[146.54782,-35.99155],[146.54833,-35.99212],[146.5487,-35.99231],[146.54958,-35.99246],[146.55023,-35.99242],[146.55092,-35.99212],[146.55194,-35.99137],[146.55411,-35.99065],[146.55577,-35.98948],[146.55596,-35.98918],[146.55591,-35.98802],[146.55554,-35.98756],[146.55522,-35.98741],[146.5543,-35.98734],[146.55249,-35.98798],[146.55157,-35.98806],[146.55097,-35.98802],[146.55055,-35.98764],[146.55046,-35.98659],[146.55009,-35.98587],[146.55009,-35.98569],[146.55027,-35.98554],[146.55208,-35.98572],[146.55379,-35.98538],[146.55466,-35.98478],[146.55503,-35.98403],[146.55508,-35.98316],[146.55494,-35.98275],[146.55355,-35.98162],[146.55337,-35.98132],[146.55217,-35.98046],[146.55194,-35.97982],[146.55221,-35.97933],[146.55254,-35.97906],[146.55355,-35.97865],[146.55448,-35.9785],[146.5555,-35.9785],[146.55785,-35.97914],[146.55855,-35.97914],[146.55896,-35.97899],[146.55878,-35.97854],[146.55965,-35.9768],[146.55998,-35.9765],[146.5603,-35.97639],[146.56063,-35.97558],[146.56019,-35.97433],[146.55897,-35.97306],[146.55896,-35.97119],[146.55937,-35.97069],[146.56029,-35.97061],[146.56104,-35.97018],[146.56233,-35.96915],[146.56252,-35.96876],[146.56258,-35.96818],[146.56295,-35.96771],[146.56311,-35.96784],[146.56341,-35.96888],[146.56585,-35.9704],[146.56587,-35.97072],[146.56287,-35.97227],[146.56256,-35.97267],[146.56217,-35.97355],[146.56185,-35.97477],[146.56185,-35.97547],[146.56238,-35.97692],[146.56349,-35.97684],[146.56603,-35.97526],[146.5664,-35.97511],[146.56714,-35.97515],[146.56783,-35.97537],[146.56825,-35.97575],[146.56797,-35.97676],[146.56802,-35.97763],[146.56834,-35.97827],[146.56927,-35.97917],[146.56959,-35.97928],[146.57042,-35.97928],[146.57162,-35.97891],[146.57264,-35.97898],[146.57357,-35.97883],[146.57467,-35.97883],[146.57597,-35.97845],[146.57652,-35.97857],[146.57717,-35.9789],[146.57791,-35.97954],[146.57921,-35.98187],[146.58013,-35.9827],[146.58249,-35.98356],[146.58397,-35.98386],[146.58457,-35.98379],[146.58637,-35.98326],[146.58697,-35.98221],[146.58702,-35.98153],[146.58669,-35.98066],[146.58637,-35.98021],[146.5842,-35.97811],[146.58382,-35.97751],[146.58364,-35.97691],[146.58359,-35.9757],[146.58369,-35.97533],[146.58415,-35.97499],[146.58447,-35.97487],[146.58498,-35.97491],[146.58613,-35.97517],[146.58701,-35.97506],[146.58752,-35.97483],[146.58821,-35.97431],[146.58928,-35.97408],[146.59348,-35.97438],[146.59515,-35.97427],[146.59621,-35.9737],[146.59695,-35.9731],[146.59778,-35.97216],[146.59944,-35.9708],[146.59986,-35.9711],[146.59981,-35.97276],[146.60018,-35.97505],[146.60074,-35.97565],[146.60115,-35.97588],[146.60189,-35.9758],[146.60268,-35.97535],[146.60323,-35.97358],[146.6036,-35.97324],[146.6042,-35.97339],[146.60661,-35.97471],[146.60744,-35.97489],[146.60799,-35.9747],[146.60975,-35.97309],[146.61021,-35.97282],[146.61072,-35.97263],[146.61132,-35.97263],[146.61252,-35.97286],[146.61354,-35.97335],[146.61488,-35.97432],[146.61622,-35.97466],[146.61765,-35.97534],[146.61835,-35.97545],[146.61867,-35.97567],[146.61872,-35.97594],[146.61747,-35.97695],[146.61419,-35.97763],[146.61234,-35.97839],[146.61128,-35.9791],[146.61077,-35.98008],[146.61096,-35.98068],[146.6116,-35.98114],[146.61202,-35.98125],[146.61507,-35.98113],[146.61618,-35.98132],[146.61646,-35.98154],[146.61646,-35.98188],[146.61613,-35.98237],[146.6153,-35.98305],[146.61341,-35.98369],[146.60971,-35.98542],[146.60851,-35.98573],[146.60782,-35.98637],[146.60773,-35.98761],[146.60833,-35.9887],[146.60939,-35.98941],[146.61244,-35.99027],[146.61314,-35.99106],[146.61337,-35.99178],[146.61337,-35.99242],[146.61286,-35.99385],[146.61286,-35.99471],[146.61305,-35.99516],[146.6143,-35.99648],[146.61485,-35.99682],[146.61592,-35.99667],[146.61647,-35.9961],[146.6167,-35.99546],[146.61781,-35.99388],[146.61823,-35.99373],[146.6191,-35.99365],[146.61989,-35.99377],[146.62054,-35.99395],[146.62105,-35.99426],[146.62225,-35.99531],[146.62234,-35.99553],[146.62234,-35.99587],[146.62193,-35.99662],[146.62073,-35.99783],[146.6205,-35.99828],[146.62048,-35.99847],[146.62074,-35.99885],[146.62155,-35.99953],[146.62189,-35.99965],[146.62237,-35.99963],[146.62334,-35.9993],[146.62396,-35.99866],[146.62441,-35.99797],[146.62447,-35.99752],[146.62493,-35.99673],[146.62544,-35.99639],[146.62604,-35.99639],[146.62655,-35.99673],[146.62651,-35.99786],[146.62674,-35.99839],[146.62729,-35.99927],[146.62822,-35.99993],[146.62983,-36.00023],[146.63075,-36.00009],[146.63189,-35.99959],[146.6329,-35.99946],[146.63324,-35.99956],[146.63401,-36.00006],[146.63401,-36.0003],[146.63385,-36.00052],[146.63174,-36.00158],[146.63071,-36.00247],[146.63055,-36.00268],[146.63078,-36.00268],[146.6311,-36.00351],[146.63175,-36.00423],[146.63279,-36.00446],[146.63366,-36.00447],[146.63461,-36.00473],[146.63565,-36.00509],[146.63646,-36.00554],[146.63812,-36.00683],[146.63879,-36.00779],[146.64013,-36.00938],[146.64037,-36.00952],[146.64169,-36.00948],[146.64222,-36.00925],[146.64262,-36.00865],[146.64263,-36.00785],[146.64164,-36.00635],[146.64129,-36.00551],[146.64128,-36.00513],[146.64171,-36.00434],[146.64213,-36.00413],[146.6429,-36.00413],[146.64325,-36.00435],[146.64346,-36.00472],[146.64362,-36.00598],[146.64385,-36.00653],[146.64466,-36.00755],[146.64531,-36.0078],[146.64651,-36.00792],[146.64713,-36.00782],[146.64875,-36.00718],[146.65087,-36.00774],[146.65111,-36.00814],[146.65103,-36.00835],[146.65044,-36.00877],[146.6496,-36.00966],[146.64932,-36.01105],[146.64933,-36.01172],[146.64958,-36.01238],[146.64954,-36.01285],[146.64981,-36.01345],[146.65018,-36.0138],[146.65083,-36.01431],[146.65157,-36.01466],[146.65272,-36.01492],[146.65374,-36.01483],[146.65533,-36.01436],[146.65759,-36.01387],[146.65796,-36.0139],[146.65834,-36.01412],[146.65857,-36.01449],[146.65886,-36.01598],[146.6588,-36.01648],[146.65789,-36.01764],[146.6572,-36.01794],[146.656,-36.01794],[146.65529,-36.01777],[146.65443,-36.0173],[146.65378,-36.01711],[146.65293,-36.01711],[146.65213,-36.01721],[146.65131,-36.01767],[146.65092,-36.01772],[146.65034,-36.01841],[146.65044,-36.02016],[146.65081,-36.02062],[146.65303,-36.02172],[146.65349,-36.02168],[146.65377,-36.02185],[146.65658,-36.02114],[146.65765,-36.02132],[146.65806,-36.02162],[146.65829,-36.02197],[146.65831,-36.02228],[146.65794,-36.02281],[146.65612,-36.02417],[146.65524,-36.02465],[146.65552,-36.02583],[146.656,-36.02625],[146.65685,-36.02643],[146.65785,-36.02637],[146.66035,-36.02595],[146.66177,-36.02604],[146.66243,-36.02643],[146.66358,-36.02835],[146.6642,-36.02895],[146.66464,-36.02913],[146.66584,-36.02909],[146.66798,-36.02872],[146.66867,-36.02857],[146.67022,-36.02791],[146.66924,-36.02612],[146.66882,-36.02572],[146.66769,-36.02503],[146.66681,-36.0241],[146.66635,-36.02263],[146.66563,-36.02104],[146.66554,-36.01998],[146.66592,-36.01896],[146.66621,-36.01865],[146.66698,-36.01825],[146.66835,-36.01778],[146.66864,-36.01778],[146.6693,-36.01831],[146.66919,-36.01911],[146.66866,-36.02024],[146.66885,-36.02239],[146.66903,-36.02293],[146.6695,-36.02347],[146.67,-36.02462],[146.67062,-36.02531],[146.67136,-36.02587],[146.67247,-36.02599],[146.67305,-36.02495],[146.67369,-36.02263],[146.67393,-36.0222],[146.67428,-36.02196],[146.67481,-36.02184],[146.67898,-36.02192],[146.6802,-36.02238],[146.68149,-36.02335],[146.68216,-36.02428],[146.68233,-36.02481],[146.68219,-36.02559],[146.68128,-36.0262],[146.68066,-36.02637],[146.67914,-36.02646],[146.67771,-36.02669],[146.67634,-36.02715],[146.67536,-36.0286],[146.67589,-36.0295],[146.67667,-36.02981],[146.67798,-36.0301],[146.68008,-36.02925],[146.682,-36.02914],[146.68246,-36.02936],[146.68292,-36.03007],[146.68292,-36.03044],[146.68262,-36.03083],[146.68115,-36.03193],[146.67997,-36.03302],[146.67995,-36.03438],[146.68227,-36.03867],[146.68408,-36.03973],[146.68521,-36.04009],[146.68581,-36.04058],[146.68648,-36.04069],[146.68703,-36.04098],[146.68752,-36.04106],[146.68816,-36.04104],[146.68957,-36.04058],[146.68992,-36.04025],[146.6901,-36.03985],[146.68994,-36.03959],[146.68992,-36.03917],[146.68999,-36.03863],[146.69024,-36.03828],[146.69188,-36.03748],[146.69267,-36.03695],[146.69426,-36.0354],[146.69477,-36.0348],[146.695,-36.03432],[146.69507,-36.03378],[146.69497,-36.03336],[146.69454,-36.03293],[146.69401,-36.0327],[146.69341,-36.03264],[146.69102,-36.03281],[146.69049,-36.03239],[146.68959,-36.03209],[146.68902,-36.03158],[146.689,-36.0312],[146.68904,-36.03088],[146.6896,-36.03045],[146.69032,-36.03036],[146.69133,-36.03103],[146.69264,-36.03142],[146.69442,-36.03143],[146.69541,-36.03115],[146.69652,-36.03124],[146.69719,-36.03176],[146.69761,-36.03278],[146.69846,-36.03353],[146.69925,-36.03373],[146.70128,-36.03354],[146.70264,-36.03372],[146.70343,-36.03405],[146.70585,-36.03587],[146.7067,-36.03614],[146.70714,-36.03612],[146.70807,-36.03584],[146.70903,-36.03522],[146.70996,-36.0344],[146.71005,-36.03409],[146.70961,-36.03292],[146.70946,-36.03286],[146.70913,-36.03302],[146.70878,-36.03295],[146.70824,-36.0323],[146.70833,-36.03155],[146.70823,-36.02997],[146.70847,-36.02965],[146.70888,-36.02943],[146.71017,-36.02918],[146.71138,-36.02929],[146.7125,-36.0292],[146.71449,-36.02802],[146.71555,-36.02684],[146.71589,-36.02656],[146.71628,-36.02648],[146.71663,-36.02651],[146.7171,-36.02681],[146.71896,-36.02828],[146.71972,-36.02855],[146.72113,-36.02875],[146.72245,-36.02861],[146.72296,-36.02841],[146.7237,-36.02782],[146.72462,-36.02755],[146.72537,-36.02756],[146.72723,-36.02682],[146.72875,-36.02553],[146.7291,-36.02506],[146.73028,-36.02414],[146.73081,-36.02382],[146.73164,-36.02372],[146.73212,-36.02398],[146.73241,-36.0244],[146.73256,-36.02513],[146.73295,-36.02597],[146.73285,-36.02659],[146.7318,-36.02695],[146.72967,-36.02735],[146.72917,-36.02765],[146.72861,-36.02848],[146.72836,-36.02911],[146.72839,-36.02955],[146.72889,-36.03029],[146.72989,-36.03117],[146.73058,-36.0314],[146.73119,-36.03143],[146.73194,-36.03119],[146.73189,-36.03102],[146.73236,-36.03098],[146.73262,-36.03142],[146.73291,-36.03317],[146.73287,-36.03446],[146.73316,-36.03486],[146.73476,-36.03569],[146.73506,-36.036],[146.73514,-36.03672],[146.73449,-36.03731],[146.73346,-36.03755],[146.73193,-36.03824],[146.73129,-36.03918],[146.73099,-36.04007],[146.73061,-36.04355],[146.73068,-36.04409],[146.73052,-36.04463],[146.73084,-36.04524],[146.73164,-36.04582],[146.73298,-36.04582],[146.73319,-36.04591],[146.73482,-36.04787],[146.7352,-36.0481],[146.73596,-36.04818],[146.737,-36.04774],[146.73788,-36.047],[146.73912,-36.04552],[146.73958,-36.04516],[146.73984,-36.0451],[146.74067,-36.04537],[146.74233,-36.04709],[146.74321,-36.04752],[146.74463,-36.04784],[146.7457,-36.04731],[146.74725,-36.04593],[146.74804,-36.04381],[146.74839,-36.04321],[146.74927,-36.04227],[146.75054,-36.04158],[146.75132,-36.04141],[146.75215,-36.04148],[146.75249,-36.04164],[146.75293,-36.04211],[146.75319,-36.04281],[146.7531,-36.04339],[146.75143,-36.04553],[146.75054,-36.04905],[146.75063,-36.05057],[146.74982,-36.05105],[146.74872,-36.0511],[146.74855,-36.0513],[146.74851,-36.05162],[146.74874,-36.05192],[146.74795,-36.05288],[146.74781,-36.05323],[146.74781,-36.05445],[146.74721,-36.05601],[146.74718,-36.05773],[146.74698,-36.05849],[146.74724,-36.05955],[146.74798,-36.06034],[146.74985,-36.06128],[146.7504,-36.06142],[146.75198,-36.06128],[146.75371,-36.06069],[146.75507,-36.05948],[146.75523,-36.05888],[146.75571,-36.05868],[146.75585,-36.05843],[146.7549,-36.05789],[146.75407,-36.05707],[146.75305,-36.05657],[146.75259,-36.05587],[146.75281,-36.05547],[146.75346,-36.05524],[146.75391,-36.05541],[146.75502,-36.0563],[146.75636,-36.05692],[146.757,-36.05693],[146.75747,-36.05676],[146.75813,-36.05623],[146.75843,-36.05576],[146.75838,-36.05509],[146.75775,-36.05441],[146.75715,-36.05408],[146.75585,-36.05286],[146.75581,-36.05257],[146.75647,-36.05181],[146.75712,-36.05167],[146.75912,-36.05256],[146.75965,-36.0526],[146.76045,-36.05242],[146.76136,-36.05176],[146.76232,-36.05166],[146.76306,-36.05221],[146.76307,-36.05291],[146.76221,-36.05406],[146.75999,-36.05588],[146.7597,-36.05643],[146.75961,-36.05724],[146.76021,-36.05817],[146.76127,-36.05882],[146.7621,-36.05905],[146.76282,-36.05952],[146.76384,-36.05975],[146.76471,-36.05975],[146.76462,-36.05943],[146.76533,-36.05876],[146.7655,-36.05843],[146.76519,-36.05733],[146.76531,-36.05673],[146.76554,-36.0564],[146.76641,-36.05574],[146.76716,-36.05567],[146.76744,-36.05618],[146.7676,-36.05803],[146.76782,-36.05852],[146.76827,-36.05899],[146.76869,-36.05912],[146.76994,-36.05892],[146.77076,-36.05826],[146.77129,-36.05805],[146.77194,-36.0582],[146.77365,-36.05896],[146.77569,-36.05928],[146.77692,-36.05999],[146.7777,-36.06074],[146.77954,-36.06358],[146.78047,-36.06454],[146.78196,-36.06462],[146.78314,-36.06385],[146.78348,-36.06324],[146.78289,-36.06221],[146.78111,-36.0614],[146.78097,-36.06089],[146.78134,-36.06044],[146.78208,-36.05992],[146.78362,-36.0597],[146.78418,-36.05933],[146.78572,-36.05943],[146.78646,-36.0596],[146.78783,-36.05934],[146.78825,-36.05939],[146.78867,-36.05966],[146.78888,-36.06006],[146.78888,-36.06062],[146.78872,-36.061],[146.78696,-36.06262],[146.78657,-36.06328],[146.78644,-36.06364],[146.78663,-36.06403],[146.78701,-36.06436],[146.78756,-36.06462],[146.78856,-36.06483],[146.78883,-36.0647],[146.78896,-36.0644],[146.78962,-36.06379],[146.79022,-36.06361],[146.79173,-36.06359],[146.79222,-36.06377],[146.79315,-36.06451],[146.79436,-36.06513],[146.79618,-36.06514],[146.79724,-36.06472],[146.79857,-36.06397],[146.79874,-36.06339],[146.7986,-36.06249],[146.7981,-36.06208],[146.79611,-36.06178],[146.79473,-36.06179],[146.79365,-36.06147],[146.79337,-36.06124],[146.79328,-36.06087],[146.79351,-36.06032],[146.79457,-36.05854],[146.79565,-36.05744],[146.79656,-36.05721],[146.79748,-36.05747],[146.79902,-36.05844],[146.80015,-36.05854],[146.80078,-36.05836],[146.80139,-36.05802],[146.80212,-36.05719],[146.80295,-36.05528],[146.80312,-36.05511],[146.80337,-36.05508],[146.80394,-36.05519],[146.80411,-36.05551],[146.80395,-36.05651],[146.80402,-36.05805],[146.80415,-36.0583],[146.80551,-36.05954],[146.80623,-36.06081],[146.80683,-36.0613],[146.81091,-36.0623],[146.81473,-36.06411],[146.81475,-36.06431],[146.81339,-36.06525],[146.81314,-36.06581],[146.81279,-36.06724],[146.81316,-36.06789],[146.81393,-36.06826],[146.8167,-36.06735],[146.81739,-36.0673],[146.81805,-36.06755],[146.81838,-36.06783],[146.8185,-36.06871],[146.81823,-36.06919],[146.81772,-36.06935],[146.81579,-36.06949],[146.81537,-36.06965],[146.81468,-36.07037],[146.81448,-36.07125],[146.8148,-36.07284],[146.81529,-36.07356],[146.8163,-36.07438],[146.81666,-36.07458],[146.81704,-36.07462],[146.81798,-36.07418],[146.81899,-36.07313],[146.8206,-36.07228],[146.82194,-36.07053],[146.82286,-36.06979],[146.82348,-36.06964],[146.82413,-36.0697],[146.82475,-36.06993],[146.82526,-36.0704],[146.82554,-36.07085],[146.82582,-36.07252],[146.8255,-36.0731],[146.82496,-36.0734],[146.82399,-36.07424],[146.82358,-36.07477],[146.82358,-36.07503],[146.82421,-36.07613],[146.82462,-36.07638],[146.82551,-36.07664],[146.82708,-36.07656],[146.82756,-36.07722],[146.82754,-36.07753],[146.82726,-36.07813],[146.82571,-36.07956],[146.82436,-36.08144],[146.82229,-36.08241],[146.82194,-36.08279],[146.82157,-36.08323],[146.82125,-36.08393],[146.82121,-36.08459],[146.82157,-36.08581],[146.82157,-36.08686],[146.82236,-36.08694],[146.82308,-36.08778],[146.82372,-36.08821],[146.82546,-36.08882],[146.82693,-36.08822],[146.82861,-36.0866],[146.82978,-36.08609],[146.83039,-36.08602],[146.83302,-36.08655],[146.83412,-36.08597],[146.83497,-36.08474],[146.83543,-36.08378],[146.8359,-36.08325],[146.83635,-36.08219],[146.8367,-36.08207],[146.83756,-36.08217],[146.83871,-36.0832],[146.84111,-36.08442],[146.84384,-36.08432],[146.84428,-36.08449],[146.84537,-36.08572],[146.8461,-36.08631],[146.84668,-36.08655],[146.84871,-36.0866],[146.84903,-36.08647],[146.84974,-36.08579],[146.85035,-36.08452],[146.85103,-36.08401],[146.8515,-36.08385],[146.85196,-36.08385],[146.85294,-36.08442],[146.8544,-36.08497],[146.85617,-36.08506],[146.85716,-36.08492],[146.85908,-36.08406],[146.86,-36.08351],[146.86055,-36.08294],[146.86117,-36.08159],[146.86071,-36.08025],[146.86001,-36.07932],[146.85875,-36.07861],[146.85724,-36.0784],[146.85687,-36.07801],[146.85678,-36.07747],[146.85701,-36.07649],[146.85772,-36.07529],[146.8587,-36.07439],[146.86006,-36.07371],[146.86092,-36.07368],[146.86123,-36.07379],[146.86144,-36.07433],[146.86137,-36.07459],[146.86045,-36.07569],[146.8601,-36.07635],[146.8601,-36.07668],[146.86047,-36.07742],[146.86073,-36.07771],[146.86232,-36.07826],[146.8638,-36.07825],[146.86447,-36.07803],[146.86465,-36.07824],[146.86582,-36.07773],[146.86605,-36.07694],[146.86446,-36.07503],[146.86409,-36.07424],[146.86453,-36.07308],[146.86481,-36.07291],[146.86566,-36.07293],[146.86732,-36.07331],[146.8697,-36.07361],[146.87143,-36.07377],[146.87295,-36.07368],[146.87336,-36.07438],[146.87354,-36.07526],[146.87422,-36.07695],[146.87512,-36.07827],[146.87608,-36.07914],[146.87656,-36.08005],[146.87631,-36.08125],[146.87681,-36.08291],[146.87735,-36.08371],[146.879,-36.08514],[146.87941,-36.08586],[146.88042,-36.08706],[146.88056,-36.08752],[146.88143,-36.08745],[146.88203,-36.08762],[146.88261,-36.08762],[146.88384,-36.08696],[146.88455,-36.08681],[146.88496,-36.08686],[146.88676,-36.08773],[146.8875,-36.08794],[146.89008,-36.08811],[146.8904,-36.08803],[146.89269,-36.08665],[146.89452,-36.08585],[146.89518,-36.08568],[146.89653,-36.08591],[146.89738,-36.08591],[146.89902,-36.08546],[146.89973,-36.08479],[146.89989,-36.08413],[146.90019,-36.08361],[146.90061,-36.08321],[146.90112,-36.08304],[146.90253,-36.08316],[146.90511,-36.08386],[146.90618,-36.08436],[146.90691,-36.08495],[146.90726,-36.08568],[146.90726,-36.08584],[146.90695,-36.08608],[146.90403,-36.08606],[146.90342,-36.08628],[146.90296,-36.08694],[146.90321,-36.08818],[146.90458,-36.08906],[146.90543,-36.0898],[146.90605,-36.09095],[146.9061,-36.09166],[146.90601,-36.09237],[146.90483,-36.09497],[146.90409,-36.09595],[146.90351,-36.09703],[146.90335,-36.09799],[146.90351,-36.09848],[146.90415,-36.09889],[146.90501,-36.09893],[146.90692,-36.09861],[146.90742,-36.09897],[146.90867,-36.09951],[146.90887,-36.09978],[146.90901,-36.10134],[146.90956,-36.10269],[146.91067,-36.10352],[146.9119,-36.10402],[146.9124,-36.10464],[146.91218,-36.10599],[146.91184,-36.10632],[146.91085,-36.10638],[146.90861,-36.10628],[146.9082,-36.10656],[146.9065,-36.10661],[146.90554,-36.1071],[146.90568,-36.10747],[146.90564,-36.10862],[146.90603,-36.10962],[146.90776,-36.11128],[146.91084,-36.11192],[146.91326,-36.11273],[146.91459,-36.1127],[146.91578,-36.1122],[146.91646,-36.11147],[146.91687,-36.11062],[146.91751,-36.10836],[146.91808,-36.10793],[146.91885,-36.10787],[146.91932,-36.10803],[146.91969,-36.10851],[146.92161,-36.10884],[146.92343,-36.10869],[146.92406,-36.10831],[146.925,-36.10741],[146.9253,-36.10677],[146.92531,-36.1062],[146.92462,-36.10477],[146.92485,-36.10409],[146.92447,-36.10331],[146.92429,-36.10331],[146.92238,-36.10228],[146.92177,-36.10184],[146.92157,-36.10158],[146.92147,-36.10086],[146.92187,-36.10013],[146.92408,-36.09812],[146.92551,-36.09742],[146.92642,-36.09716],[146.9268,-36.09718],[146.92762,-36.09732],[146.92887,-36.09789],[146.92986,-36.09898],[146.92972,-36.0999],[146.92897,-36.1008],[146.92867,-36.10172],[146.92825,-36.10186],[146.92748,-36.10253],[146.92767,-36.10323],[146.92774,-36.10446],[146.92818,-36.10585],[146.93281,-36.10915],[146.9332,-36.11016],[146.93323,-36.11077],[146.93396,-36.11148],[146.93505,-36.1116],[146.93652,-36.11234],[146.93911,-36.11313],[146.9406,-36.11419],[146.9419,-36.11545],[146.94256,-36.11575],[146.94371,-36.11599],[146.94568,-36.11552],[146.9469,-36.11391],[146.94763,-36.11351],[146.9478,-36.11328],[146.94988,-36.11283],[146.95015,-36.11268],[146.95078,-36.11191],[146.95162,-36.11148],[146.9525,-36.11079],[146.9527,-36.1094],[146.95209,-36.10821],[146.95049,-36.10772],[146.94969,-36.10723],[146.94927,-36.10677],[146.94856,-36.10485],[146.94849,-36.10305],[146.94895,-36.10136],[146.94915,-36.10116],[146.94991,-36.10069],[146.95066,-36.10043],[146.95097,-36.10035],[146.95169,-36.1004],[146.95204,-36.09977],[146.95204,-36.09817],[146.95163,-36.09745],[146.95097,-36.09526],[146.95057,-36.09449],[146.95035,-36.09444],[146.95084,-36.09349],[146.95221,-36.09249],[146.95329,-36.0924],[146.95542,-36.09285],[146.9563,-36.09289],[146.95745,-36.09267],[146.95857,-36.09205],[146.95865,-36.09189],[146.95871,-36.09137],[146.95832,-36.09075],[146.95772,-36.09054],[146.95678,-36.09042],[146.95602,-36.09008],[146.95528,-36.08939],[146.95503,-36.08877],[146.95521,-36.0883],[146.9563,-36.08772],[146.95723,-36.08695],[146.95891,-36.08516],[146.95914,-36.08455],[146.95919,-36.08347],[146.95893,-36.08284],[146.9587,-36.08249],[146.95729,-36.08138],[146.95603,-36.07917],[146.95596,-36.07846],[146.9563,-36.07819],[146.95682,-36.07806],[146.95743,-36.07818],[146.95964,-36.07955],[146.96004,-36.08125],[146.96108,-36.08207],[146.96183,-36.0823],[146.96269,-36.08224],[146.96333,-36.08165],[146.96364,-36.08071],[146.96408,-36.08049],[146.96433,-36.08052],[146.96475,-36.08087],[146.96481,-36.08101],[146.9646,-36.08128],[146.96496,-36.08148],[146.96515,-36.08217],[146.96567,-36.08301],[146.96587,-36.08328],[146.96664,-36.08365],[146.96786,-36.08373],[146.96883,-36.08358],[146.96975,-36.08317],[146.97053,-36.08246],[146.97137,-36.08201],[146.97198,-36.08196],[146.97259,-36.08211],[146.97388,-36.08323],[146.97455,-36.08421],[146.97539,-36.08503],[146.97556,-36.0851],[146.97612,-36.08501],[146.97653,-36.08517],[146.97675,-36.08559],[146.97683,-36.0863],[146.97663,-36.08699],[146.97662,-36.08808],[146.97733,-36.09084],[146.97815,-36.09194],[146.97837,-36.09269],[146.97879,-36.0931],[146.97955,-36.09346],[146.97991,-36.0938],[146.98,-36.09405],[146.98073,-36.0947],[146.9813,-36.09488],[146.98232,-36.09467],[146.98423,-36.0939],[146.98502,-36.0926],[146.98542,-36.09158],[146.98705,-36.08917],[146.98898,-36.08707],[146.99045,-36.08615],[146.99164,-36.08588],[146.9932,-36.08594],[146.99504,-36.08629],[146.99744,-36.08703],[146.99878,-36.08729],[146.99932,-36.08728],[147.00018,-36.08704],[147.00107,-36.0865],[147.00273,-36.08482],[147.00287,-36.08446],[147.00358,-36.08391],[147.0052,-36.0835],[147.00687,-36.08359],[147.00744,-36.08373],[147.00778,-36.08392],[147.00824,-36.08455],[147.00829,-36.08549],[147.0081,-36.08578],[147.00753,-36.08618],[147.00613,-36.08795],[147.00597,-36.08871],[147.0064,-36.08911],[147.007,-36.08933],[147.00844,-36.0896],[147.00905,-36.08944],[147.0101,-36.08853],[147.01088,-36.08806],[147.01185,-36.08792],[147.01351,-36.08825],[147.01434,-36.08861],[147.01508,-36.08877],[147.01618,-36.0895],[147.01632,-36.0898],[147.01632,-36.09093],[147.01591,-36.09137],[147.01508,-36.09186],[147.01379,-36.09336],[147.01306,-36.09491],[147.01294,-36.09617],[147.01306,-36.09691],[147.01355,-36.09771],[147.01449,-36.09857],[147.01516,-36.09992],[147.01495,-36.10023],[147.01496,-36.10091],[147.01415,-36.10174],[147.01325,-36.10322],[147.01319,-36.10392],[147.01347,-36.10472],[147.01531,-36.10633],[147.01584,-36.10643],[147.01623,-36.10635],[147.0174,-36.10594],[147.0178,-36.10539],[147.01818,-36.10422],[147.0177,-36.10263],[147.01779,-36.10135],[147.01827,-36.10028],[147.01934,-36.09932],[147.01906,-36.09914],[147.02037,-36.09905],[147.02278,-36.09989],[147.02385,-36.10083],[147.02479,-36.10216],[147.02535,-36.10399],[147.02633,-36.10542],[147.02894,-36.10742],[147.02924,-36.10785],[147.02991,-36.10824],[147.03178,-36.1105],[147.03207,-36.11094],[147.03221,-36.11155],[147.03228,-36.11349],[147.03249,-36.11432],[147.03414,-36.11524],[147.03528,-36.11491],[147.03689,-36.11289],[147.04026,-36.11131],[147.04212,-36.10959],[147.04275,-36.10855],[147.04283,-36.10759],[147.04269,-36.10714],[147.04185,-36.10603],[147.0416,-36.1054],[147.04188,-36.10471],[147.04234,-36.1043],[147.0432,-36.10407],[147.04469,-36.1039],[147.04885,-36.10382],[147.04901,-36.1039],[147.04939,-36.10459],[147.05038,-36.10745],[147.05069,-36.10802],[147.05101,-36.10828],[147.05151,-36.1084],[147.0524,-36.10821],[147.05296,-36.10788],[147.05425,-36.10522],[147.0556,-36.10133],[147.05569,-36.10028],[147.05524,-36.09985],[147.05265,-36.09918],[147.05077,-36.09883],[147.05042,-36.09867],[147.05015,-36.09818],[147.05027,-36.09787],[147.05065,-36.09766],[147.05093,-36.09727],[147.05176,-36.09528],[147.05212,-36.09333],[147.0522,-36.09132],[147.05237,-36.09032],[147.05286,-36.09009],[147.05783,-36.09008],[147.05867,-36.0899],[147.05934,-36.0895],[147.05968,-36.08865],[147.05965,-36.08832],[147.05869,-36.08667],[147.05781,-36.08573],[147.05779,-36.08549],[147.05832,-36.08509],[147.06021,-36.08446],[147.06146,-36.08387],[147.06255,-36.08312],[147.06302,-36.08249],[147.06321,-36.08108],[147.06299,-36.08033],[147.06047,-36.07706],[147.05976,-36.07562],[147.05952,-36.07404],[147.06021,-36.07108],[147.06121,-36.06822],[147.0615,-36.06667],[147.06181,-36.06615],[147.06219,-36.06574],[147.06285,-36.06545],[147.06342,-36.06538],[147.06395,-36.06561],[147.06427,-36.0662],[147.06453,-36.06835],[147.06489,-36.06877],[147.0655,-36.06901],[147.06617,-36.06892],[147.06681,-36.06862],[147.06746,-36.06785],[147.06757,-36.06724],[147.0666,-36.06466],[147.06665,-36.06344],[147.06711,-36.06225],[147.06783,-36.061],[147.06828,-36.06058],[147.06879,-36.06045],[147.06932,-36.06056],[147.07058,-36.06245],[147.07162,-36.0635],[147.07286,-36.06409],[147.07361,-36.06418],[147.07452,-36.06409],[147.07514,-36.06368],[147.07538,-36.06318],[147.07538,-36.06191],[147.07555,-36.06135],[147.07595,-36.0609],[147.07776,-36.06033],[147.07862,-36.05953],[147.0789,-36.05891],[147.07882,-36.0573],[147.07931,-36.05662],[147.08039,-36.05618],[147.0811,-36.05614],[147.08332,-36.05651],[147.08405,-36.05652],[147.08466,-36.05645],[147.08544,-36.05587],[147.08538,-36.05554],[147.08461,-36.05506],[147.0842,-36.05498],[147.08189,-36.05511],[147.08087,-36.055],[147.08033,-36.05443],[147.08034,-36.05408],[147.08053,-36.05381],[147.08088,-36.05359],[147.08143,-36.05353],[147.08249,-36.05364],[147.0829,-36.05358],[147.08509,-36.05246],[147.08767,-36.05327],[147.08822,-36.0532],[147.08879,-36.05249],[147.0896,-36.04987],[147.08989,-36.04951],[147.0904,-36.04923],[147.09114,-36.04913],[147.09158,-36.04949],[147.09168,-36.05092],[147.09188,-36.05143],[147.09241,-36.05242],[147.09302,-36.05294],[147.09366,-36.05322],[147.09419,-36.05323],[147.09544,-36.05271],[147.0958,-36.0517],[147.09578,-36.05059],[147.09558,-36.04978],[147.09444,-36.0485],[147.09224,-36.04731],[147.09183,-36.04683],[147.09169,-36.04649],[147.09158,-36.04386],[147.09186,-36.04354],[147.09227,-36.04347],[147.09331,-36.04352],[147.09372,-36.04375],[147.09388,-36.04442],[147.09382,-36.04608],[147.09393,-36.04646],[147.09435,-36.04696],[147.09493,-36.04721],[147.09565,-36.04729],[147.09628,-36.04718],[147.097,-36.04678],[147.09876,-36.04429],[147.09921,-36.04259],[147.09906,-36.04185],[147.09881,-36.04152],[147.09831,-36.04126],[147.09707,-36.04093],[147.09664,-36.04054],[147.09638,-36.0386],[147.0966,-36.03842],[147.09683,-36.03843],[147.09868,-36.03907],[147.09946,-36.0391],[147.09978,-36.03894],[147.10016,-36.03848],[147.10035,-36.03781],[147.10035,-36.03736],[147.10002,-36.03653],[147.10018,-36.03591],[147.10082,-36.03536],[147.10172,-36.03503],[147.10329,-36.03421],[147.10371,-36.03358],[147.10371,-36.03285],[147.10355,-36.03252],[147.10325,-36.03234],[147.10114,-36.03175],[147.09947,-36.03154],[147.09877,-36.03164],[147.09813,-36.03145],[147.09689,-36.03075],[147.09502,-36.02999],[147.09279,-36.02885],[147.09225,-36.0284],[147.09214,-36.02765],[147.09291,-36.02653],[147.09325,-36.02631],[147.09359,-36.02627],[147.09447,-36.02669],[147.095,-36.02741],[147.09565,-36.02778],[147.09613,-36.02825],[147.09703,-36.02836],[147.09803,-36.02793],[147.09831,-36.02722],[147.0991,-36.02619],[147.0994,-36.02526],[147.09933,-36.0242],[147.09721,-36.02261],[147.09663,-36.02187],[147.09696,-36.02122],[147.09786,-36.02017],[147.09834,-36.01901],[147.0982,-36.01804],[147.09732,-36.01677],[147.09737,-36.01621],[147.09767,-36.01582],[147.09828,-36.01552],[147.09904,-36.01535],[147.09962,-36.01543],[147.1,-36.01568],[147.10006,-36.01761],[147.10023,-36.01869],[147.10055,-36.01957],[147.10076,-36.01986],[147.10103,-36.01998],[147.10322,-36.0196],[147.10434,-36.01905],[147.10505,-36.01833],[147.10587,-36.01684],[147.10636,-36.01645],[147.10614,-36.01526],[147.10626,-36.01317],[147.10595,-36.01232],[147.10546,-36.01175],[147.10383,-36.01166],[147.10176,-36.01192],[147.09976,-36.01239],[147.09861,-36.01241],[147.09839,-36.01229],[147.09822,-36.01179],[147.09807,-36.01025],[147.09855,-36.01006],[147.09935,-36.01012],[147.1028,-36.01103],[147.10473,-36.01071],[147.10518,-36.01074],[147.1066,-36.01148],[147.10709,-36.01233],[147.10744,-36.01263],[147.10832,-36.01284],[147.10923,-36.01255],[147.10982,-36.01207],[147.11061,-36.01049],[147.11057,-36.00956],[147.11036,-36.00908],[147.10973,-36.00863],[147.10689,-36.00817],[147.1064,-36.0079],[147.10621,-36.00744],[147.10624,-36.00667],[147.10682,-36.00482],[147.10717,-36.00465],[147.10758,-36.00476],[147.11007,-36.00684],[147.11181,-36.00791],[147.11258,-36.00821],[147.11356,-36.00837],[147.11453,-36.00827],[147.11551,-36.00803],[147.11628,-36.00763],[147.11663,-36.00714],[147.11666,-36.00655],[147.11615,-36.00467],[147.11562,-36.00373],[147.11376,-36.00203],[147.11208,-36.00134],[147.11193,-36.00092],[147.11238,-36.00068],[147.1133,-36.00064],[147.11394,-36.00042],[147.11561,-35.99883],[147.11669,-35.99851],[147.1174,-35.99863],[147.1185,-36.0001],[147.1191,-36.00041],[147.11993,-36.0006],[147.12077,-36.00034],[147.12133,-35.99982],[147.1219,-35.99856],[147.12176,-35.99678],[147.12211,-35.99572],[147.12247,-35.99493],[147.12336,-35.9945],[147.12412,-35.99442],[147.12496,-35.9947],[147.12508,-35.99511],[147.12493,-35.99564],[147.12331,-35.99663],[147.12313,-35.99732],[147.12421,-35.99846],[147.12515,-35.99906],[147.12558,-36.00006],[147.12514,-36.00123],[147.12308,-36.00313],[147.12288,-36.00371],[147.12326,-36.00423],[147.12375,-36.00455],[147.12467,-36.00482],[147.12649,-36.00512],[147.12716,-36.00547],[147.1272,-36.00583],[147.12691,-36.00627],[147.12522,-36.00769],[147.12513,-36.00836],[147.12586,-36.00929],[147.12688,-36.00984],[147.12806,-36.01096],[147.12843,-36.01169],[147.12821,-36.01257],[147.12744,-36.01315],[147.12736,-36.01334],[147.12793,-36.01389],[147.12828,-36.01529],[147.12819,-36.01566],[147.12738,-36.0169],[147.12739,-36.01805],[147.12786,-36.01858],[147.12953,-36.01905],[147.13044,-36.0196],[147.1308,-36.02001],[147.13099,-36.02046],[147.13107,-36.0214],[147.13077,-36.02358],[147.13093,-36.02397],[147.13134,-36.02439],[147.13386,-36.02579],[147.13697,-36.02854],[147.13758,-36.02867],[147.14045,-36.02852],[147.14143,-36.02867],[147.14263,-36.02929],[147.14388,-36.03067],[147.14469,-36.03127],[147.14484,-36.03176],[147.14472,-36.0326],[147.14428,-36.03323],[147.14317,-36.03435],[147.14282,-36.03585],[147.14321,-36.03702],[147.14391,-36.03757],[147.14436,-36.03776],[147.14533,-36.0378],[147.14667,-36.03689],[147.14745,-36.03579],[147.14808,-36.03371],[147.14884,-36.03242],[147.1493,-36.03198],[147.14973,-36.03199],[147.15049,-36.0323],[147.1527,-36.03412],[147.15359,-36.03506],[147.15528,-36.03596],[147.15558,-36.03567],[147.15749,-36.03486],[147.15914,-36.03361],[147.16074,-36.03164],[147.1612,-36.03124],[147.16159,-36.03105],[147.16268,-36.03081],[147.16446,-36.0308],[147.16681,-36.03146],[147.1689,-36.03319],[147.17169,-36.0341],[147.17284,-36.03462],[147.17728,-36.03589],[147.18082,-36.03741],[147.18222,-36.03772],[147.18389,-36.03836],[147.18452,-36.03848],[147.1866,-36.03815],[147.18775,-36.03827],[147.18802,-36.03864],[147.18801,-36.0391],[147.18712,-36.04052],[147.18696,-36.04114],[147.18708,-36.04178],[147.1876,-36.04233],[147.19104,-36.04431],[147.19335,-36.04492],[147.19395,-36.045],[147.1943,-36.04491],[147.19519,-36.04392],[147.19553,-36.04389],[147.19671,-36.04494],[147.19858,-36.04589],[147.20155,-36.04794],[147.20348,-36.04948],[147.20433,-36.04989],[147.2063,-36.05014],[147.20738,-36.05009],[147.21176,-36.04822],[147.21392,-36.04701],[147.21494,-36.0467],[147.21628,-36.04698],[147.22092,-36.04856],[147.22348,-36.04869],[147.22482,-36.04851],[147.22551,-36.04821],[147.22777,-36.04648],[147.23161,-36.04266],[147.23204,-36.04238],[147.23273,-36.04228],[147.23512,-36.04272],[147.23804,-36.04354],[147.23887,-36.04332],[147.23961,-36.04247],[147.24021,-36.04123],[147.2412,-36.03962],[147.24196,-36.03874],[147.24238,-36.03848],[147.24361,-36.03879],[147.24854,-36.04092],[147.25034,-36.04146],[147.25178,-36.04158],[147.25316,-36.04153],[147.25464,-36.04131],[147.2571,-36.04087],[147.25886,-36.04041],[147.26034,-36.04027],[147.26229,-36.03957],[147.2636,-36.03926],[147.2647,-36.03926],[147.26553,-36.03941],[147.26684,-36.03936],[147.26797,-36.03961],[147.27139,-36.04097],[147.27638,-36.04205],[147.27906,-36.04306],[147.27996,-36.04329],[147.28053,-36.04292],[147.28213,-36.04066],[147.28269,-36.04011],[147.28456,-36.03947],[147.28518,-36.03944],[147.28554,-36.03954],[147.2858,-36.03994],[147.28601,-36.04055],[147.28617,-36.04195],[147.28668,-36.04295],[147.2874,-36.0435],[147.28839,-36.04352],[147.28934,-36.04326],[147.29005,-36.04286],[147.29069,-36.04276],[147.29283,-36.04396],[147.29535,-36.04436],[147.29649,-36.04473],[147.29747,-36.04651],[147.2977,-36.0467],[147.29801,-36.04665],[147.29872,-36.04624],[147.29954,-36.0452],[147.29974,-36.04501],[147.29999,-36.04497],[147.30028,-36.04528],[147.30077,-36.04687],[147.30147,-36.04766],[147.30208,-36.04777],[147.30421,-36.04727],[147.30478,-36.04743],[147.30499,-36.0477],[147.3049,-36.04831],[147.30316,-36.04866],[147.3024,-36.04896],[147.30213,-36.04946],[147.30226,-36.05004],[147.30353,-36.05199],[147.30471,-36.05284],[147.30608,-36.0533],[147.30679,-36.05385],[147.30701,-36.05447],[147.30656,-36.05616],[147.30667,-36.05719],[147.30721,-36.05781],[147.30825,-36.05822],[147.30951,-36.05929],[147.31004,-36.06041],[147.31076,-36.06106],[147.31277,-36.06127],[147.31452,-36.06025],[147.3151,-36.05971],[147.31541,-36.05909],[147.31558,-36.05841],[147.31548,-36.0578],[147.31438,-36.0563],[147.31302,-36.05555],[147.31172,-36.0551],[147.31107,-36.05448],[147.31105,-36.05421],[147.31136,-36.05381],[147.31262,-36.05292],[147.31309,-36.05281],[147.31421,-36.05304],[147.31521,-36.05339],[147.31803,-36.05481],[147.31836,-36.05537],[147.31841,-36.05587],[147.31771,-36.05692],[147.31754,-36.05769],[147.31755,-36.05841],[147.31794,-36.06009],[147.31827,-36.0607],[147.31869,-36.06099],[147.31926,-36.06113],[147.31995,-36.06099],[147.32052,-36.06058],[147.32102,-36.05907],[147.32171,-36.05817],[147.32443,-36.05739],[147.32501,-36.05703],[147.32607,-36.0559],[147.32942,-36.0542],[147.33036,-36.05253],[147.33145,-36.04823],[147.33176,-36.04761],[147.3323,-36.04701],[147.33397,-36.04606],[147.33718,-36.0452],[147.34143,-36.04375],[147.34378,-36.04218],[147.3443,-36.04169],[147.34493,-36.04078],[147.34671,-36.03734],[147.34713,-36.03676],[147.34949,-36.03428],[147.35224,-36.03229],[147.35283,-36.03175],[147.35296,-36.03124],[147.35289,-36.03067],[147.35247,-36.02987],[147.35204,-36.02941],[147.35181,-36.02874],[147.35151,-36.02849],[147.34895,-36.0274],[147.3475,-36.02613],[147.34622,-36.02454],[147.34598,-36.02389],[147.34593,-36.02243],[147.3462,-36.02108],[147.34617,-36.02013],[147.34568,-36.01877],[147.34757,-36.01544],[147.34805,-36.01416],[147.34892,-36.01295],[147.35212,-36.01078],[147.35308,-36.01043],[147.35497,-36.01009],[147.35529,-36.00983],[147.35548,-36.00908],[147.35545,-36.00729],[147.35562,-36.00649],[147.35565,-36.00487],[147.35555,-36.00434],[147.35492,-36.00312],[147.35341,-36.00196],[147.35321,-36.00145],[147.35318,-36.00076],[147.35341,-36.00001],[147.35424,-35.99847],[147.35565,-35.99722],[147.35765,-35.99425],[147.35763,-35.99327],[147.35781,-35.99229],[147.3579,-35.99178],[147.35819,-35.99128],[147.36001,-35.98979],[147.36076,-35.989],[147.36188,-35.98827],[147.36338,-35.9877],[147.3649,-35.98739],[147.36639,-35.98652],[147.36712,-35.98516],[147.36827,-35.98428],[147.36903,-35.98405],[147.36909,-35.98381],[147.36978,-35.98306],[147.37089,-35.98235],[147.37166,-35.98239],[147.37278,-35.98226],[147.37486,-35.98232],[147.37493,-35.98182],[147.37473,-35.98132],[147.37469,-35.98065],[147.37424,-35.9808],[147.37395,-35.98117],[147.37391,-35.98072],[147.37441,-35.98034],[147.3743,-35.97969],[147.37392,-35.97961],[147.37352,-35.98032],[147.37241,-35.98096],[147.37203,-35.98069],[147.37352,-35.97946],[147.37389,-35.97925],[147.37466,-35.97919],[147.37504,-35.97883],[147.37586,-35.97836],[147.37653,-35.97737],[147.37655,-35.97668],[147.37608,-35.97685],[147.37543,-35.97753],[147.37468,-35.9775],[147.37391,-35.97825],[147.37392,-35.97787],[147.37441,-35.97738],[147.37577,-35.97651],[147.37689,-35.97608],[147.37928,-35.97487],[147.38368,-35.97235],[147.38481,-35.97221],[147.3863,-35.97249],[147.38818,-35.97315],[147.39121,-35.97392],[147.39159,-35.97393],[147.39234,-35.97353],[147.39262,-35.97285],[147.39188,-35.97236],[147.39147,-35.97187],[147.39159,-35.97139],[147.39233,-35.97212],[147.39267,-35.97187],[147.39208,-35.97137],[147.39234,-35.97087],[147.39232,-35.97043],[147.39309,-35.97051],[147.3931,-35.97022],[147.39197,-35.96938],[147.39073,-35.96791],[147.3897,-35.96714],[147.38894,-35.96633],[147.38876,-35.96594],[147.38872,-35.96444],[147.38823,-35.96346],[147.38888,-35.96297],[147.38966,-35.96268],[147.39191,-35.96249],[147.39302,-35.96226],[147.39353,-35.96196],[147.39403,-35.96147],[147.39416,-35.96047],[147.3938,-35.95981],[147.39342,-35.95941],[147.39267,-35.95904],[147.39193,-35.95889],[147.39116,-35.95896],[147.38891,-35.95983],[147.38816,-35.95991],[147.38778,-35.9599],[147.38739,-35.95971],[147.38722,-35.9595],[147.38714,-35.95901],[147.38813,-35.95739],[147.38888,-35.95671],[147.39073,-35.95651],[147.3915,-35.95625],[147.3924,-35.95553],[147.39265,-35.95504],[147.39272,-35.95406],[147.39241,-35.95306],[147.39216,-35.95256],[147.39112,-35.95182],[147.39054,-35.95108],[147.39036,-35.95052],[147.39034,-35.94927],[147.39073,-35.94946],[147.39148,-35.94908],[147.39121,-35.9481],[147.39184,-35.94764],[147.39222,-35.9477],[147.39301,-35.94858],[147.39374,-35.94912],[147.39484,-35.94921],[147.39541,-35.94908],[147.39538,-35.94859],[147.39598,-35.94781],[147.3971,-35.94707],[147.39936,-35.94652],[147.40125,-35.94547],[147.40198,-35.94456],[147.40312,-35.94394],[147.40463,-35.94349],[147.40502,-35.94352],[147.40576,-35.9438],[147.4068,-35.94507],[147.40704,-35.94604],[147.40706,-35.94706],[147.40736,-35.94755],[147.40841,-35.94823],[147.41032,-35.94848],[147.41181,-35.94821],[147.41257,-35.94793],[147.4133,-35.94747],[147.41519,-35.94698],[147.41563,-35.94703],[147.41672,-35.94812],[147.41781,-35.94865],[147.4186,-35.94879],[147.41972,-35.94867],[147.42198,-35.94884],[147.42388,-35.94967],[147.42463,-35.95035],[147.42502,-35.95053],[147.42576,-35.95067],[147.42766,-35.95133],[147.42916,-35.95162],[147.43028,-35.95254],[147.43104,-35.95299],[147.43369,-35.95308],[147.43446,-35.95287],[147.4352,-35.95304],[147.43594,-35.95408],[147.43971,-35.95596],[147.44012,-35.95608],[147.44162,-35.95537],[147.44239,-35.9554],[147.44313,-35.95563],[147.44352,-35.95584],[147.44384,-35.95632],[147.44393,-35.95682],[147.44473,-35.95781],[147.44481,-35.95829],[147.44504,-35.95859],[147.44652,-35.95933],[147.4473,-35.95952],[147.44811,-35.96027],[147.4488,-35.96038],[147.44957,-35.96071],[147.44995,-35.96061],[147.45069,-35.9608],[147.45146,-35.96055],[147.45296,-35.96045],[147.4537,-35.96017],[147.455,-35.95927],[147.45566,-35.95828],[147.45616,-35.95778],[147.45617,-35.95679],[147.45571,-35.9553],[147.45521,-35.95416],[147.45429,-35.95285],[147.4542,-35.95235],[147.45442,-35.9516],[147.45561,-35.95097],[147.45625,-35.95029],[147.45789,-35.94914],[147.45865,-35.94749],[147.45913,-35.94694],[147.46093,-35.94581],[147.46225,-35.94544],[147.46264,-35.94485],[147.46407,-35.94414],[147.46553,-35.94398],[147.46631,-35.94408],[147.4668,-35.94385],[147.46837,-35.94387],[147.47123,-35.9433],[147.47311,-35.94367],[147.47581,-35.94363],[147.47771,-35.94417],[147.47773,-35.94408],[147.47734,-35.9438],[147.47634,-35.94344],[147.47692,-35.94324],[147.47754,-35.94329],[147.47775,-35.94295],[147.47884,-35.94269],[147.47907,-35.9431],[147.47919,-35.94419],[147.47977,-35.9455],[147.48037,-35.9462],[147.48116,-35.94672],[147.48132,-35.94701],[147.48155,-35.94834],[147.48125,-35.94902],[147.48139,-35.94922],[147.48155,-35.94922],[147.48225,-35.94879],[147.48317,-35.94875],[147.484,-35.94843],[147.4855,-35.94873],[147.48846,-35.94872],[147.48876,-35.94857],[147.48944,-35.94745],[147.48994,-35.94699],[147.49159,-35.94385],[147.49189,-35.94359],[147.49247,-35.94342],[147.49411,-35.94355],[147.49513,-35.94415],[147.4986,-35.94664],[147.49941,-35.94773],[147.49976,-35.94934],[147.5003,-35.94978],[147.50088,-35.95053],[147.50125,-35.95079],[147.50337,-35.9515],[147.50515,-35.95257],[147.50657,-35.95408],[147.50729,-35.95526],[147.50738,-35.95803],[147.5112,-35.96183],[147.51179,-35.96227],[147.51237,-35.96232],[147.51355,-35.96137],[147.51443,-35.96018],[147.51486,-35.95925],[147.51535,-35.95892],[147.51623,-35.95876],[147.51666,-35.95884],[147.522,-35.96087],[147.5227,-35.961],[147.52418,-35.96188],[147.52489,-35.96244],[147.52551,-35.96321],[147.52575,-35.9642],[147.52573,-35.96502],[147.52508,-35.96567],[147.52392,-35.96624],[147.52295,-35.96639],[147.52167,-35.96712],[147.52114,-35.96757],[147.5208,-35.96801],[147.52035,-35.96963],[147.51971,-35.97098],[147.51946,-35.9713],[147.51799,-35.97216],[147.5167,-35.9736],[147.51581,-35.97488],[147.51523,-35.97599],[147.5152,-35.97642],[147.51534,-35.97681],[147.51578,-35.97722],[147.51689,-35.97796],[147.51847,-35.97839],[147.51926,-35.9788],[147.52022,-35.9798],[147.5205,-35.98035],[147.52051,-35.98108],[147.52016,-35.98177],[147.51977,-35.98316],[147.52038,-35.98437],[147.52111,-35.9864],[147.52165,-35.98692],[147.52217,-35.9871],[147.52385,-35.98689],[147.52438,-35.98661],[147.5259,-35.98619],[147.52748,-35.98645],[147.52843,-35.98696],[147.53061,-35.98963],[147.5314,-35.99022],[147.53354,-35.99139],[147.53669,-35.99335],[147.53755,-35.99399],[147.53949,-35.9948],[147.54204,-35.99617],[147.54331,-35.99661],[147.54582,-35.997],[147.54588,-35.99725],[147.54651,-35.99783],[147.54695,-35.99847],[147.5471,-36.0002],[147.54769,-36.00165],[147.54871,-36.00323],[147.54918,-36.00352],[147.55025,-36.00389],[147.55187,-36.00409],[147.55525,-36.00321],[147.55651,-36.0025],[147.55843,-36.0009],[147.56158,-35.99868],[147.56381,-35.99665],[147.56599,-35.99493],[147.5665,-35.99414],[147.56711,-35.99361],[147.56805,-35.99226],[147.56851,-35.99181],[147.56928,-35.99134],[147.57032,-35.99091],[147.57226,-35.99047],[147.57592,-35.98989],[147.57697,-35.98959],[147.57748,-35.98927],[147.57961,-35.98853],[147.58374,-35.9859],[147.58401,-35.98522],[147.58403,-35.98465],[147.58292,-35.97995],[147.5821,-35.97857],[147.58143,-35.97803],[147.5803,-35.97776],[147.57681,-35.97788],[147.57631,-35.97798],[147.57257,-35.97803],[147.57121,-35.97816],[147.5688,-35.97786],[147.56629,-35.97825],[147.56588,-35.97854],[147.56542,-35.9786],[147.56438,-35.97769],[147.56222,-35.97413],[147.56111,-35.97334],[147.55939,-35.97258],[147.55889,-35.97249],[147.55806,-35.97254],[147.55806,-35.97269],[147.55865,-35.9727],[147.55869,-35.97295],[147.55745,-35.97324],[147.55673,-35.97374],[147.55548,-35.97493],[147.554,-35.97583],[147.55293,-35.97616],[147.55157,-35.97684],[147.55081,-35.97741],[147.54996,-35.97776],[147.54939,-35.97829],[147.54878,-35.97849],[147.54845,-35.97876],[147.54815,-35.9788],[147.54765,-35.97862],[147.54726,-35.97807],[147.54748,-35.9772],[147.54744,-35.9752],[147.54758,-35.97457],[147.54799,-35.97386],[147.54835,-35.97354],[147.55035,-35.97283],[147.55122,-35.9722],[147.55162,-35.97161],[147.55178,-35.97101],[147.55167,-35.97042],[147.54949,-35.96945],[147.54848,-35.96879],[147.54859,-35.96729],[147.54838,-35.96611],[147.54871,-35.96496],[147.54912,-35.96455],[147.54982,-35.96459],[147.55086,-35.9651],[147.55275,-35.96676],[147.55365,-35.9672],[147.55463,-35.96749],[147.55537,-35.96745],[147.55761,-35.96822],[147.55796,-35.968],[147.55902,-35.9681],[147.55941,-35.9682],[147.55985,-35.96856],[147.56056,-35.96876],[147.56142,-35.96876],[147.56314,-35.96725],[147.56365,-35.96653],[147.56463,-35.96558],[147.56562,-35.96486],[147.56625,-35.96465],[147.56692,-35.96465],[147.56739,-35.96483],[147.56744,-35.96518],[147.56676,-35.96626],[147.56478,-35.96725],[147.56393,-35.96822],[147.56395,-35.96884],[147.56416,-35.96943],[147.56485,-35.96982],[147.56638,-35.96991],[147.57032,-35.96903],[147.57157,-35.96899],[147.57287,-35.96933],[147.57322,-35.9696],[147.57363,-35.97023],[147.57356,-35.97063],[147.57276,-35.97162],[147.57253,-35.97213],[147.57256,-35.97257],[147.57306,-35.97349],[147.57315,-35.97395],[147.57347,-35.97432],[147.57489,-35.97516],[147.57832,-35.97449],[147.57875,-35.97422],[147.57935,-35.9734],[147.5795,-35.97233],[147.57934,-35.97187],[147.57903,-35.97153],[147.57873,-35.96992],[147.57961,-35.96879],[147.58018,-35.96829],[147.58087,-35.968],[147.58233,-35.96779],[147.58299,-35.96802],[147.58375,-35.96859],[147.58524,-35.96913],[147.58779,-35.96966],[147.59101,-35.96973],[147.59189,-35.96986],[147.5942,-35.96984],[147.59524,-35.97025],[147.59565,-35.97055],[147.59669,-35.97178],[147.59775,-35.97247],[147.59767,-35.97295],[147.59701,-35.9735],[147.59696,-35.97519],[147.59667,-35.97592],[147.5968,-35.97647],[147.59773,-35.97704],[147.60005,-35.97881],[147.60068,-35.97909],[147.60144,-35.97912],[147.60345,-35.97837],[147.60546,-35.97738],[147.60714,-35.97626],[147.60994,-35.97408],[147.61473,-35.97178],[147.61766,-35.96989],[147.61923,-35.96844],[147.62052,-35.96758],[147.62101,-35.96743],[147.62281,-35.96723],[147.62358,-35.96697],[147.62483,-35.96605],[147.62513,-35.96563],[147.62588,-35.96514],[147.62683,-35.965],[147.62799,-35.96506],[147.62867,-35.96497],[147.63028,-35.96444],[147.63117,-35.96437],[147.6329,-35.96366],[147.63292,-35.96331],[147.63347,-35.96279],[147.6338,-35.96277],[147.63404,-35.96313],[147.63452,-35.96295],[147.63646,-35.96266],[147.63777,-35.96211],[147.63834,-35.96161],[147.63953,-35.95994],[147.63964,-35.95887],[147.63945,-35.95804],[147.64003,-35.95683],[147.64082,-35.95577],[147.64192,-35.95338],[147.64221,-35.95226],[147.64215,-35.95093],[147.64242,-35.94971],[147.6433,-35.94877],[147.64678,-35.94601],[147.64967,-35.94508],[147.65438,-35.94406],[147.65866,-35.94362],[147.66018,-35.94357],[147.66088,-35.94322],[147.66156,-35.94343],[147.66217,-35.94335],[147.66393,-35.9437],[147.66456,-35.9437],[147.66745,-35.94312],[147.66943,-35.94305],[147.67058,-35.94276],[147.67229,-35.94253],[147.6729,-35.94271],[147.67316,-35.9429],[147.67408,-35.94427],[147.67476,-35.94459],[147.67571,-35.94465],[147.68001,-35.94444],[147.68062,-35.94423],[147.68167,-35.94347],[147.68251,-35.94264],[147.68339,-35.94137],[147.68681,-35.93855],[147.6895,-35.93767],[147.69114,-35.9373],[147.69347,-35.93637],[147.69614,-35.93512],[147.70004,-35.93268],[147.70081,-35.93238],[147.70397,-35.92999],[147.70629,-35.92906],[147.70799,-35.92859],[147.70854,-35.92857],[147.71025,-35.92912],[147.71131,-35.93003],[147.71174,-35.9313],[147.71294,-35.93359],[147.71408,-35.93528],[147.71569,-35.9369],[147.71718,-35.93796],[147.71776,-35.93856],[147.71804,-35.93923],[147.71804,-35.93983],[147.7177,-35.94083],[147.71711,-35.94148],[147.71684,-35.94235],[147.71686,-35.94291],[147.71696,-35.94342],[147.71737,-35.94427],[147.71867,-35.94551],[147.72071,-35.94636],[147.72149,-35.94691],[147.72184,-35.94684],[147.72321,-35.94706],[147.72576,-35.94705],[147.72744,-35.9472],[147.72857,-35.94751],[147.73091,-35.94886],[147.73154,-35.94935],[147.73221,-35.95023],[147.73331,-35.95126],[147.73628,-35.95337],[147.73654,-35.95367],[147.73717,-35.95392],[147.73853,-35.95498],[147.74129,-35.95649],[147.74436,-35.95711],[147.74651,-35.9574],[147.74775,-35.95753],[147.74947,-35.95747],[147.75063,-35.95723],[147.75168,-35.95677],[147.75498,-35.95589],[147.75562,-35.9555],[147.75614,-35.95495],[147.75689,-35.95477],[147.75754,-35.95484],[147.75965,-35.9556],[147.7609,-35.95724],[147.76213,-35.95818],[147.76345,-35.95881],[147.76571,-35.9592],[147.76648,-35.95911],[147.76669,-35.95926],[147.76755,-35.95895],[147.76809,-35.9589],[147.77019,-35.95898],[147.77243,-35.95876],[147.77326,-35.95886],[147.77354,-35.95919],[147.77355,-35.95994],[147.77344,-35.96006],[147.77218,-35.96031],[147.77006,-35.9604],[147.76906,-35.96085],[147.76798,-35.96116],[147.76724,-35.96184],[147.76675,-35.96259],[147.76661,-35.96341],[147.7668,-35.96416],[147.76715,-35.96468],[147.7678,-35.96516],[147.76836,-35.96538],[147.76889,-35.96538],[147.77087,-35.96477],[147.77209,-35.96472],[147.77296,-35.96492],[147.77327,-35.96507],[147.77435,-35.96625],[147.77516,-35.96742],[147.77616,-35.96823],[147.77685,-35.96861],[147.77742,-35.96854],[147.77781,-35.96832],[147.7784,-35.96829],[147.77902,-35.96799],[147.77924,-35.96758],[147.77935,-35.96686],[147.78028,-35.9659],[147.78054,-35.9659],[147.78077,-35.96605],[147.78086,-35.96634],[147.78239,-35.96571],[147.78318,-35.96568],[147.784,-35.96581],[147.78507,-35.96607],[147.78671,-35.96701],[147.78817,-35.96724],[147.789,-35.96713],[147.79127,-35.96633],[147.79195,-35.96583],[147.79237,-35.96519],[147.79317,-35.96454],[147.79364,-35.96436],[147.79644,-35.96383],[147.79836,-35.96397],[147.79877,-35.96441],[147.80048,-35.9647],[147.80214,-35.96521],[147.80366,-35.965],[147.80615,-35.96506],[147.80788,-35.96578],[147.80873,-35.96632],[147.81023,-35.96682],[147.8112,-35.9673],[147.81165,-35.96802],[147.81168,-35.96886],[147.81219,-35.97015],[147.81286,-35.97106],[147.81349,-35.97157],[147.81438,-35.97184],[147.81538,-35.97172],[147.81579,-35.97181],[147.81589,-35.97276],[147.81515,-35.97353],[147.81426,-35.97492],[147.81367,-35.97494],[147.81345,-35.97524],[147.81323,-35.97599],[147.81414,-35.97777],[147.81441,-35.978],[147.81642,-35.97886],[147.8175,-35.97974],[147.81785,-35.97981],[147.82079,-35.97953],[147.8209,-35.9795],[147.82082,-35.97901],[147.82159,-35.97871],[147.82263,-35.97899],[147.82429,-35.98014],[147.82516,-35.9804],[147.82575,-35.98032],[147.82619,-35.98011],[147.82582,-35.97989],[147.82569,-35.97956],[147.82589,-35.97933],[147.82628,-35.97925],[147.82709,-35.97925],[147.82813,-35.97947],[147.82863,-35.97974],[147.8299,-35.97985],[147.83121,-35.97978],[147.83211,-35.98006],[147.83233,-35.98003],[147.83297,-35.97931],[147.83323,-35.97922],[147.8338,-35.97927],[147.83476,-35.97967],[147.83555,-35.98043],[147.83691,-35.98136],[147.83717,-35.98203],[147.83749,-35.98241],[147.83778,-35.98244],[147.83782,-35.98224],[147.83763,-35.98197],[147.8378,-35.98194],[147.8383,-35.98216],[147.83876,-35.98254],[147.83985,-35.98408],[147.8405,-35.98435],[147.84112,-35.98402],[147.8411,-35.98346],[147.84135,-35.98247],[147.84103,-35.98159],[147.84084,-35.98046],[147.84126,-35.98012],[147.8417,-35.98005],[147.84196,-35.98016],[147.84285,-35.98244],[147.84358,-35.98276],[147.84432,-35.98259],[147.84531,-35.9819],[147.84613,-35.98162],[147.84785,-35.98144],[147.85092,-35.98158],[147.85154,-35.98182],[147.85176,-35.98236],[147.85196,-35.98247],[147.85144,-35.98324],[147.84934,-35.984],[147.84785,-35.98394],[147.8475,-35.98414],[147.84747,-35.98484],[147.84842,-35.98514],[147.84909,-35.98602],[147.84914,-35.98691],[147.84856,-35.988],[147.8485,-35.98836],[147.84869,-35.98888],[147.84963,-35.98973],[147.85191,-35.98903],[147.85484,-35.98921],[147.85705,-35.98886],[147.85766,-35.98863],[147.85878,-35.9873],[147.8602,-35.98718],[147.86085,-35.98746],[147.86145,-35.98816],[147.86145,-35.9887],[147.86123,-35.98933],[147.8613,-35.99003],[147.86086,-35.99116],[147.8609,-35.9915],[147.8612,-35.99191],[147.86198,-35.99229],[147.86291,-35.99244],[147.86379,-35.99215],[147.86455,-35.99153],[147.86438,-35.99142],[147.86362,-35.99144],[147.86424,-35.9904],[147.86486,-35.98999],[147.8664,-35.98966],[147.86738,-35.98994],[147.86807,-35.99042],[147.86824,-35.99086],[147.86821,-35.99194],[147.86834,-35.99233],[147.86924,-35.99333],[147.86952,-35.99352],[147.87013,-35.9936],[147.87111,-35.99308],[147.87142,-35.99278],[147.8716,-35.99246],[147.87174,-35.99163],[147.87194,-35.99137],[147.87271,-35.99101],[147.87312,-35.99101],[147.87376,-35.99171],[147.87565,-35.99272],[147.87945,-35.99561],[147.88129,-35.99613],[147.88209,-35.99659],[147.88204,-35.99757],[147.88143,-35.99846],[147.88144,-35.99941],[147.88179,-36.00065],[147.88204,-36.00107],[147.88288,-36.0018],[147.88433,-36.00173],[147.88538,-36.0014],[147.88616,-36.00082],[147.88579,-35.99991],[147.88517,-35.99955],[147.88474,-35.99896],[147.88469,-35.99879],[147.88508,-35.99829],[147.88593,-35.99804],[147.88866,-35.99768],[147.8897,-35.99773],[147.89122,-35.99829],[147.89279,-35.99816],[147.8936,-35.99829],[147.8941,-35.99846],[147.8952,-35.99917],[147.89546,-35.99947],[147.89631,-35.99992],[147.89687,-36.00002],[147.89751,-35.99986],[147.89848,-35.99907],[147.89888,-35.99837],[147.89896,-35.99737],[147.89926,-35.9963],[147.89918,-35.99552],[147.89897,-35.99495],[147.89797,-35.99437],[147.8966,-35.99426],[147.89582,-35.99397],[147.89554,-35.99367],[147.89565,-35.99329],[147.89542,-35.99346],[147.89526,-35.99341],[147.89548,-35.99309],[147.8957,-35.99302],[147.8979,-35.99282],[147.89986,-35.99298],[147.90107,-35.99247],[147.90181,-35.9925],[147.90224,-35.99269],[147.9039,-35.99411],[147.90506,-35.99536],[147.90586,-35.9958],[147.90641,-35.99593],[147.90782,-35.99607],[147.9086,-35.99599],[147.9097,-35.99565],[147.91118,-35.99546],[147.91166,-35.9952],[147.91234,-35.9952],[147.91279,-35.99551],[147.91284,-35.99665],[147.91319,-35.99707],[147.91394,-35.99752],[147.914,-35.99795],[147.91378,-35.9982],[147.91223,-35.99907],[147.91125,-35.99979],[147.90985,-36.00006],[147.9091,-36.00035],[147.90888,-36.00057],[147.90854,-36.00147],[147.90891,-36.00195],[147.90923,-36.0021],[147.91062,-36.00226],[147.91152,-36.00286],[147.91207,-36.00277],[147.91282,-36.00234],[147.91357,-36.00151],[147.91394,-36.0015],[147.91413,-36.00161],[147.91438,-36.00256],[147.91507,-36.0038],[147.91563,-36.00443],[147.91579,-36.00452],[147.91637,-36.00449],[147.91654,-36.00478],[147.91633,-36.00534],[147.91486,-36.00717],[147.91395,-36.00867],[147.91398,-36.00911],[147.91478,-36.00993],[147.91666,-36.01066],[147.91708,-36.0112],[147.91668,-36.01162],[147.9165,-36.01215],[147.91613,-36.01256],[147.91501,-36.01348],[147.9146,-36.01444],[147.91432,-36.01473],[147.914,-36.01576],[147.91335,-36.01645],[147.91338,-36.01695],[147.91321,-36.01767],[147.91278,-36.01808],[147.91289,-36.01845],[147.91333,-36.01869],[147.91614,-36.01926],[147.91631,-36.0196],[147.91617,-36.02001],[147.91552,-36.0203],[147.91385,-36.01998],[147.9133,-36.02],[147.91096,-36.0209],[147.91047,-36.02135],[147.91056,-36.02191],[147.91084,-36.02215],[147.91305,-36.02267],[147.91379,-36.02237],[147.91439,-36.02242],[147.91485,-36.02264],[147.91506,-36.02307],[147.91493,-36.02362],[147.91424,-36.02455],[147.91362,-36.02489],[147.91219,-36.02506],[147.9117,-36.02544],[147.91151,-36.02598],[147.91149,-36.0266],[147.91206,-36.02709],[147.9128,-36.02731],[147.9143,-36.02804],[147.91529,-36.02838],[147.91545,-36.02835],[147.91557,-36.02813],[147.91615,-36.02795],[147.91629,-36.02764],[147.91725,-36.02751],[147.91783,-36.02755],[147.92039,-36.02841],[147.92123,-36.02887],[147.92382,-36.02905],[147.92484,-36.02954],[147.92609,-36.03045],[147.92713,-36.03095],[147.9284,-36.03243],[147.92893,-36.03401],[147.92984,-36.03463],[147.93084,-36.03471],[147.93156,-36.03527],[147.93158,-36.03613],[147.93102,-36.03639],[147.93063,-36.03633],[147.92961,-36.03579],[147.92838,-36.03534],[147.9277,-36.03519],[147.9265,-36.03511],[147.92481,-36.03519],[147.92425,-36.03538],[147.92375,-36.03571],[147.92354,-36.03618],[147.92361,-36.03664],[147.92418,-36.03728],[147.9246,-36.03753],[147.92541,-36.03781],[147.926,-36.03778],[147.92756,-36.03725],[147.92804,-36.03727],[147.92814,-36.03778],[147.92459,-36.0392],[147.92348,-36.04065],[147.92337,-36.04185],[147.92367,-36.04231],[147.92459,-36.04275],[147.92785,-36.04378],[147.93032,-36.04424],[147.93066,-36.04441],[147.93173,-36.04568],[147.93292,-36.04671],[147.93304,-36.04717],[147.93369,-36.04757],[147.93426,-36.04764],[147.93489,-36.04758],[147.93576,-36.04725],[147.93616,-36.04687],[147.93701,-36.04671],[147.9376,-36.04614],[147.93769,-36.04532],[147.93756,-36.04432],[147.9371,-36.04356],[147.93742,-36.04307],[147.93737,-36.04273],[147.93767,-36.0424],[147.9385,-36.04236],[147.93976,-36.04349],[147.94071,-36.04384],[147.94141,-36.04392],[147.94274,-36.04374],[147.9432,-36.04387],[147.94411,-36.04513],[147.94422,-36.04626],[147.94493,-36.04657],[147.94568,-36.04659],[147.94614,-36.04637],[147.94642,-36.04586],[147.9468,-36.04579],[147.94877,-36.04631],[147.9493,-36.04614],[147.94976,-36.0456],[147.94997,-36.04511],[147.94999,-36.04434],[147.94979,-36.04376],[147.94988,-36.04361],[147.95009,-36.04356],[147.95187,-36.04393],[147.95302,-36.04398],[147.95379,-36.04362],[147.95448,-36.04251],[147.95511,-36.04191],[147.95663,-36.04152],[147.9573,-36.04117],[147.95878,-36.04096],[147.95933,-36.04116],[147.95993,-36.04179],[147.96,-36.04211],[147.95972,-36.04242],[147.95906,-36.04261],[147.95769,-36.04248],[147.95668,-36.04277],[147.9564,-36.04303],[147.95621,-36.04352],[147.95635,-36.04402],[147.95655,-36.0442],[147.95737,-36.04423],[147.95855,-36.044],[147.95938,-36.04413],[147.96037,-36.04564],[147.96071,-36.04583],[147.96194,-36.04602],[147.96459,-36.04689],[147.96496,-36.04686],[147.96598,-36.04648],[147.9667,-36.04588],[147.96598,-36.04439],[147.96591,-36.04394],[147.9661,-36.04342],[147.96682,-36.04308],[147.96728,-36.04303],[147.96815,-36.04315],[147.96905,-36.04348],[147.96984,-36.04352],[147.97118,-36.04309],[147.97155,-36.04277],[147.9719,-36.04172],[147.97271,-36.04094],[147.9735,-36.03947],[147.97363,-36.03887],[147.97377,-36.0387],[147.97426,-36.0385],[147.97455,-36.03859],[147.97458,-36.03896],[147.97324,-36.04052],[147.97313,-36.04084],[147.97331,-36.04129],[147.97412,-36.04217],[147.97437,-36.04275],[147.9743,-36.0434],[147.97377,-36.04398],[147.9732,-36.04496],[147.9735,-36.04593],[147.97323,-36.04631],[147.97433,-36.04693],[147.97502,-36.047],[147.97632,-36.0466],[147.97763,-36.0466],[147.97838,-36.04672],[147.9794,-36.04643],[147.9799,-36.04603],[147.98007,-36.04552],[147.9804,-36.04144],[147.9807,-36.04083],[147.9813,-36.04027],[147.98153,-36.04021],[147.98199,-36.04034],[147.98237,-36.04078],[147.98236,-36.04133],[147.98102,-36.04285],[147.98123,-36.04409],[147.98175,-36.04475],[147.98222,-36.04478],[147.98323,-36.04439],[147.98361,-36.04402],[147.98383,-36.04334],[147.98421,-36.04294],[147.98733,-36.04291],[147.98794,-36.04314],[147.98813,-36.0434],[147.98815,-36.04383],[147.98792,-36.04416],[147.98705,-36.04435],[147.98563,-36.04404],[147.98552,-36.04363],[147.98463,-36.0436],[147.98433,-36.04385],[147.98397,-36.04482],[147.98397,-36.04516],[147.98422,-36.04571],[147.98469,-36.0461],[147.98566,-36.04629],[147.98672,-36.0461],[147.98715,-36.04642],[147.98711,-36.04703],[147.98655,-36.04834],[147.98599,-36.04895],[147.98571,-36.04953],[147.98604,-36.05096],[147.98648,-36.05166],[147.9874,-36.05229],[147.98841,-36.05237],[147.98862,-36.05224],[147.98885,-36.05193],[147.98887,-36.05108],[147.98826,-36.05],[147.98812,-36.04939],[147.98828,-36.04924],[147.98874,-36.04912],[147.98916,-36.04916],[147.98951,-36.04932],[147.98987,-36.04974],[147.98991,-36.05144],[147.99021,-36.05165],[147.99068,-36.05238],[147.99126,-36.05256],[147.99185,-36.05245],[147.99238,-36.05191],[147.99243,-36.05142],[147.99227,-36.05084],[147.99147,-36.04985],[147.99146,-36.04965],[147.99181,-36.04897],[147.99214,-36.0487],[147.99315,-36.04844],[147.99413,-36.04861],[147.99584,-36.04815],[147.99611,-36.04798],[147.9979,-36.04576],[147.99864,-36.04596],[147.99932,-36.04593],[147.99969,-36.0462],[147.99977,-36.04653],[147.99956,-36.04686],[147.99805,-36.04752],[147.99736,-36.04798],[147.99696,-36.049],[147.99666,-36.05073],[147.99678,-36.05122],[147.99758,-36.05242],[147.99779,-36.05303],[147.99772,-36.05402],[147.99697,-36.05535],[147.99713,-36.05637],[147.99767,-36.05709],[147.99913,-36.05807],[147.99919,-36.05848],[147.99743,-36.05915],[147.99648,-36.05989],[147.9964,-36.06031],[147.9973,-36.06052],[147.99742,-36.06135],[147.99682,-36.06223],[147.99616,-36.06276],[147.996,-36.06286],[147.99615,-36.06264],[147.99618,-36.06202],[147.99601,-36.06154],[147.99536,-36.06111],[147.99469,-36.06111],[147.99423,-36.06144],[147.9946,-36.06214],[147.99439,-36.06277],[147.99407,-36.06297],[147.99323,-36.06305],[147.99261,-36.06323],[147.99131,-36.06411],[147.99141,-36.06462],[147.99173,-36.06485],[147.99236,-36.06498],[147.99279,-36.06491],[147.99459,-36.06417],[147.99447,-36.06562],[147.99404,-36.06595],[147.99258,-36.06605],[147.99055,-36.0664],[147.98999,-36.06707],[147.98947,-36.06848],[147.98937,-36.06951],[147.98921,-36.06982],[147.98922,-36.07025],[147.98952,-36.07044],[147.99003,-36.07042],[147.99147,-36.06986],[147.99201,-36.06997],[147.9921,-36.07035],[147.99037,-36.07246],[147.99026,-36.07276],[147.99072,-36.07314],[147.99224,-36.07387],[147.9924,-36.07403],[147.99233,-36.07461],[147.99177,-36.0754],[147.9913,-36.0756],[147.98858,-36.07546],[147.98845,-36.07591],[147.98877,-36.07711],[147.9887,-36.07853],[147.98827,-36.07902],[147.98708,-36.07965],[147.98666,-36.0797],[147.98553,-36.0795],[147.98293,-36.07788],[147.98239,-36.07789],[147.98152,-36.07878],[147.9814,-36.07931],[147.98153,-36.08005],[147.98236,-36.08211],[147.98253,-36.08208],[147.9826,-36.08184],[147.98295,-36.08175],[147.98407,-36.08268],[147.98419,-36.08311],[147.98379,-36.0842],[147.98328,-36.08489],[147.98253,-36.0852],[147.98141,-36.08602],[147.98036,-36.08635],[147.98025,-36.08648],[147.9808,-36.0885],[147.98154,-36.08878],[147.98176,-36.08836],[147.98209,-36.08843],[147.98347,-36.09011],[147.984,-36.09049],[147.98497,-36.0909],[147.98541,-36.09084],[147.9874,-36.08998],[147.98789,-36.08988],[147.98871,-36.08984],[147.98915,-36.09005],[147.98924,-36.09034],[147.98887,-36.09077],[147.9873,-36.09119],[147.98687,-36.09147],[147.98668,-36.09263],[147.98741,-36.09307],[147.98767,-36.09313],[147.98797,-36.09277],[147.9884,-36.09285],[147.98937,-36.0933],[147.99079,-36.09326],[147.99192,-36.09287],[147.99265,-36.09232],[147.99291,-36.09225],[147.99328,-36.09235],[147.99379,-36.09271],[147.99395,-36.09308],[147.99386,-36.09345],[147.99369,-36.09362],[147.99234,-36.09415],[147.99203,-36.09446],[147.9914,-36.09464],[147.99113,-36.09563],[147.99128,-36.09615],[147.99172,-36.09676],[147.99224,-36.09714],[147.99283,-36.09726],[147.99324,-36.0971],[147.99368,-36.09642],[147.99318,-36.0955],[147.99337,-36.09494],[147.99395,-36.09489],[147.99469,-36.09511],[147.99549,-36.09573],[147.99588,-36.0965],[147.99599,-36.09767],[147.99561,-36.09824],[147.99477,-36.09855],[147.99423,-36.09899],[147.99389,-36.09988],[147.99402,-36.10037],[147.99509,-36.10058],[147.99621,-36.10021],[147.99647,-36.09986],[147.99647,-36.09942],[147.99663,-36.09915],[147.99714,-36.09873],[147.99774,-36.09847],[147.99869,-36.09835],[147.99922,-36.09865],[147.99906,-36.0991],[147.99827,-36.1],[147.99693,-36.10051],[147.99665,-36.10086],[147.99661,-36.10172],[147.99584,-36.10264],[147.99595,-36.10303],[147.99645,-36.10351],[147.99776,-36.1043],[147.99766,-36.1047],[147.99725,-36.10495],[147.99689,-36.105],[147.99567,-36.10463],[147.9948,-36.10457],[147.99433,-36.10471],[147.99408,-36.10502],[147.99394,-36.10562],[147.99401,-36.10619],[147.99435,-36.10647],[147.99511,-36.10644],[147.99543,-36.10659],[147.99587,-36.10721],[147.99605,-36.10788],[147.99568,-36.10881],[147.99527,-36.10917],[147.99483,-36.10927],[147.99337,-36.10924],[147.99291,-36.10929],[147.99254,-36.10947],[147.99107,-36.11125],[147.99116,-36.11155],[147.99149,-36.11121],[147.99204,-36.11155],[147.99288,-36.11155],[147.99353,-36.11128],[147.9948,-36.11045],[147.99508,-36.11044],[147.99571,-36.1107],[147.99588,-36.11147],[147.9963,-36.112],[147.9963,-36.11259],[147.99565,-36.11262],[147.99446,-36.11185],[147.99416,-36.11178],[147.99369,-36.11178],[147.99328,-36.11195],[147.99261,-36.11272],[147.99256,-36.11416],[147.99228,-36.11448],[147.99228,-36.11486],[147.99311,-36.11569],[147.9938,-36.11598],[147.99451,-36.116],[147.99535,-36.11586],[147.99742,-36.11502],[147.99802,-36.115],[147.9983,-36.11535],[147.99823,-36.11592],[147.99782,-36.11641],[147.99675,-36.11674],[147.99587,-36.11676],[147.99407,-36.11636],[147.99354,-36.11642],[147.99315,-36.1166],[147.99297,-36.11679],[147.9931,-36.11735],[147.99506,-36.11817],[147.99531,-36.1184],[147.99536,-36.11873],[147.9949,-36.11919],[147.99413,-36.11958],[147.99143,-36.12024],[147.99078,-36.12067],[147.99062,-36.12109],[147.99102,-36.12209],[147.99177,-36.12279],[147.99272,-36.12312],[147.99357,-36.12317],[147.99477,-36.12296],[147.99502,-36.12303],[147.99545,-36.12323],[147.99626,-36.12421],[147.99746,-36.12479],[147.9982,-36.1247],[147.99916,-36.12397],[147.99981,-36.12371],[148.00002,-36.12378],[148.00054,-36.12436],[148.00075,-36.12474],[148.0008,-36.12524],[148.00068,-36.12573],[148.0004,-36.12613],[147.99971,-36.12662],[147.99951,-36.12696],[147.99932,-36.12755],[147.99936,-36.12844],[147.99987,-36.12921],[148.00019,-36.12947],[148.00075,-36.12966],[148.00281,-36.13094],[148.00318,-36.13138],[148.00337,-36.13216],[148.0032,-36.13334],[148.00271,-36.13405],[148.00221,-36.13449],[148.00203,-36.13485],[148.00201,-36.13536],[148.00367,-36.13809],[148.00403,-36.13939],[148.00437,-36.14009],[148.00528,-36.14058],[148.00639,-36.14022],[148.00796,-36.14071],[148.00878,-36.14054],[148.0092,-36.14006],[148.00923,-36.13952],[148.00906,-36.13889],[148.00828,-36.13806],[148.00821,-36.13776],[148.00929,-36.13689],[148.00941,-36.13617],[148.01,-36.13588],[148.01071,-36.13651],[148.01084,-36.13691],[148.01033,-36.13872],[148.01036,-36.13907],[148.01065,-36.13935],[148.01112,-36.13943],[148.01164,-36.13924],[148.01319,-36.13764],[148.01402,-36.13742],[148.0146,-36.13773],[148.01597,-36.13909],[148.01707,-36.13941],[148.01804,-36.1392],[148.01848,-36.13922],[148.01856,-36.14013],[148.01876,-36.14056],[148.01976,-36.1414],[148.02032,-36.14164],[148.02169,-36.14172],[148.02208,-36.14163],[148.02231,-36.14136],[148.0224,-36.14069],[148.02292,-36.14008],[148.02333,-36.13987],[148.02579,-36.13993],[148.02665,-36.14041],[148.02708,-36.14092],[148.02803,-36.14102],[148.02821,-36.14114],[148.02832,-36.14166],[148.02787,-36.14273],[148.02781,-36.1432],[148.02801,-36.14356],[148.0289,-36.14417],[148.02959,-36.14419],[148.03033,-36.14396],[148.03108,-36.14342],[148.03147,-36.1426],[148.03131,-36.1421],[148.03079,-36.14154],[148.03,-36.14154],[148.02947,-36.14107],[148.02825,-36.14085],[148.02803,-36.14042],[148.0288,-36.14011],[148.0293,-36.1401],[148.02967,-36.14038],[148.03075,-36.14076],[148.03146,-36.14119],[148.03224,-36.14267],[148.03287,-36.1429],[148.03338,-36.1428],[148.03384,-36.14247],[148.03463,-36.1412],[148.03591,-36.14104],[148.03754,-36.14065],[148.03773,-36.1408],[148.03774,-36.14189],[148.03736,-36.14271],[148.03532,-36.144],[148.03498,-36.14445],[148.03498,-36.14475],[148.03547,-36.14571],[148.03557,-36.14661],[148.03517,-36.14724],[148.0343,-36.14809],[148.03402,-36.14869],[148.03407,-36.14899],[148.03441,-36.14945],[148.03557,-36.15015],[148.03577,-36.15042],[148.03562,-36.15172],[148.03519,-36.15254],[148.03474,-36.1527],[148.03422,-36.15245],[148.03386,-36.15214],[148.03282,-36.15009],[148.03205,-36.14956],[148.03149,-36.1495],[148.03101,-36.14967],[148.03089,-36.15006],[148.03097,-36.15067],[148.03139,-36.15144],[148.0314,-36.15175],[148.03115,-36.15199],[148.02971,-36.15261],[148.02901,-36.1534],[148.02884,-36.15412],[148.02923,-36.15495],[148.02897,-36.15537],[148.02836,-36.15538],[148.0279,-36.15502],[148.02742,-36.15497],[148.0268,-36.15468],[148.02611,-36.15475],[148.02564,-36.15461],[148.02526,-36.15422],[148.02478,-36.15316],[148.02455,-36.15304],[148.02364,-36.15295],[148.02326,-36.15311],[148.0229,-36.15346],[148.02279,-36.15397],[148.02302,-36.15459],[148.02439,-36.15636],[148.02451,-36.15713],[148.02437,-36.15806],[148.02465,-36.1591],[148.02713,-36.16173],[148.0277,-36.16193],[148.02846,-36.16192],[148.02941,-36.16175],[148.03067,-36.16128],[148.03115,-36.16125],[148.03259,-36.16191],[148.03422,-36.16206],[148.03465,-36.16243],[148.0348,-36.16298],[148.03448,-36.16421],[148.03369,-36.16476],[148.03312,-36.16484],[148.03248,-36.16454],[148.03145,-36.16449],[148.03042,-36.16486],[148.02987,-36.16553],[148.02969,-36.16603],[148.02979,-36.16793],[148.02914,-36.16868],[148.02866,-36.16874],[148.02764,-36.16855],[148.02625,-36.168],[148.02572,-36.1681],[148.02521,-36.16842],[148.0249,-36.16939],[148.02396,-36.17006],[148.0237,-36.17084],[148.02393,-36.17147],[148.02462,-36.17162],[148.02568,-36.17225],[148.02574,-36.1727],[148.02641,-36.17345],[148.02662,-36.17411],[148.02617,-36.17589],[148.02611,-36.17601],[148.02583,-36.17606],[148.02486,-36.17564],[148.02434,-36.1747],[148.02419,-36.17415],[148.02398,-36.17397],[148.02341,-36.17391],[148.02291,-36.17422],[148.02217,-36.17506],[148.02182,-36.17646],[148.02192,-36.17707],[148.02248,-36.17843],[148.02291,-36.17883],[148.02305,-36.17961],[148.02299,-36.17993],[148.02206,-36.18098],[148.02204,-36.18145],[148.02229,-36.18179],[148.02393,-36.18248],[148.02441,-36.18285],[148.02477,-36.18342],[148.02427,-36.18413],[148.0242,-36.18474],[148.02456,-36.18524],[148.02558,-36.18563],[148.02547,-36.18601],[148.02468,-36.18669],[148.02438,-36.18712],[148.02436,-36.18788],[148.02492,-36.1885],[148.02522,-36.18853],[148.02562,-36.18825],[148.02597,-36.18763],[148.02675,-36.18705],[148.0272,-36.18739],[148.02725,-36.18802],[148.02751,-36.18825],[148.02797,-36.18827],[148.02885,-36.18793],[148.0292,-36.18795],[148.02976,-36.18834],[148.03002,-36.18874],[148.0298,-36.1904],[148.02991,-36.19085],[148.03073,-36.1913],[148.03189,-36.19167],[148.03225,-36.19192],[148.03229,-36.19239],[148.03197,-36.19286],[148.03215,-36.19339],[148.03258,-36.1936],[148.03302,-36.19359],[148.03347,-36.19334],[148.03429,-36.19255],[148.03468,-36.1925],[148.03497,-36.19271],[148.03551,-36.19401],[148.0358,-36.19426],[148.03637,-36.1944],[148.03662,-36.19475],[148.03661,-36.19496],[148.03638,-36.19519],[148.03541,-36.19541],[148.03501,-36.19577],[148.03514,-36.19615],[148.03591,-36.19692],[148.03632,-36.19779],[148.03711,-36.19815],[148.0381,-36.19794],[148.03852,-36.19767],[148.03902,-36.19778],[148.03907,-36.19854],[148.03848,-36.19926],[148.03835,-36.19962],[148.03829,-36.20205],[148.03836,-36.20223],[148.0392,-36.20286],[148.03966,-36.20345],[148.0398,-36.20396],[148.03983,-36.20548],[148.04044,-36.20637],[148.04062,-36.20695],[148.04049,-36.20793],[148.03989,-36.20858],[148.03924,-36.20878],[148.03816,-36.20878],[148.0377,-36.20889],[148.03717,-36.20917],[148.03704,-36.20945],[148.03699,-36.21044],[148.03771,-36.21104],[148.03829,-36.21174],[148.03883,-36.21305],[148.0386,-36.21345],[148.03737,-36.21376],[148.03625,-36.21497],[148.03616,-36.21544],[148.03692,-36.21594],[148.03729,-36.2168],[148.03728,-36.2172],[148.03701,-36.21732],[148.03632,-36.21705],[148.03569,-36.21638],[148.03506,-36.21604],[148.03373,-36.21587],[148.03331,-36.21592],[148.03312,-36.21618],[148.03317,-36.21707],[148.03298,-36.21792],[148.03281,-36.21808],[148.03221,-36.21821],[148.03164,-36.21891],[148.03137,-36.21977],[148.03081,-36.22039],[148.03025,-36.22145],[148.03005,-36.22268],[148.02967,-36.22287],[148.02894,-36.22288],[148.02846,-36.22224],[148.02789,-36.22186],[148.02748,-36.22174],[148.02639,-36.22237],[148.0261,-36.22304],[148.0265,-36.22504],[148.02682,-36.22587],[148.02708,-36.22603],[148.02766,-36.22605],[148.02833,-36.22627],[148.02905,-36.2266],[148.02976,-36.22715],[148.02972,-36.22822],[148.02989,-36.22845],[148.03025,-36.22863],[148.03107,-36.22862],[148.0316,-36.22905],[148.03187,-36.22984],[148.0318,-36.23219],[148.03202,-36.23279],[148.03243,-36.23299],[148.03393,-36.23307],[148.03441,-36.23324],[148.03477,-36.23356],[148.0349,-36.23412],[148.03488,-36.23472],[148.03401,-36.23712],[148.03399,-36.23769],[148.03423,-36.23911],[148.03459,-36.23951],[148.03543,-36.24001],[148.03534,-36.24069],[148.03488,-36.24088],[148.03313,-36.241],[148.03058,-36.24259],[148.02954,-36.24341],[148.02898,-36.24403],[148.02887,-36.24457],[148.02899,-36.24474],[148.02972,-36.24501],[148.02999,-36.24555],[148.0298,-36.2458],[148.02886,-36.24634],[148.02884,-36.24704],[148.02986,-36.24783],[148.03082,-36.24937],[148.03116,-36.24947],[148.03221,-36.24927],[148.03282,-36.24937],[148.03341,-36.24964],[148.03358,-36.24998],[148.0344,-36.25068],[148.036,-36.25281],[148.03605,-36.25305],[148.03546,-36.25385],[148.03462,-36.25455],[148.03442,-36.25498],[148.03444,-36.25545],[148.03502,-36.25587],[148.03631,-36.2564],[148.03648,-36.25663],[148.03656,-36.25725],[148.03825,-36.25832],[148.03868,-36.25922],[148.03871,-36.26103],[148.03894,-36.26178],[148.03883,-36.26212],[148.0381,-36.26259],[148.03634,-36.26311],[148.03607,-36.26349],[148.0362,-36.26423],[148.036,-36.2646],[148.03557,-36.26476],[148.03454,-36.26484],[148.03393,-36.265],[148.03306,-36.26545],[148.03283,-36.26586],[148.03293,-36.26618],[148.03387,-36.26643],[148.03401,-36.26664],[148.03397,-36.2669],[148.03292,-36.26821],[148.03295,-36.26909],[148.03349,-36.27006],[148.03489,-36.27189],[148.0352,-36.27273],[148.03501,-36.27301],[148.03313,-36.27448],[148.03291,-36.27491],[148.03294,-36.27532],[148.03504,-36.27892],[148.03551,-36.27936],[148.03743,-36.28004],[148.03769,-36.28043],[148.03766,-36.28061],[148.03733,-36.2808],[148.03619,-36.28037],[148.03505,-36.28057],[148.03443,-36.28089],[148.03399,-36.28127],[148.03375,-36.28223],[148.03449,-36.28306],[148.03518,-36.28357],[148.0356,-36.28456],[148.03593,-36.28485],[148.03672,-36.28492],[148.038,-36.28455],[148.0395,-36.2839],[148.03997,-36.28393],[148.04012,-36.28416],[148.03994,-36.28493],[148.03865,-36.28625],[148.03853,-36.28657],[148.03875,-36.28725],[148.03975,-36.28761],[148.0398,-36.28787],[148.03849,-36.28905],[148.03832,-36.28959],[148.03866,-36.29035],[148.03934,-36.2908],[148.04002,-36.29149],[148.04019,-36.29218],[148.04001,-36.29265],[148.03943,-36.29296],[148.03899,-36.29294],[148.03739,-36.29192],[148.03659,-36.29186],[148.03594,-36.29156],[148.03548,-36.29169],[148.03523,-36.29233],[148.03568,-36.2931],[148.03654,-36.29356],[148.03747,-36.29557],[148.03906,-36.29752],[148.03937,-36.29891],[148.03987,-36.29924],[148.04054,-36.29936],[148.04198,-36.29858],[148.04241,-36.29851],[148.0435,-36.29881],[148.04393,-36.29948],[148.04385,-36.29971],[148.04342,-36.29989],[148.04292,-36.29946],[148.04232,-36.29941],[148.04168,-36.29987],[148.0412,-36.30046],[148.0412,-36.30091],[148.04184,-36.30174],[148.04275,-36.30353],[148.04273,-36.30406],[148.04254,-36.30441],[148.04195,-36.30495],[148.04141,-36.30572],[148.04072,-36.30608],[148.04039,-36.30605],[148.03877,-36.30505],[148.03806,-36.30523],[148.03673,-36.30663],[148.03629,-36.30827],[148.03518,-36.3099],[148.03501,-36.31058],[148.03525,-36.31095],[148.03608,-36.31142],[148.03757,-36.31321],[148.03803,-36.31426],[148.0385,-36.31457],[148.04002,-36.31452],[148.04327,-36.31332],[148.04363,-36.31341],[148.04437,-36.31415],[148.04646,-36.31525],[148.04734,-36.31648],[148.04753,-36.31712],[148.04746,-36.31744],[148.0469,-36.31805],[148.0469,-36.31833],[148.04706,-36.31845],[148.04852,-36.31888],[148.05029,-36.31903],[148.05149,-36.31863],[148.05338,-36.31703],[148.05431,-36.31671],[148.05486,-36.31666],[148.05634,-36.31722],[148.05672,-36.31762],[148.05718,-36.31781],[148.0577,-36.3183],[148.05814,-36.31852],[148.05873,-36.31924],[148.05894,-36.32005],[148.05883,-36.3204],[148.05818,-36.32117],[148.05824,-36.32204],[148.05805,-36.32236],[148.05542,-36.32261],[148.05323,-36.32321],[148.05193,-36.32374],[148.05146,-36.32416],[148.05124,-36.32456],[148.05115,-36.32562],[148.05129,-36.3277],[148.05155,-36.32882],[148.05249,-36.33037],[148.05424,-36.33164],[148.05494,-36.33233],[148.05532,-36.33293],[148.05561,-36.33439],[148.05522,-36.33479],[148.05333,-36.33539],[148.05264,-36.33632],[148.05265,-36.33708],[148.05239,-36.33843],[148.0541,-36.34001],[148.05412,-36.34039],[148.05378,-36.34092],[148.05376,-36.34135],[148.05248,-36.34193],[148.05121,-36.34183],[148.05069,-36.34214],[148.05056,-36.34319],[148.04964,-36.34468],[148.04925,-36.34499],[148.0491,-36.34551],[148.04785,-36.34631],[148.04776,-36.34691],[148.0483,-36.34852],[148.04821,-36.34911],[148.04747,-36.34958],[148.04659,-36.34977],[148.04588,-36.35048],[148.04528,-36.35167],[148.0453,-36.35203],[148.04555,-36.35228],[148.0473,-36.35251],[148.04794,-36.35299],[148.04886,-36.35441],[148.04896,-36.35563],[148.04848,-36.35583],[148.04785,-36.35567],[148.04719,-36.35537],[148.04684,-36.35489],[148.04639,-36.35466],[148.0455,-36.35389],[148.04507,-36.35372],[148.04469,-36.35384],[148.04399,-36.35474],[148.04354,-36.35589],[148.04247,-36.35668],[148.04212,-36.35718],[148.04198,-36.35817],[148.04245,-36.35978],[148.04235,-36.36035],[148.04062,-36.36241],[148.04022,-36.36345],[148.03964,-36.36384],[148.0392,-36.36432],[148.03784,-36.36625],[148.03767,-36.36687],[148.03775,-36.36726],[148.038,-36.36762],[148.03829,-36.36771],[148.03931,-36.36774],[148.04107,-36.36755],[148.04217,-36.3673],[148.0442,-36.36658],[148.04445,-36.36632],[148.04453,-36.36583],[148.0447,-36.36574],[148.04505,-36.36576],[148.04548,-36.36602],[148.04597,-36.36704],[148.04591,-36.36735],[148.04552,-36.36761],[148.04474,-36.36772],[148.04367,-36.36763],[148.04334,-36.36772],[148.04307,-36.36827],[148.04303,-36.36936],[148.04167,-36.37004],[148.04128,-36.37082],[148.04026,-36.37168],[148.0404,-36.37228],[148.04062,-36.37255],[148.04144,-36.37296],[148.04191,-36.37347],[148.04351,-36.374],[148.0438,-36.37439],[148.04375,-36.37478],[148.04218,-36.37622],[148.04161,-36.37657],[148.03868,-36.37772],[148.0382,-36.37855],[148.03848,-36.37883],[148.03966,-36.37908],[148.04053,-36.3794],[148.04092,-36.37973],[148.04157,-36.37992],[148.04193,-36.38031],[148.04308,-36.38034],[148.04505,-36.38114],[148.04533,-36.38145],[148.04536,-36.38238],[148.04475,-36.38325],[148.04386,-36.38368],[148.04087,-36.38571],[148.03827,-36.38769],[148.03753,-36.38911],[148.03754,-36.39014],[148.03777,-36.39051],[148.03862,-36.39121],[148.03968,-36.39144],[148.04028,-36.3917],[148.04262,-36.39215],[148.04368,-36.3921],[148.04469,-36.39175],[148.04517,-36.39149],[148.04577,-36.3907],[148.04638,-36.39064],[148.04678,-36.39121],[148.04663,-36.3932],[148.047,-36.39433],[148.04705,-36.39621],[148.04725,-36.39657],[148.04855,-36.39742],[148.04912,-36.39797],[148.04968,-36.39885],[148.05038,-36.39901],[148.05258,-36.39874],[148.05378,-36.39888],[148.05526,-36.39948],[148.05602,-36.40023],[148.05791,-36.40062],[148.05816,-36.4008],[148.05844,-36.40138],[148.05843,-36.40311],[148.05809,-36.40403],[148.05768,-36.40455],[148.05755,-36.40511],[148.05783,-36.40579],[148.0583,-36.40631],[148.05845,-36.40671],[148.05762,-36.40719],[148.05503,-36.40832],[148.05464,-36.40869],[148.05507,-36.40983],[148.05686,-36.41143],[148.05714,-36.41226],[148.0582,-36.41387],[148.05995,-36.41554],[148.06073,-36.41594],[148.0625,-36.41562],[148.06396,-36.41581],[148.06741,-36.41693],[148.06908,-36.41668],[148.06991,-36.41672],[148.07071,-36.41724],[148.07124,-36.41778],[148.07177,-36.418],[148.07315,-36.41781],[148.07558,-36.41815],[148.07627,-36.41799],[148.07653,-36.41817],[148.07666,-36.41856],[148.07855,-36.42072],[148.07942,-36.42129],[148.08028,-36.4221],[148.08027,-36.42249],[148.07907,-36.42411],[148.07905,-36.42441],[148.07935,-36.42517],[148.08064,-36.42601],[148.08154,-36.42636],[148.08259,-36.4302],[148.08302,-36.43079],[148.08596,-36.43127],[148.08685,-36.432],[148.08727,-36.43302],[148.08751,-36.43444],[148.08782,-36.43504],[148.08785,-36.43646],[148.08833,-36.43757],[148.08677,-36.43856],[148.08635,-36.44002],[148.08647,-36.4403],[148.08738,-36.44099],[148.08773,-36.44211],[148.08776,-36.44282],[148.08759,-36.44343],[148.08693,-36.44444],[148.08675,-36.445],[148.08716,-36.44713],[148.08786,-36.44821],[148.08787,-36.44897],[148.08738,-36.45072],[148.0874,-36.45153],[148.0876,-36.45189],[148.08862,-36.4521],[148.08921,-36.45274],[148.09128,-36.45302],[148.093,-36.45343],[148.09747,-36.4554],[148.09872,-36.45546],[148.09947,-36.45561],[148.10004,-36.4559],[148.10089,-36.45665],[148.10174,-36.45711],[148.10328,-36.45697],[148.10542,-36.45631],[148.10635,-36.4563],[148.10688,-36.45638],[148.1083,-36.45712],[148.10943,-36.4572],[148.11041,-36.45705],[148.11131,-36.45724],[148.11181,-36.4575],[148.11254,-36.45817],[148.11309,-36.45822],[148.11372,-36.45853],[148.11553,-36.45907],[148.11629,-36.45979],[148.11697,-36.46018],[148.11792,-36.46113],[148.11969,-36.461],[148.12136,-36.46131],[148.12192,-36.46176],[148.12225,-36.46261],[148.1236,-36.46284],[148.12374,-36.4631],[148.12372,-36.46417],[148.12466,-36.46471],[148.12468,-36.46503],[148.12421,-36.46581],[148.12243,-36.47105],[148.12255,-36.47156],[148.12355,-36.4721],[148.124,-36.47273],[148.12405,-36.47337],[148.12353,-36.47391],[148.12341,-36.47481],[148.12363,-36.47528],[148.12441,-36.4761],[148.12508,-36.47725],[148.12522,-36.47793],[148.12495,-36.47923],[148.12432,-36.48015],[148.12373,-36.48064],[148.12113,-36.48154],[148.11968,-36.48148],[148.11921,-36.48167],[148.11909,-36.48188],[148.11984,-36.48262],[148.12219,-36.48324],[148.12455,-36.48409],[148.12611,-36.4843],[148.12623,-36.48437],[148.12634,-36.48481],[148.12623,-36.48568],[148.12528,-36.48689],[148.1248,-36.48824],[148.12371,-36.48952],[148.12236,-36.49037],[148.12108,-36.49079],[148.12001,-36.4913],[148.11977,-36.49176],[148.11977,-36.49285],[148.11954,-36.49353],[148.11899,-36.49445],[148.11828,-36.49481],[148.11766,-36.4953],[148.11763,-36.49548],[148.11787,-36.49576],[148.11892,-36.49583],[148.12116,-36.4966],[148.12238,-36.49726],[148.12399,-36.49846],[148.12486,-36.49871],[148.12597,-36.49954],[148.126,-36.49983],[148.12562,-36.50025],[148.12555,-36.50059],[148.1259,-36.50139],[148.12661,-36.5018],[148.12812,-36.5024],[148.12835,-36.50261],[148.12829,-36.5035],[148.12791,-36.50506],[148.12823,-36.50614],[148.12815,-36.50852],[148.12847,-36.50956],[148.12947,-36.51162],[148.12999,-36.5132],[148.13219,-36.51681],[148.13441,-36.51934],[148.13514,-36.52033],[148.13662,-36.52133],[148.13721,-36.52196],[148.13816,-36.52341],[148.13879,-36.52409],[148.13953,-36.52463],[148.13982,-36.52545],[148.1392,-36.52657],[148.13865,-36.52719],[148.13854,-36.52807],[148.13781,-36.5291],[148.13765,-36.52958],[148.13712,-36.52989],[148.13653,-36.53068],[148.13653,-36.5313],[148.13713,-36.53196],[148.13686,-36.53275],[148.13502,-36.53434],[148.13395,-36.53422],[148.13372,-36.53435],[148.13355,-36.53596],[148.13333,-36.53663],[148.13338,-36.53688],[148.13386,-36.53719],[148.1342,-36.53792],[148.13404,-36.53907],[148.13347,-36.53962],[148.13155,-36.54069],[148.12997,-36.54123],[148.12903,-36.54142],[148.12867,-36.54163],[148.12847,-36.54205],[148.12853,-36.54247],[148.12914,-36.54373],[148.12882,-36.54459],[148.12883,-36.54495],[148.12926,-36.54592],[148.12804,-36.54691],[148.12622,-36.54812],[148.12538,-36.54902],[148.12434,-36.55064],[148.12505,-36.55183],[148.12672,-36.55396],[148.1274,-36.55466],[148.1288,-36.55651],[148.13103,-36.55892],[148.1315,-36.56029],[148.13167,-36.5618],[148.13284,-36.56253],[148.13337,-36.56303],[148.13335,-36.56357],[148.13293,-36.56435],[148.13281,-36.56541],[148.13341,-36.56692],[148.13433,-36.5674],[148.13574,-36.56743],[148.13598,-36.56725],[148.13678,-36.56597],[148.1375,-36.56557],[148.13857,-36.56531],[148.14149,-36.56534],[148.14435,-36.56445],[148.14697,-36.56331],[148.14932,-36.56157],[148.14952,-36.56071],[148.14906,-36.5597],[148.14908,-36.55887],[148.14938,-36.55841],[148.15049,-36.55834],[148.15099,-36.55875],[148.15189,-36.56112],[148.1534,-36.56189],[148.15419,-36.56292],[148.15482,-36.56349],[148.15613,-36.56407],[148.15693,-36.56478],[148.15775,-36.56526],[148.1588,-36.56563],[148.15888,-36.56626],[148.15813,-36.56841],[148.15702,-36.57077],[148.15657,-36.57141],[148.15663,-36.57161],[148.15691,-36.57177],[148.15864,-36.57219],[148.16055,-36.57214],[148.16171,-36.57226],[148.16233,-36.57247],[148.16258,-36.57284],[148.16269,-36.57385],[148.16247,-36.57491],[148.16165,-36.57641],[148.16155,-36.57696],[148.1609,-36.57739],[148.16054,-36.57781],[148.16046,-36.57855],[148.16016,-36.57909],[148.16031,-36.57944],[148.16071,-36.57977],[148.16154,-36.5798],[148.1626,-36.57952],[148.16512,-36.57823],[148.16599,-36.57671],[148.16539,-36.57536],[148.16551,-36.57488],[148.16591,-36.57441],[148.16782,-36.57411],[148.16941,-36.57369],[148.16994,-36.57388],[148.17028,-36.57429],[148.17048,-36.57522],[148.17062,-36.5771],[148.17099,-36.5779],[148.17131,-36.57814],[148.17191,-36.57843],[148.17316,-36.57843],[148.17489,-36.57767],[148.17612,-36.57753],[148.17677,-36.57783],[148.17756,-36.57891],[148.17847,-36.57976],[148.17919,-36.58004],[148.18003,-36.58005],[148.18051,-36.57983],[148.18114,-36.57947],[148.18181,-36.5788],[148.18416,-36.57882],[148.1858,-36.57852],[148.1884,-36.57742],[148.1896,-36.5766],[148.19013,-36.57662],[148.19094,-36.57719],[148.19121,-36.57792],[148.1909,-36.57868],[148.1899,-36.57987],[148.1896,-36.58104],[148.18959,-36.58223],[148.18978,-36.58339],[148.19009,-36.58462],[148.19033,-36.58489],[148.19069,-36.58503],[148.19234,-36.58524],[148.19481,-36.58606],[148.19562,-36.58605],[148.19669,-36.58561],[148.19697,-36.58564],[148.19913,-36.58712],[148.20182,-36.58811],[148.20219,-36.58808],[148.20253,-36.58778],[148.20354,-36.58644],[148.20385,-36.58646],[148.20498,-36.58695],[148.20599,-36.58693],[148.20609,-36.5873],[148.20512,-36.58837],[148.20455,-36.58859],[148.20383,-36.5885],[148.20358,-36.58877],[148.20408,-36.5914],[148.20439,-36.59214],[148.20478,-36.59263],[148.20677,-36.59375],[148.20708,-36.59371],[148.20821,-36.59307],[148.20932,-36.59268],[148.20984,-36.59272],[148.2106,-36.59298],[148.21148,-36.59351],[148.21162,-36.59374],[148.2117,-36.59416],[148.21127,-36.59448],[148.21121,-36.59474],[148.21142,-36.59532],[148.21202,-36.59561],[148.21326,-36.59573],[148.21383,-36.59592],[148.21566,-36.59772],[148.2163,-36.59797],[148.21738,-36.59795],[148.21758,-36.59837],[148.21744,-36.59885],[148.21651,-36.59959],[148.2152,-36.6002],[148.21371,-36.60045],[148.2127,-36.60081],[148.21255,-36.60107],[148.21263,-36.6013],[148.21309,-36.60187],[148.2143,-36.60245],[148.21564,-36.6034],[148.21585,-36.60378],[148.21586,-36.6045],[148.21534,-36.60507],[148.21485,-36.60522],[148.21415,-36.60514],[148.21338,-36.60522],[148.21226,-36.60573],[148.21138,-36.6064],[148.2111,-36.60691],[148.21111,-36.60801],[148.21078,-36.6085],[148.21031,-36.60972],[148.20978,-36.61039],[148.20874,-36.61103],[148.20825,-36.61107],[148.208,-36.61072],[148.20797,-36.61035],[148.20826,-36.6093],[148.20826,-36.60861],[148.20778,-36.60828],[148.20689,-36.60829],[148.20479,-36.60927],[148.2036,-36.61002],[148.20327,-36.61105],[148.20278,-36.61192],[148.20279,-36.6121],[148.20314,-36.61233],[148.20426,-36.61265],[148.2063,-36.61274],[148.21007,-36.61266],[148.21089,-36.61248],[148.21284,-36.61169],[148.21352,-36.61122],[148.21395,-36.61056],[148.2142,-36.61049],[148.21448,-36.61087],[148.21449,-36.61165],[148.21347,-36.61393],[148.21347,-36.61497],[148.21374,-36.61543],[148.21425,-36.61575],[148.21595,-36.61587],[148.21618,-36.61609],[148.21635,-36.6166],[148.21593,-36.61739],[148.21479,-36.61829],[148.21433,-36.61911],[148.21425,-36.61997],[148.21466,-36.62029],[148.21584,-36.62016],[148.21678,-36.61973],[148.21858,-36.6186],[148.21892,-36.61868],[148.21955,-36.61956],[148.21995,-36.62224],[148.21965,-36.6231],[148.21966,-36.62347],[148.21988,-36.62396],[148.22049,-36.62468],[148.22067,-36.62576],[148.21849,-36.62806],[148.2178,-36.62832],[148.21671,-36.62837],[148.2165,-36.62848],[148.2163,-36.62899],[148.21639,-36.63075],[148.21546,-36.63267],[148.2151,-36.63447],[148.21488,-36.63455],[148.2147,-36.63448],[148.21346,-36.63303],[148.21294,-36.63264],[148.21233,-36.63256],[148.21186,-36.63297],[148.212,-36.63411],[148.21244,-36.63567],[148.21337,-36.63726],[148.21382,-36.63766],[148.21546,-36.63824],[148.21597,-36.63887],[148.21624,-36.63948],[148.21616,-36.63975],[148.21563,-36.64001],[148.21365,-36.63978],[148.21271,-36.63994],[148.21237,-36.63975],[148.21218,-36.63984],[148.21194,-36.6404],[148.21198,-36.6421],[148.21159,-36.64317],[148.2113,-36.64358],[148.21028,-36.64432],[148.2097,-36.64499],[148.2095,-36.64566],[148.20966,-36.64691],[148.20989,-36.64708],[148.21059,-36.64716],[148.21126,-36.64739],[148.21161,-36.64787],[148.21117,-36.65052],[148.21092,-36.65078],[148.20945,-36.65086],[148.20836,-36.65113],[148.20654,-36.65369],[148.20623,-36.65371],[148.20552,-36.65348],[148.20394,-36.65344],[148.20339,-36.65354],[148.20314,-36.6537],[148.20296,-36.65474],[148.20385,-36.65602],[148.20388,-36.65647],[148.20355,-36.6568],[148.2026,-36.65726],[148.20163,-36.65815],[148.20076,-36.65854],[148.20045,-36.65957],[148.20147,-36.65998],[148.20285,-36.66107],[148.20326,-36.66155],[148.20351,-36.66201],[148.20351,-36.66229],[148.20301,-36.66263],[148.202,-36.6628],[148.19887,-36.66432],[148.19832,-36.6644],[148.19758,-36.66477],[148.19731,-36.66503],[148.19713,-36.66549],[148.19697,-36.66713],[148.19622,-36.66777],[148.19632,-36.6683],[148.19676,-36.66874],[148.1972,-36.66949],[148.19849,-36.66972],[148.19908,-36.67004],[148.19933,-36.67036],[148.19941,-36.67056],[148.19926,-36.67222],[148.19847,-36.67301],[148.19766,-36.67308],[148.19717,-36.67281],[148.19643,-36.67272],[148.19569,-36.67279],[148.19248,-36.67418],[148.19105,-36.67451],[148.19023,-36.67497],[148.18976,-36.67535],[148.1893,-36.67618],[148.18984,-36.67814],[148.18979,-36.6786],[148.18954,-36.67899],[148.18628,-36.68203],[148.18543,-36.6831],[148.18494,-36.68329],[148.18438,-36.68311],[148.18402,-36.68315],[148.18396,-36.68363],[148.18504,-36.68535],[148.18563,-36.68561],[148.18735,-36.68587],[148.18761,-36.68612],[148.18746,-36.68647],[148.18677,-36.68669],[148.18618,-36.68709],[148.18571,-36.68761],[148.18574,-36.68797],[148.18603,-36.68811],[148.18671,-36.68779],[148.18879,-36.68772],[148.18907,-36.68782],[148.18906,-36.68813],[148.18862,-36.68866],[148.18779,-36.68915],[148.18647,-36.69051],[148.18592,-36.69041],[148.1855,-36.69063],[148.18526,-36.69105],[148.18523,-36.69204],[148.18486,-36.69239],[148.18298,-36.69294],[148.18277,-36.69276],[148.18264,-36.69187],[148.18205,-36.69213],[148.18175,-36.69261],[148.18171,-36.69352],[148.1812,-36.69407],[148.18106,-36.69451],[148.181,-36.69528],[148.1812,-36.69658],[148.18086,-36.69722],[148.17971,-36.69813],[148.17875,-36.69866],[148.17753,-36.69971],[148.17556,-36.70066],[148.17448,-36.70133],[148.17385,-36.70178],[148.17311,-36.70257],[148.17284,-36.7033],[148.17289,-36.70458],[148.17226,-36.70609],[148.17181,-36.71028],[148.1711,-36.71178],[148.17024,-36.7128],[148.16886,-36.71395],[148.16812,-36.71412],[148.1678,-36.71403],[148.16741,-36.71371],[148.1661,-36.71161],[148.16567,-36.71129],[148.16426,-36.71099],[148.16376,-36.71106],[148.16258,-36.71153],[148.16189,-36.71207],[148.16197,-36.71268],[148.16187,-36.71332],[148.1622,-36.71435],[148.16209,-36.71497],[148.16183,-36.71553],[148.16144,-36.71581],[148.1591,-36.71665],[148.1585,-36.71698],[148.15684,-36.71844],[148.15505,-36.71947],[148.15456,-36.72024],[148.15429,-36.72028],[148.15158,-36.71966],[148.14945,-36.71955],[148.1491,-36.71974],[148.14887,-36.72014],[148.1484,-36.72199],[148.14775,-36.72248],[148.14638,-36.72282],[148.1448,-36.72438],[148.14353,-36.7261],[148.14334,-36.72676],[148.14332,-36.72808],[148.14283,-36.72858],[148.14059,-36.72984],[148.14006,-36.73056],[148.1394,-36.73189],[148.13909,-36.73221],[148.13794,-36.73254],[148.13605,-36.73279],[148.13551,-36.73264],[148.13471,-36.7319],[148.13431,-36.7318],[148.13391,-36.73202],[148.13244,-36.73374],[148.1307,-36.73468],[148.13069,-36.73522],[148.13094,-36.73555],[148.13371,-36.73715],[148.13594,-36.7376],[148.13637,-36.73794],[148.1367,-36.73844],[148.13657,-36.73939],[148.13554,-36.7415],[148.13477,-36.74347],[148.13438,-36.74379],[148.13234,-36.74445],[148.13187,-36.74494],[148.13194,-36.74531],[148.1329,-36.74631],[148.13319,-36.74698],[148.13292,-36.74805],[148.13294,-36.74897],[148.13269,-36.74969],[148.13265,-36.75085],[148.13213,-36.75122],[148.13153,-36.7514],[148.12986,-36.75027],[148.12924,-36.75023],[148.12861,-36.75039],[148.12767,-36.75107],[148.12788,-36.75132],[148.12887,-36.75185],[148.12881,-36.75239],[148.12848,-36.75273],[148.12774,-36.75311],[148.12598,-36.75329],[148.12565,-36.75353],[148.12582,-36.75398],[148.12574,-36.75417],[148.12406,-36.75453],[148.12359,-36.75447],[148.12301,-36.75467],[148.12214,-36.75509],[148.12047,-36.7563],[148.11944,-36.75863],[148.11954,-36.75891],[148.12021,-36.75945],[148.12123,-36.75952],[148.12393,-36.75926],[148.1248,-36.75907],[148.12608,-36.75917],[148.12608,-36.75942],[148.12506,-36.76053],[148.12287,-36.76139],[148.12211,-36.76218],[148.1218,-36.763],[148.12196,-36.76324],[148.12196,-36.76387],[148.12164,-36.76469],[148.12069,-36.76526],[148.11964,-36.76556],[148.11848,-36.76562],[148.11759,-36.76549],[148.11607,-36.76565],[148.11559,-36.76586],[148.11453,-36.76685],[148.11287,-36.76813],[148.11235,-36.76892],[148.11223,-36.76992],[148.11181,-36.7708],[148.11113,-36.77144],[148.11112,-36.77221],[148.11081,-36.77314],[148.1109,-36.77361],[148.1108,-36.77397],[148.11018,-36.7742],[148.10848,-36.77537],[148.10845,-36.77583],[148.10885,-36.77677],[148.10747,-36.77816],[148.10472,-36.78051],[148.10495,-36.782],[148.10527,-36.78217],[148.10542,-36.78257],[148.10555,-36.78476],[148.10467,-36.78591],[148.10373,-36.78797],[148.10299,-36.78847],[148.10164,-36.78887],[148.10066,-36.78787],[148.09859,-36.78675],[148.09832,-36.7868],[148.09798,-36.78716],[148.09861,-36.78895],[148.09916,-36.78975],[148.09949,-36.79069],[148.09995,-36.79145],[148.10016,-36.79156],[148.10071,-36.79151],[148.10112,-36.79062],[148.10138,-36.7905],[148.10164,-36.79004],[148.10205,-36.7902],[148.10316,-36.79114],[148.10347,-36.79127],[148.10379,-36.79122],[148.10394,-36.79105],[148.10418,-36.78993],[148.10443,-36.78975],[148.10471,-36.78983],[148.10502,-36.79031],[148.10512,-36.79085],[148.10602,-36.79215],[148.1062,-36.79261],[148.10626,-36.79354],[148.10643,-36.79385],[148.10694,-36.79414],[148.10742,-36.79413],[148.10759,-36.79426],[148.10792,-36.79514],[148.10867,-36.79634],[148.10882,-36.797],[148.11054,-36.79827],[148.11048,-36.79855],[148.10983,-36.79874],[148.10834,-36.79886],[148.10803,-36.79878],[148.10808,-36.7993],[148.10889,-36.80087],[148.11128,-36.80053],[148.11238,-36.80005],[148.1129,-36.80024],[148.11327,-36.80048],[148.11333,-36.80126],[148.1137,-36.80205],[148.11428,-36.80236],[148.11434,-36.80276],[148.11465,-36.80285],[148.11488,-36.80235],[148.11564,-36.80224],[148.11604,-36.80283],[148.1169,-36.80308],[148.11766,-36.80361],[148.11796,-36.80494],[148.11919,-36.80577],[148.12015,-36.80608],[148.12054,-36.80592],[148.12083,-36.80536],[148.12065,-36.80486],[148.12185,-36.80451],[148.12199,-36.80429],[148.12183,-36.80408],[148.12113,-36.80387],[148.12106,-36.80368],[148.12163,-36.80275],[148.12263,-36.8021],[148.12263,-36.80174],[148.12234,-36.80128],[148.12246,-36.80114],[148.12274,-36.80098],[148.12304,-36.80098],[148.12362,-36.80134],[148.12495,-36.80121],[148.12512,-36.8013],[148.12531,-36.80174],[148.12562,-36.80185],[148.12631,-36.80144],[148.12633,-36.80109],[148.12685,-36.80012],[148.12643,-36.79908],[148.12635,-36.79827],[148.12651,-36.79668],[148.12677,-36.79645],[148.12863,-36.79603],[148.12939,-36.79565],[148.12973,-36.79566],[148.13008,-36.79575],[148.13037,-36.79606],[148.13092,-36.79621],[148.13177,-36.79673],[148.13241,-36.79661],[148.13305,-36.79702],[148.13346,-36.79659],[148.13465,-36.79656],[148.13473,-36.79709],[148.13509,-36.79708],[148.13561,-36.79684],[148.13569,-36.79653],[148.13537,-36.79612],[148.13419,-36.79561],[148.13403,-36.79548],[148.13401,-36.79513],[148.13418,-36.79497],[148.13446,-36.79497],[148.13498,-36.79517],[148.13591,-36.79521],[148.13655,-36.79578],[148.1367,-36.79534],[148.13656,-36.79462],[148.13677,-36.79453],[148.13691,-36.79454],[148.13724,-36.79508],[148.13756,-36.79524],[148.13801,-36.79522],[148.13914,-36.79486],[148.14007,-36.79521],[148.14105,-36.79468],[148.14134,-36.79471],[148.14168,-36.79522],[148.14191,-36.79533],[148.14308,-36.79497],[148.14341,-36.79499],[148.14386,-36.79521],[148.14392,-36.7957],[148.14406,-36.79579],[148.14444,-36.79574],[148.1452,-36.79514],[148.14641,-36.79536],[148.14789,-36.79483],[148.14903,-36.79419],[148.14911,-36.79299],[148.14866,-36.79195],[148.14914,-36.79196],[148.14964,-36.79164],[148.1499,-36.79167],[148.15069,-36.7928],[148.15116,-36.79304],[148.15175,-36.79309],[148.15222,-36.79275],[148.15263,-36.79154],[148.15336,-36.79159],[148.15362,-36.79151],[148.15499,-36.79057],[148.15612,-36.79007],[148.15666,-36.79001],[148.15745,-36.79004],[148.15775,-36.79016],[148.15774,-36.79044],[148.15725,-36.79086],[148.15698,-36.79152],[148.15734,-36.79217],[148.15778,-36.79241],[148.15828,-36.79303],[148.15855,-36.79315],[148.15893,-36.79317],[148.15933,-36.79303],[148.16048,-36.79304],[148.16065,-36.79295],[148.16085,-36.7925],[148.16136,-36.79221],[148.16171,-36.79225],[148.16204,-36.79246],[148.16378,-36.79239],[148.16308,-36.79347],[148.16309,-36.79403],[148.16348,-36.79462],[148.1639,-36.79479],[148.16432,-36.79476],[148.16554,-36.79389],[148.16634,-36.7938],[148.16696,-36.79299],[148.16818,-36.79249],[148.16823,-36.79263],[148.16922,-36.79264],[148.16997,-36.79292],[148.1705,-36.79387],[148.17116,-36.79395],[148.17145,-36.79439],[148.17128,-36.79463],[148.17213,-36.79517],[148.17311,-36.79552],[148.17352,-36.79581],[148.1747,-36.79605],[148.17613,-36.79674],[148.17698,-36.79698],[148.17757,-36.79697],[148.17893,-36.79654],[148.1793,-36.79631],[148.1796,-36.79633],[148.17984,-36.79663],[148.18026,-36.79784],[148.18084,-36.79856],[148.1809,-36.79901],[148.18058,-36.79992],[148.18067,-36.80079],[148.18152,-36.8013],[148.18172,-36.80166],[148.18182,-36.8026],[148.1817,-36.80308],[148.18209,-36.80374],[148.18184,-36.80438],[148.18247,-36.8049],[148.18306,-36.80484],[148.18351,-36.80459],[148.18603,-36.80442],[148.18668,-36.80412],[148.18739,-36.80344],[148.18839,-36.8029],[148.18888,-36.80225],[148.18967,-36.80163],[148.18993,-36.80107],[148.1904,-36.80049],[148.19067,-36.79979],[148.19167,-36.79841],[148.19206,-36.79832],[148.19322,-36.79722],[148.19495,-36.79625],[148.42494,-36.89006],[148.79838,-37.0409],[149.13454,-37.1752],[149.20615,-37.20362],[149.59209,-37.35568],[149.87621,-37.46642],[149.97619,-37.50516],[149.97637,-37.50493],[149.97678,-37.50508],[149.97729,-37.50459],[149.9774,-37.50408]]}},{"type":"Feature","properties":{"a":"nt","b":"qld"},"geometry":{"type":"LineString","coordinates":[[137.99905,-25.99686],[137.99886,-25.54649],[137.99881,-23.97585],[137.99834,-23.10599],[137.998,-22.7863],[137.99801,-22.61218],[137.99724,-21.4932],[137.99594,-19.23947],[137.99617,-19.0602],[137.99601,-18.80338],[137.99575,-18.65092],[137.99589,-18.61567],[137.99465,-16.53831]]}},{"type":"Feature","properties":{"a":"nt","b":"sa"},"geometry":{"type":"LineString","coordinates":[[129.00057,-25.99861],[136.00174,-25.99853],[137.99905,-25.99686]]}},{"type":"Feature","properties":{"a":"nt","b":"wa"},"geometry":{"type":"LineString","coordinates":[[129.00192,-14.87985],[129.00149,-14.87961],[129.00102,-15.26331],[129.00044,-15.36543],[129.00057,-25.99861]]}},{"type":"Feature","properties":{"a":"qld","b":"sa"},"geometry":{"type":"LineString","coordinates":[[137.99905,-25.99686],[140.99939,-25.99639],[140.99955,-27.87453],[140.99927,-28.9991]]}},{"type":"Feature","properties":{"a":"sa","b":"vic"},"geometry":{"type":"LineString","coordinates":[[140.96497,-38.05601],[140.9658,-38.056],[140.96696,-37.99426],[140.96889,-37.87599],[140.97147,-37.76693],[140.97201,-37.73075],[140.97357,-37.71805],[140.97212,-37.71759],[140.97222,-37.69045],[140.97261,-37.66311],[140.97286,-37.66311],[140.97293,-37.65427],[140.9727,-37.65427],[140.97268,-37.64606],[140.97279,-37.64513],[140.9724,-37.64346],[140.97268,-37.63988],[140.97276,-37.61373],[140.97367,-37.50788],[140.97387,-37.46209],[140.97307,-37.34303],[140.97302,-37.31013],[140.97211,-37.28156],[140.97199,-37.27054],[140.97092,-37.22877],[140.97127,-37.2288],[140.9714,-37.19973],[140.97171,-37.19958],[140.97192,-37.19294],[140.97166,-37.19291],[140.97155,-37.17887],[140.97198,-37.06655],[140.97188,-37.03607],[140.97163,-37.00876],[140.97142,-37.00632],[140.97077,-36.92736],[140.97042,-36.90511],[140.96986,-36.84889],[140.9693,-36.82443],[140.96901,-36.79316],[140.96876,-36.73425],[140.96858,-36.73425],[140.96871,-36.69411],[140.96886,-36.69411],[140.96891,-36.665],[140.96853,-36.55134],[140.9682,-36.55133],[140.96776,-36.44937],[140.96759,-36.37485],[140.96735,-36.37396],[140.96728,-36.36792],[140.96646,-36.25712],[140.96389,-35.99607],[140.9631,-35.74853],[140.96623,-35.38914],[140.96553,-34.92842],[140.96435,-34.43865],[140.96186,-34.09578],[140.96294,-34.09577],[140.96372,-33.99003],[140.96368,-33.98065],[140.9657,-33.98072],[140.96709,-33.98111],[140.9682,-33.98183],[140.96985,-33.98347],[140.97019,-33.98438],[140.97012,-33.9854],[140.96861,-33.98847],[140.96839,-33.98953],[140.96824,-33.99182],[140.96833,-33.99435],[140.96842,-33.99595],[140.96876,-33.99671],[140.96927,-33.99722],[140.97066,-33.99785],[140.97186,-33.99779],[140.97415,-33.99734],[140.97632,-33.99721],[140.97811,-33.99782],[140.97966,-33.99878],[140.98057,-34],[140.98114,-34.0018],[140.98109,-34.00375],[140.98082,-34.00461],[140.98019,-34.0055],[140.97952,-34.00609],[140.97842,-34.00653],[140.97718,-34.00671],[140.97645,-34.00696],[140.97587,-34.00734],[140.97532,-34.00794],[140.97523,-34.0091],[140.97532,-34.00932],[140.97646,-34.00985],[140.98029,-34.0093],[140.98316,-34.00934],[140.98476,-34.00921],[140.98639,-34.00984],[140.98675,-34.01024],[140.98691,-34.01068],[140.98682,-34.01131],[140.98574,-34.0123],[140.98531,-34.01254],[140.98418,-34.01268],[140.9827,-34.01317],[140.9811,-34.01413],[140.98073,-34.01461],[140.98055,-34.0151],[140.98045,-34.01601],[140.9808,-34.01685],[140.98159,-34.01777],[140.98324,-34.01866],[140.98526,-34.02033],[140.98553,-34.02076],[140.98582,-34.02194],[140.98581,-34.02305],[140.98525,-34.02515],[140.98541,-34.02676],[140.9857,-34.02752],[140.98728,-34.02967],[140.989,-34.03126],[140.98977,-34.03171],[140.99079,-34.03187],[140.99191,-34.03182],[140.99288,-34.03147],[140.99344,-34.03106],[140.9945,-34.02943],[140.99453,-34.02844],[140.99425,-34.02755],[140.9942,-34.02609],[140.9943,-34.02441],[140.99468,-34.0229],[140.99527,-34.02179],[140.99606,-34.02091],[140.99762,-34.0199],[140.99842,-34.01965],[140.99945,-34.01965],[141.00014,-34.01986],[141.00061,-34.02008],[141.00296,-34.02189]]}},{"type":"Feature","properties":{"a":"sa","b":"wa"},"geometry":{"type":"LineString","coordinates":[[129.00184,-25.99861],[129.00192,-31.687]]}}]}